rule_label,review_group_rank,source_record_1based,listing_id,assistant_review_label,reason,reviewer,review_method
SALE_HIGH_CONFIDENCE,1,45114,1386543.0,SALE,Lời chào bán hoặc chuyển nhượng rõ; dòng tiền thuê không đổi ý định giao dịch.,assistant,"title, description opening and relevant offer contexts; full descriptions for disputed SALE 22/56/92; unresolved retained ambiguous"
SALE_HIGH_CONFIDENCE,2,9191,1452999.0,SALE,Lời chào bán hoặc chuyển nhượng rõ; dòng tiền thuê không đổi ý định giao dịch.,assistant,"title, description opening and relevant offer contexts; full descriptions for disputed SALE 22/56/92; unresolved retained ambiguous"
SALE_HIGH_CONFIDENCE,3,115007,1468351.0,SALE,Lời chào bán hoặc chuyển nhượng rõ; dòng tiền thuê không đổi ý định giao dịch.,assistant,"title, description opening and relevant offer contexts; full descriptions for disputed SALE 22/56/92; unresolved retained ambiguous"
SALE_HIGH_CONFIDENCE,4,99798,1316142.0,SALE,Lời chào bán hoặc chuyển nhượng rõ; dòng tiền thuê không đổi ý định giao dịch.,assistant,"title, description opening and relevant offer contexts; full descriptions for disputed SALE 22/56/92; unresolved retained ambiguous"
SALE_HIGH_CONFIDENCE,5,90755,1491045.0,SALE,Lời chào bán hoặc chuyển nhượng rõ; dòng tiền thuê không đổi ý định giao dịch.,assistant,"title, description opening and relevant offer contexts; full descriptions for disputed SALE 22/56/92; unresolved retained ambiguous"
SALE_HIGH_CONFIDENCE,6,56274,1347735.0,SALE,Lời chào bán hoặc chuyển nhượng rõ; dòng tiền thuê không đổi ý định giao dịch.,assistant,"title, description opening and relevant offer contexts; full descriptions for disputed SALE 22/56/92; unresolved retained ambiguous"
SALE_HIGH_CONFIDENCE,7,41518,1503717.0,SALE,Lời chào bán hoặc chuyển nhượng rõ; dòng tiền thuê không đổi ý định giao dịch.,assistant,"title, description opening and relevant offer contexts; full descriptions for disputed SALE 22/56/92; unresolved retained ambiguous"
SALE_HIGH_CONFIDENCE,8,233047,1325772.0,SALE,Lời chào bán hoặc chuyển nhượng rõ; dòng tiền thuê không đổi ý định giao dịch.,assistant,"title, description opening and relevant offer contexts; full descriptions for disputed SALE 22/56/92; unresolved retained ambiguous"
SALE_HIGH_CONFIDENCE,9,34948,549655.0,SALE,Lời chào bán hoặc chuyển nhượng rõ; dòng tiền thuê không đổi ý định giao dịch.,assistant,"title, description opening and relevant offer contexts; full descriptions for disputed SALE 22/56/92; unresolved retained ambiguous"
SALE_HIGH_CONFIDENCE,10,181042,1352433.0,SALE,Lời chào bán hoặc chuyển nhượng rõ; dòng tiền thuê không đổi ý định giao dịch.,assistant,"title, description opening and relevant offer contexts; full descriptions for disputed SALE 22/56/92; unresolved retained ambiguous"
SALE_HIGH_CONFIDENCE,11,12082,1401981.0,SALE,Lời chào bán hoặc chuyển nhượng rõ; dòng tiền thuê không đổi ý định giao dịch.,assistant,"title, description opening and relevant offer contexts; full descriptions for disputed SALE 22/56/92; unresolved retained ambiguous"
SALE_HIGH_CONFIDENCE,12,11115,1162555.0,SALE,Lời chào bán hoặc chuyển nhượng rõ; dòng tiền thuê không đổi ý định giao dịch.,assistant,"title, description opening and relevant offer contexts; full descriptions for disputed SALE 22/56/92; unresolved retained ambiguous"
SALE_HIGH_CONFIDENCE,13,37596,1383833.0,SALE,Lời chào bán hoặc chuyển nhượng rõ; dòng tiền thuê không đổi ý định giao dịch.,assistant,"title, description opening and relevant offer contexts; full descriptions for disputed SALE 22/56/92; unresolved retained ambiguous"
SALE_HIGH_CONFIDENCE,14,89137,1186061.0,SALE,Lời chào bán hoặc chuyển nhượng rõ; dòng tiền thuê không đổi ý định giao dịch.,assistant,"title, description opening and relevant offer contexts; full descriptions for disputed SALE 22/56/92; unresolved retained ambiguous"
SALE_HIGH_CONFIDENCE,15,94870,1394386.0,SALE,Lời chào bán hoặc chuyển nhượng rõ; dòng tiền thuê không đổi ý định giao dịch.,assistant,"title, description opening and relevant offer contexts; full descriptions for disputed SALE 22/56/92; unresolved retained ambiguous"
SALE_HIGH_CONFIDENCE,16,215055,1187585.0,SALE,Lời chào bán hoặc chuyển nhượng rõ; dòng tiền thuê không đổi ý định giao dịch.,assistant,"title, description opening and relevant offer contexts; full descriptions for disputed SALE 22/56/92; unresolved retained ambiguous"
SALE_HIGH_CONFIDENCE,17,9892,1436109.0,SALE,Lời chào bán hoặc chuyển nhượng rõ; dòng tiền thuê không đổi ý định giao dịch.,assistant,"title, description opening and relevant offer contexts; full descriptions for disputed SALE 22/56/92; unresolved retained ambiguous"
SALE_HIGH_CONFIDENCE,18,80200,1369767.0,SALE,Lời chào bán hoặc chuyển nhượng rõ; dòng tiền thuê không đổi ý định giao dịch.,assistant,"title, description opening and relevant offer contexts; full descriptions for disputed SALE 22/56/92; unresolved retained ambiguous"
SALE_HIGH_CONFIDENCE,19,232869,1342671.0,SALE,Lời chào bán hoặc chuyển nhượng rõ; dòng tiền thuê không đổi ý định giao dịch.,assistant,"title, description opening and relevant offer contexts; full descriptions for disputed SALE 22/56/92; unresolved retained ambiguous"
SALE_HIGH_CONFIDENCE,20,179427,1380852.0,SALE,Lời chào bán hoặc chuyển nhượng rõ; dòng tiền thuê không đổi ý định giao dịch.,assistant,"title, description opening and relevant offer contexts; full descriptions for disputed SALE 22/56/92; unresolved retained ambiguous"
SALE_HIGH_CONFIDENCE,21,89675,1283741.0,SALE,Lời chào bán hoặc chuyển nhượng rõ; dòng tiền thuê không đổi ý định giao dịch.,assistant,"title, description opening and relevant offer contexts; full descriptions for disputed SALE 22/56/92; unresolved retained ambiguous"
SALE_HIGH_CONFIDENCE,22,194664,1201982.0,AMBIGUOUS,"Chào bán và cho thuê 12 triệu, có điều kiện đặt cọc; không xác nhận sale-only.",assistant,"title, description opening and relevant offer contexts; full descriptions for disputed SALE 22/56/92; unresolved retained ambiguous"
SALE_HIGH_CONFIDENCE,23,116673,1197552.0,SALE,Lời chào bán hoặc chuyển nhượng rõ; dòng tiền thuê không đổi ý định giao dịch.,assistant,"title, description opening and relevant offer contexts; full descriptions for disputed SALE 22/56/92; unresolved retained ambiguous"
SALE_HIGH_CONFIDENCE,24,2384,1353314.0,SALE,Lời chào bán hoặc chuyển nhượng rõ; dòng tiền thuê không đổi ý định giao dịch.,assistant,"title, description opening and relevant offer contexts; full descriptions for disputed SALE 22/56/92; unresolved retained ambiguous"
SALE_HIGH_CONFIDENCE,25,64044,1183329.0,SALE,Lời chào bán hoặc chuyển nhượng rõ; dòng tiền thuê không đổi ý định giao dịch.,assistant,"title, description opening and relevant offer contexts; full descriptions for disputed SALE 22/56/92; unresolved retained ambiguous"
SALE_HIGH_CONFIDENCE,26,181443,1344228.0,SALE,Lời chào bán hoặc chuyển nhượng rõ; dòng tiền thuê không đổi ý định giao dịch.,assistant,"title, description opening and relevant offer contexts; full descriptions for disputed SALE 22/56/92; unresolved retained ambiguous"
SALE_HIGH_CONFIDENCE,27,143718,1366341.0,SALE,Lời chào bán hoặc chuyển nhượng rõ; dòng tiền thuê không đổi ý định giao dịch.,assistant,"title, description opening and relevant offer contexts; full descriptions for disputed SALE 22/56/92; unresolved retained ambiguous"
SALE_HIGH_CONFIDENCE,28,116544,1233276.0,SALE,Lời chào bán hoặc chuyển nhượng rõ; dòng tiền thuê không đổi ý định giao dịch.,assistant,"title, description opening and relevant offer contexts; full descriptions for disputed SALE 22/56/92; unresolved retained ambiguous"
SALE_HIGH_CONFIDENCE,29,62015,1314311.0,SALE,Lời chào bán hoặc chuyển nhượng rõ; dòng tiền thuê không đổi ý định giao dịch.,assistant,"title, description opening and relevant offer contexts; full descriptions for disputed SALE 22/56/92; unresolved retained ambiguous"
SALE_HIGH_CONFIDENCE,30,87494,1219975.0,SALE,Lời chào bán hoặc chuyển nhượng rõ; dòng tiền thuê không đổi ý định giao dịch.,assistant,"title, description opening and relevant offer contexts; full descriptions for disputed SALE 22/56/92; unresolved retained ambiguous"
SALE_HIGH_CONFIDENCE,31,142266,1427468.0,SALE,Lời chào bán hoặc chuyển nhượng rõ; dòng tiền thuê không đổi ý định giao dịch.,assistant,"title, description opening and relevant offer contexts; full descriptions for disputed SALE 22/56/92; unresolved retained ambiguous"
SALE_HIGH_CONFIDENCE,32,41403,1508055.0,SALE,Lời chào bán hoặc chuyển nhượng rõ; dòng tiền thuê không đổi ý định giao dịch.,assistant,"title, description opening and relevant offer contexts; full descriptions for disputed SALE 22/56/92; unresolved retained ambiguous"
SALE_HIGH_CONFIDENCE,33,37278,1372723.0,SALE,Lời chào bán hoặc chuyển nhượng rõ; dòng tiền thuê không đổi ý định giao dịch.,assistant,"title, description opening and relevant offer contexts; full descriptions for disputed SALE 22/56/92; unresolved retained ambiguous"
SALE_HIGH_CONFIDENCE,34,160594,1214492.0,SALE,Lời chào bán hoặc chuyển nhượng rõ; dòng tiền thuê không đổi ý định giao dịch.,assistant,"title, description opening and relevant offer contexts; full descriptions for disputed SALE 22/56/92; unresolved retained ambiguous"
SALE_HIGH_CONFIDENCE,35,38610,1415199.0,SALE,Lời chào bán hoặc chuyển nhượng rõ; dòng tiền thuê không đổi ý định giao dịch.,assistant,"title, description opening and relevant offer contexts; full descriptions for disputed SALE 22/56/92; unresolved retained ambiguous"
SALE_HIGH_CONFIDENCE,36,151974,502771.0,SALE,Lời chào bán hoặc chuyển nhượng rõ; dòng tiền thuê không đổi ý định giao dịch.,assistant,"title, description opening and relevant offer contexts; full descriptions for disputed SALE 22/56/92; unresolved retained ambiguous"
SALE_HIGH_CONFIDENCE,37,145550,1493787.0,SALE,Lời chào bán hoặc chuyển nhượng rõ; dòng tiền thuê không đổi ý định giao dịch.,assistant,"title, description opening and relevant offer contexts; full descriptions for disputed SALE 22/56/92; unresolved retained ambiguous"
SALE_HIGH_CONFIDENCE,38,109436,1370291.0,SALE,Lời chào bán hoặc chuyển nhượng rõ; dòng tiền thuê không đổi ý định giao dịch.,assistant,"title, description opening and relevant offer contexts; full descriptions for disputed SALE 22/56/92; unresolved retained ambiguous"
SALE_HIGH_CONFIDENCE,39,16340,1249234.0,SALE,Lời chào bán hoặc chuyển nhượng rõ; dòng tiền thuê không đổi ý định giao dịch.,assistant,"title, description opening and relevant offer contexts; full descriptions for disputed SALE 22/56/92; unresolved retained ambiguous"
SALE_HIGH_CONFIDENCE,40,198672,1478159.0,SALE,Lời chào bán hoặc chuyển nhượng rõ; dòng tiền thuê không đổi ý định giao dịch.,assistant,"title, description opening and relevant offer contexts; full descriptions for disputed SALE 22/56/92; unresolved retained ambiguous"
SALE_HIGH_CONFIDENCE,41,228808,1361122.0,SALE,Lời chào bán hoặc chuyển nhượng rõ; dòng tiền thuê không đổi ý định giao dịch.,assistant,"title, description opening and relevant offer contexts; full descriptions for disputed SALE 22/56/92; unresolved retained ambiguous"
SALE_HIGH_CONFIDENCE,42,50808,1373794.0,SALE,Lời chào bán hoặc chuyển nhượng rõ; dòng tiền thuê không đổi ý định giao dịch.,assistant,"title, description opening and relevant offer contexts; full descriptions for disputed SALE 22/56/92; unresolved retained ambiguous"
SALE_HIGH_CONFIDENCE,43,159970,1221154.0,SALE,Lời chào bán hoặc chuyển nhượng rõ; dòng tiền thuê không đổi ý định giao dịch.,assistant,"title, description opening and relevant offer contexts; full descriptions for disputed SALE 22/56/92; unresolved retained ambiguous"
SALE_HIGH_CONFIDENCE,44,31856,1413381.0,SALE,Lời chào bán hoặc chuyển nhượng rõ; dòng tiền thuê không đổi ý định giao dịch.,assistant,"title, description opening and relevant offer contexts; full descriptions for disputed SALE 22/56/92; unresolved retained ambiguous"
SALE_HIGH_CONFIDENCE,45,235930,1313070.0,SALE,Lời chào bán hoặc chuyển nhượng rõ; dòng tiền thuê không đổi ý định giao dịch.,assistant,"title, description opening and relevant offer contexts; full descriptions for disputed SALE 22/56/92; unresolved retained ambiguous"
SALE_HIGH_CONFIDENCE,46,123770,1509204.0,SALE,Lời chào bán hoặc chuyển nhượng rõ; dòng tiền thuê không đổi ý định giao dịch.,assistant,"title, description opening and relevant offer contexts; full descriptions for disputed SALE 22/56/92; unresolved retained ambiguous"
SALE_HIGH_CONFIDENCE,47,153436,1422079.0,SALE,Lời chào bán hoặc chuyển nhượng rõ; dòng tiền thuê không đổi ý định giao dịch.,assistant,"title, description opening and relevant offer contexts; full descriptions for disputed SALE 22/56/92; unresolved retained ambiguous"
SALE_HIGH_CONFIDENCE,48,77357,1073198.0,SALE,Lời chào bán hoặc chuyển nhượng rõ; dòng tiền thuê không đổi ý định giao dịch.,assistant,"title, description opening and relevant offer contexts; full descriptions for disputed SALE 22/56/92; unresolved retained ambiguous"
SALE_HIGH_CONFIDENCE,49,28512,1282972.0,SALE,Lời chào bán hoặc chuyển nhượng rõ; dòng tiền thuê không đổi ý định giao dịch.,assistant,"title, description opening and relevant offer contexts; full descriptions for disputed SALE 22/56/92; unresolved retained ambiguous"
SALE_HIGH_CONFIDENCE,50,17023,1372588.0,SALE,Lời chào bán hoặc chuyển nhượng rõ; dòng tiền thuê không đổi ý định giao dịch.,assistant,"title, description opening and relevant offer contexts; full descriptions for disputed SALE 22/56/92; unresolved retained ambiguous"
SALE_HIGH_CONFIDENCE,51,92840,1386313.0,SALE,Lời chào bán hoặc chuyển nhượng rõ; dòng tiền thuê không đổi ý định giao dịch.,assistant,"title, description opening and relevant offer contexts; full descriptions for disputed SALE 22/56/92; unresolved retained ambiguous"
SALE_HIGH_CONFIDENCE,52,122008,1330304.0,SALE,Lời chào bán hoặc chuyển nhượng rõ; dòng tiền thuê không đổi ý định giao dịch.,assistant,"title, description opening and relevant offer contexts; full descriptions for disputed SALE 22/56/92; unresolved retained ambiguous"
SALE_HIGH_CONFIDENCE,53,32166,1410833.0,SALE,Lời chào bán hoặc chuyển nhượng rõ; dòng tiền thuê không đổi ý định giao dịch.,assistant,"title, description opening and relevant offer contexts; full descriptions for disputed SALE 22/56/92; unresolved retained ambiguous"
SALE_HIGH_CONFIDENCE,54,94904,1391087.0,SALE,Lời chào bán hoặc chuyển nhượng rõ; dòng tiền thuê không đổi ý định giao dịch.,assistant,"title, description opening and relevant offer contexts; full descriptions for disputed SALE 22/56/92; unresolved retained ambiguous"
SALE_HIGH_CONFIDENCE,55,40892,1219017.0,SALE,Lời chào bán hoặc chuyển nhượng rõ; dòng tiền thuê không đổi ý định giao dịch.,assistant,"title, description opening and relevant offer contexts; full descriptions for disputed SALE 22/56/92; unresolved retained ambiguous"
SALE_HIGH_CONFIDENCE,56,160704,1380950.0,AMBIGUOUS,Có giá bán và cho thuê 15 triệu/tháng; không ghi rõ hợp đồng thuê đang tồn tại.,assistant,"title, description opening and relevant offer contexts; full descriptions for disputed SALE 22/56/92; unresolved retained ambiguous"
SALE_HIGH_CONFIDENCE,57,116607,773012.0,SALE,Lời chào bán hoặc chuyển nhượng rõ; dòng tiền thuê không đổi ý định giao dịch.,assistant,"title, description opening and relevant offer contexts; full descriptions for disputed SALE 22/56/92; unresolved retained ambiguous"
SALE_HIGH_CONFIDENCE,58,196407,1275600.0,SALE,Lời chào bán hoặc chuyển nhượng rõ; dòng tiền thuê không đổi ý định giao dịch.,assistant,"title, description opening and relevant offer contexts; full descriptions for disputed SALE 22/56/92; unresolved retained ambiguous"
SALE_HIGH_CONFIDENCE,59,154535,1439922.0,SALE,Lời chào bán hoặc chuyển nhượng rõ; dòng tiền thuê không đổi ý định giao dịch.,assistant,"title, description opening and relevant offer contexts; full descriptions for disputed SALE 22/56/92; unresolved retained ambiguous"
SALE_HIGH_CONFIDENCE,60,64979,1263749.0,SALE,Lời chào bán hoặc chuyển nhượng rõ; dòng tiền thuê không đổi ý định giao dịch.,assistant,"title, description opening and relevant offer contexts; full descriptions for disputed SALE 22/56/92; unresolved retained ambiguous"
SALE_HIGH_CONFIDENCE,61,156400,1410914.0,SALE,Lời chào bán hoặc chuyển nhượng rõ; dòng tiền thuê không đổi ý định giao dịch.,assistant,"title, description opening and relevant offer contexts; full descriptions for disputed SALE 22/56/92; unresolved retained ambiguous"
SALE_HIGH_CONFIDENCE,62,150302,1305308.0,SALE,Lời chào bán hoặc chuyển nhượng rõ; dòng tiền thuê không đổi ý định giao dịch.,assistant,"title, description opening and relevant offer contexts; full descriptions for disputed SALE 22/56/92; unresolved retained ambiguous"
SALE_HIGH_CONFIDENCE,63,85116,1253323.0,SALE,Lời chào bán hoặc chuyển nhượng rõ; dòng tiền thuê không đổi ý định giao dịch.,assistant,"title, description opening and relevant offer contexts; full descriptions for disputed SALE 22/56/92; unresolved retained ambiguous"
SALE_HIGH_CONFIDENCE,64,110544,1325628.0,SALE,Lời chào bán hoặc chuyển nhượng rõ; dòng tiền thuê không đổi ý định giao dịch.,assistant,"title, description opening and relevant offer contexts; full descriptions for disputed SALE 22/56/92; unresolved retained ambiguous"
SALE_HIGH_CONFIDENCE,65,29323,1301739.0,SALE,Lời chào bán hoặc chuyển nhượng rõ; dòng tiền thuê không đổi ý định giao dịch.,assistant,"title, description opening and relevant offer contexts; full descriptions for disputed SALE 22/56/92; unresolved retained ambiguous"
SALE_HIGH_CONFIDENCE,66,68303,1391106.0,SALE,Lời chào bán hoặc chuyển nhượng rõ; dòng tiền thuê không đổi ý định giao dịch.,assistant,"title, description opening and relevant offer contexts; full descriptions for disputed SALE 22/56/92; unresolved retained ambiguous"
SALE_HIGH_CONFIDENCE,67,227874,1357443.0,SALE,Lời chào bán hoặc chuyển nhượng rõ; dòng tiền thuê không đổi ý định giao dịch.,assistant,"title, description opening and relevant offer contexts; full descriptions for disputed SALE 22/56/92; unresolved retained ambiguous"
SALE_HIGH_CONFIDENCE,68,99758,1317055.0,SALE,Lời chào bán hoặc chuyển nhượng rõ; dòng tiền thuê không đổi ý định giao dịch.,assistant,"title, description opening and relevant offer contexts; full descriptions for disputed SALE 22/56/92; unresolved retained ambiguous"
SALE_HIGH_CONFIDENCE,69,65190,1239980.0,SALE,Lời chào bán hoặc chuyển nhượng rõ; dòng tiền thuê không đổi ý định giao dịch.,assistant,"title, description opening and relevant offer contexts; full descriptions for disputed SALE 22/56/92; unresolved retained ambiguous"
SALE_HIGH_CONFIDENCE,70,199484,1394366.0,SALE,Lời chào bán hoặc chuyển nhượng rõ; dòng tiền thuê không đổi ý định giao dịch.,assistant,"title, description opening and relevant offer contexts; full descriptions for disputed SALE 22/56/92; unresolved retained ambiguous"
SALE_HIGH_CONFIDENCE,71,160395,1266361.0,SALE,Lời chào bán hoặc chuyển nhượng rõ; dòng tiền thuê không đổi ý định giao dịch.,assistant,"title, description opening and relevant offer contexts; full descriptions for disputed SALE 22/56/92; unresolved retained ambiguous"
SALE_HIGH_CONFIDENCE,72,111908,1297189.0,SALE,Lời chào bán hoặc chuyển nhượng rõ; dòng tiền thuê không đổi ý định giao dịch.,assistant,"title, description opening and relevant offer contexts; full descriptions for disputed SALE 22/56/92; unresolved retained ambiguous"
SALE_HIGH_CONFIDENCE,73,89451,1414298.0,SALE,Lời chào bán hoặc chuyển nhượng rõ; dòng tiền thuê không đổi ý định giao dịch.,assistant,"title, description opening and relevant offer contexts; full descriptions for disputed SALE 22/56/92; unresolved retained ambiguous"
SALE_HIGH_CONFIDENCE,74,137058,1393276.0,SALE,Lời chào bán hoặc chuyển nhượng rõ; dòng tiền thuê không đổi ý định giao dịch.,assistant,"title, description opening and relevant offer contexts; full descriptions for disputed SALE 22/56/92; unresolved retained ambiguous"
SALE_HIGH_CONFIDENCE,75,20780,1345675.0,SALE,Lời chào bán hoặc chuyển nhượng rõ; dòng tiền thuê không đổi ý định giao dịch.,assistant,"title, description opening and relevant offer contexts; full descriptions for disputed SALE 22/56/92; unresolved retained ambiguous"
SALE_HIGH_CONFIDENCE,76,93339,1455206.0,SALE,Lời chào bán hoặc chuyển nhượng rõ; dòng tiền thuê không đổi ý định giao dịch.,assistant,"title, description opening and relevant offer contexts; full descriptions for disputed SALE 22/56/92; unresolved retained ambiguous"
SALE_HIGH_CONFIDENCE,77,12228,1354473.0,SALE,Lời chào bán hoặc chuyển nhượng rõ; dòng tiền thuê không đổi ý định giao dịch.,assistant,"title, description opening and relevant offer contexts; full descriptions for disputed SALE 22/56/92; unresolved retained ambiguous"
SALE_HIGH_CONFIDENCE,78,133837,1155689.0,SALE,Lời chào bán hoặc chuyển nhượng rõ; dòng tiền thuê không đổi ý định giao dịch.,assistant,"title, description opening and relevant offer contexts; full descriptions for disputed SALE 22/56/92; unresolved retained ambiguous"
SALE_HIGH_CONFIDENCE,79,170318,1479667.0,SALE,Lời chào bán hoặc chuyển nhượng rõ; dòng tiền thuê không đổi ý định giao dịch.,assistant,"title, description opening and relevant offer contexts; full descriptions for disputed SALE 22/56/92; unresolved retained ambiguous"
SALE_HIGH_CONFIDENCE,80,110896,1307432.0,SALE,Lời chào bán hoặc chuyển nhượng rõ; dòng tiền thuê không đổi ý định giao dịch.,assistant,"title, description opening and relevant offer contexts; full descriptions for disputed SALE 22/56/92; unresolved retained ambiguous"
SALE_HIGH_CONFIDENCE,81,25177,1188519.0,SALE,Lời chào bán hoặc chuyển nhượng rõ; dòng tiền thuê không đổi ý định giao dịch.,assistant,"title, description opening and relevant offer contexts; full descriptions for disputed SALE 22/56/92; unresolved retained ambiguous"
SALE_HIGH_CONFIDENCE,82,85557,1058329.0,SALE,Lời chào bán hoặc chuyển nhượng rõ; dòng tiền thuê không đổi ý định giao dịch.,assistant,"title, description opening and relevant offer contexts; full descriptions for disputed SALE 22/56/92; unresolved retained ambiguous"
SALE_HIGH_CONFIDENCE,83,133330,542906.0,SALE,Lời chào bán hoặc chuyển nhượng rõ; dòng tiền thuê không đổi ý định giao dịch.,assistant,"title, description opening and relevant offer contexts; full descriptions for disputed SALE 22/56/92; unresolved retained ambiguous"
SALE_HIGH_CONFIDENCE,84,86225,1241940.0,SALE,Lời chào bán hoặc chuyển nhượng rõ; dòng tiền thuê không đổi ý định giao dịch.,assistant,"title, description opening and relevant offer contexts; full descriptions for disputed SALE 22/56/92; unresolved retained ambiguous"
SALE_HIGH_CONFIDENCE,85,213353,1290734.0,SALE,Lời chào bán hoặc chuyển nhượng rõ; dòng tiền thuê không đổi ý định giao dịch.,assistant,"title, description opening and relevant offer contexts; full descriptions for disputed SALE 22/56/92; unresolved retained ambiguous"
SALE_HIGH_CONFIDENCE,86,167140,1383030.0,SALE,Lời chào bán hoặc chuyển nhượng rõ; dòng tiền thuê không đổi ý định giao dịch.,assistant,"title, description opening and relevant offer contexts; full descriptions for disputed SALE 22/56/92; unresolved retained ambiguous"
SALE_HIGH_CONFIDENCE,87,198451,1119306.0,SALE,Lời chào bán hoặc chuyển nhượng rõ; dòng tiền thuê không đổi ý định giao dịch.,assistant,"title, description opening and relevant offer contexts; full descriptions for disputed SALE 22/56/92; unresolved retained ambiguous"
SALE_HIGH_CONFIDENCE,88,57657,1321125.0,SALE,Lời chào bán hoặc chuyển nhượng rõ; dòng tiền thuê không đổi ý định giao dịch.,assistant,"title, description opening and relevant offer contexts; full descriptions for disputed SALE 22/56/92; unresolved retained ambiguous"
SALE_HIGH_CONFIDENCE,89,109628,1368193.0,SALE,Lời chào bán hoặc chuyển nhượng rõ; dòng tiền thuê không đổi ý định giao dịch.,assistant,"title, description opening and relevant offer contexts; full descriptions for disputed SALE 22/56/92; unresolved retained ambiguous"
SALE_HIGH_CONFIDENCE,90,56322,1339978.0,SALE,Lời chào bán hoặc chuyển nhượng rõ; dòng tiền thuê không đổi ý định giao dịch.,assistant,"title, description opening and relevant offer contexts; full descriptions for disputed SALE 22/56/92; unresolved retained ambiguous"
SALE_HIGH_CONFIDENCE,91,100563,1295775.0,SALE,Lời chào bán hoặc chuyển nhượng rõ; dòng tiền thuê không đổi ý định giao dịch.,assistant,"title, description opening and relevant offer contexts; full descriptions for disputed SALE 22/56/92; unresolved retained ambiguous"
SALE_HIGH_CONFIDENCE,92,230189,1325310.0,AMBIGUOUS,"Tiêu đề bán; mô tả ghi giá thuê 3,9 tỷ. Không tự sửa lỗi chữ.",assistant,"title, description opening and relevant offer contexts; full descriptions for disputed SALE 22/56/92; unresolved retained ambiguous"
SALE_HIGH_CONFIDENCE,93,108581,1381536.0,SALE,Lời chào bán hoặc chuyển nhượng rõ; dòng tiền thuê không đổi ý định giao dịch.,assistant,"title, description opening and relevant offer contexts; full descriptions for disputed SALE 22/56/92; unresolved retained ambiguous"
SALE_HIGH_CONFIDENCE,94,185054,1308548.0,SALE,Lời chào bán hoặc chuyển nhượng rõ; dòng tiền thuê không đổi ý định giao dịch.,assistant,"title, description opening and relevant offer contexts; full descriptions for disputed SALE 22/56/92; unresolved retained ambiguous"
SALE_HIGH_CONFIDENCE,95,169417,1498240.0,SALE,Lời chào bán hoặc chuyển nhượng rõ; dòng tiền thuê không đổi ý định giao dịch.,assistant,"title, description opening and relevant offer contexts; full descriptions for disputed SALE 22/56/92; unresolved retained ambiguous"
SALE_HIGH_CONFIDENCE,96,153653,1304316.0,SALE,Lời chào bán hoặc chuyển nhượng rõ; dòng tiền thuê không đổi ý định giao dịch.,assistant,"title, description opening and relevant offer contexts; full descriptions for disputed SALE 22/56/92; unresolved retained ambiguous"
SALE_HIGH_CONFIDENCE,97,89374,1457452.0,SALE,Lời chào bán hoặc chuyển nhượng rõ; dòng tiền thuê không đổi ý định giao dịch.,assistant,"title, description opening and relevant offer contexts; full descriptions for disputed SALE 22/56/92; unresolved retained ambiguous"
SALE_HIGH_CONFIDENCE,98,55729,1399587.0,SALE,Lời chào bán hoặc chuyển nhượng rõ; dòng tiền thuê không đổi ý định giao dịch.,assistant,"title, description opening and relevant offer contexts; full descriptions for disputed SALE 22/56/92; unresolved retained ambiguous"
SALE_HIGH_CONFIDENCE,99,216690,1386868.0,SALE,Lời chào bán hoặc chuyển nhượng rõ; dòng tiền thuê không đổi ý định giao dịch.,assistant,"title, description opening and relevant offer contexts; full descriptions for disputed SALE 22/56/92; unresolved retained ambiguous"
SALE_HIGH_CONFIDENCE,100,211055,345308.0,SALE,Lời chào bán hoặc chuyển nhượng rõ; dòng tiền thuê không đổi ý định giao dịch.,assistant,"title, description opening and relevant offer contexts; full descriptions for disputed SALE 22/56/92; unresolved retained ambiguous"
RENT_HIGH_CONFIDENCE,1,28749,1291736.0,RENT,Chào thuê trực tiếp; mô tả hoặc giá theo tháng hỗ trợ ý định thuê.,assistant,"title, description opening and relevant offer contexts; full descriptions for disputed SALE 22/56/92; unresolved retained ambiguous"
RENT_HIGH_CONFIDENCE,2,9203,1312431.0,RENT,Chào thuê trực tiếp; mô tả hoặc giá theo tháng hỗ trợ ý định thuê.,assistant,"title, description opening and relevant offer contexts; full descriptions for disputed SALE 22/56/92; unresolved retained ambiguous"
RENT_HIGH_CONFIDENCE,3,123807,1505454.0,RENT,Chào thuê trực tiếp; mô tả hoặc giá theo tháng hỗ trợ ý định thuê.,assistant,"title, description opening and relevant offer contexts; full descriptions for disputed SALE 22/56/92; unresolved retained ambiguous"
RENT_HIGH_CONFIDENCE,4,29354,1261874.0,RENT,Chào thuê trực tiếp; mô tả hoặc giá theo tháng hỗ trợ ý định thuê.,assistant,"title, description opening and relevant offer contexts; full descriptions for disputed SALE 22/56/92; unresolved retained ambiguous"
RENT_HIGH_CONFIDENCE,5,29268,1312145.0,RENT,Chào thuê trực tiếp; mô tả hoặc giá theo tháng hỗ trợ ý định thuê.,assistant,"title, description opening and relevant offer contexts; full descriptions for disputed SALE 22/56/92; unresolved retained ambiguous"
RENT_HIGH_CONFIDENCE,6,235478,1349719.0,RENT,Chào thuê trực tiếp; mô tả hoặc giá theo tháng hỗ trợ ý định thuê.,assistant,"title, description opening and relevant offer contexts; full descriptions for disputed SALE 22/56/92; unresolved retained ambiguous"
RENT_HIGH_CONFIDENCE,7,28715,1287932.0,RENT,Chào thuê trực tiếp; mô tả hoặc giá theo tháng hỗ trợ ý định thuê.,assistant,"title, description opening and relevant offer contexts; full descriptions for disputed SALE 22/56/92; unresolved retained ambiguous"
RENT_HIGH_CONFIDENCE,8,232636,1395726.0,RENT,Chào thuê trực tiếp; mô tả hoặc giá theo tháng hỗ trợ ý định thuê.,assistant,"title, description opening and relevant offer contexts; full descriptions for disputed SALE 22/56/92; unresolved retained ambiguous"
RENT_HIGH_CONFIDENCE,9,11256,1507007.0,RENT,Chào thuê trực tiếp; mô tả hoặc giá theo tháng hỗ trợ ý định thuê.,assistant,"title, description opening and relevant offer contexts; full descriptions for disputed SALE 22/56/92; unresolved retained ambiguous"
RENT_HIGH_CONFIDENCE,10,121501,1506099.0,RENT,Chào thuê trực tiếp; mô tả hoặc giá theo tháng hỗ trợ ý định thuê.,assistant,"title, description opening and relevant offer contexts; full descriptions for disputed SALE 22/56/92; unresolved retained ambiguous"
RENT_HIGH_CONFIDENCE,11,222891,1510434.0,RENT,Chào thuê trực tiếp; mô tả hoặc giá theo tháng hỗ trợ ý định thuê.,assistant,"title, description opening and relevant offer contexts; full descriptions for disputed SALE 22/56/92; unresolved retained ambiguous"
RENT_HIGH_CONFIDENCE,12,168354,1508238.0,RENT,Chào thuê trực tiếp; mô tả hoặc giá theo tháng hỗ trợ ý định thuê.,assistant,"title, description opening and relevant offer contexts; full descriptions for disputed SALE 22/56/92; unresolved retained ambiguous"
RENT_HIGH_CONFIDENCE,13,60610,1194005.0,RENT,Chào thuê trực tiếp; mô tả hoặc giá theo tháng hỗ trợ ý định thuê.,assistant,"title, description opening and relevant offer contexts; full descriptions for disputed SALE 22/56/92; unresolved retained ambiguous"
RENT_HIGH_CONFIDENCE,14,11250,1505076.0,RENT,Chào thuê trực tiếp; mô tả hoặc giá theo tháng hỗ trợ ý định thuê.,assistant,"title, description opening and relevant offer contexts; full descriptions for disputed SALE 22/56/92; unresolved retained ambiguous"
RENT_HIGH_CONFIDENCE,15,60621,1190092.0,RENT,Chào thuê trực tiếp; mô tả hoặc giá theo tháng hỗ trợ ý định thuê.,assistant,"title, description opening and relevant offer contexts; full descriptions for disputed SALE 22/56/92; unresolved retained ambiguous"
RENT_HIGH_CONFIDENCE,16,34107,1279205.0,RENT,Chào thuê trực tiếp; mô tả hoặc giá theo tháng hỗ trợ ý định thuê.,assistant,"title, description opening and relevant offer contexts; full descriptions for disputed SALE 22/56/92; unresolved retained ambiguous"
RENT_HIGH_CONFIDENCE,17,9171,1454070.0,RENT,Chào thuê trực tiếp; mô tả hoặc giá theo tháng hỗ trợ ý định thuê.,assistant,"title, description opening and relevant offer contexts; full descriptions for disputed SALE 22/56/92; unresolved retained ambiguous"
RENT_HIGH_CONFIDENCE,18,7582,1311811.0,RENT,Chào thuê trực tiếp; mô tả hoặc giá theo tháng hỗ trợ ý định thuê.,assistant,"title, description opening and relevant offer contexts; full descriptions for disputed SALE 22/56/92; unresolved retained ambiguous"
RENT_HIGH_CONFIDENCE,19,168399,1507833.0,RENT,Chào thuê trực tiếp; mô tả hoặc giá theo tháng hỗ trợ ý định thuê.,assistant,"title, description opening and relevant offer contexts; full descriptions for disputed SALE 22/56/92; unresolved retained ambiguous"
RENT_HIGH_CONFIDENCE,20,28746,1278535.0,RENT,Chào thuê trực tiếp; mô tả hoặc giá theo tháng hỗ trợ ý định thuê.,assistant,"title, description opening and relevant offer contexts; full descriptions for disputed SALE 22/56/92; unresolved retained ambiguous"
RENT_HIGH_CONFIDENCE,21,29190,1307805.0,AMBIGUOUS,Có giá thuê và chuyển nhượng 130 tỷ.,assistant,"title, description opening and relevant offer contexts; full descriptions for disputed SALE 22/56/92; unresolved retained ambiguous"
RENT_HIGH_CONFIDENCE,22,60062,1277411.0,RENT,Chào thuê trực tiếp; mô tả hoặc giá theo tháng hỗ trợ ý định thuê.,assistant,"title, description opening and relevant offer contexts; full descriptions for disputed SALE 22/56/92; unresolved retained ambiguous"
RENT_HIGH_CONFIDENCE,23,68581,1311180.0,RENT,Chào thuê trực tiếp; mô tả hoặc giá theo tháng hỗ trợ ý định thuê.,assistant,"title, description opening and relevant offer contexts; full descriptions for disputed SALE 22/56/92; unresolved retained ambiguous"
RENT_HIGH_CONFIDENCE,24,168307,1508688.0,RENT,Chào thuê trực tiếp; mô tả hoặc giá theo tháng hỗ trợ ý định thuê.,assistant,"title, description opening and relevant offer contexts; full descriptions for disputed SALE 22/56/92; unresolved retained ambiguous"
RENT_HIGH_CONFIDENCE,25,60615,1196357.0,RENT,Chào thuê trực tiếp; mô tả hoặc giá theo tháng hỗ trợ ý định thuê.,assistant,"title, description opening and relevant offer contexts; full descriptions for disputed SALE 22/56/92; unresolved retained ambiguous"
RENT_HIGH_CONFIDENCE,26,28741,1284110.0,RENT,Chào thuê trực tiếp; mô tả hoặc giá theo tháng hỗ trợ ý định thuê.,assistant,"title, description opening and relevant offer contexts; full descriptions for disputed SALE 22/56/92; unresolved retained ambiguous"
RENT_HIGH_CONFIDENCE,27,123779,1508985.0,RENT,Chào thuê trực tiếp; mô tả hoặc giá theo tháng hỗ trợ ý định thuê.,assistant,"title, description opening and relevant offer contexts; full descriptions for disputed SALE 22/56/92; unresolved retained ambiguous"
RENT_HIGH_CONFIDENCE,28,116105,1509332.0,RENT,Chào thuê trực tiếp; mô tả hoặc giá theo tháng hỗ trợ ý định thuê.,assistant,"title, description opening and relevant offer contexts; full descriptions for disputed SALE 22/56/92; unresolved retained ambiguous"
RENT_HIGH_CONFIDENCE,29,123413,1310333.0,RENT,Chào thuê trực tiếp; mô tả hoặc giá theo tháng hỗ trợ ý định thuê.,assistant,"title, description opening and relevant offer contexts; full descriptions for disputed SALE 22/56/92; unresolved retained ambiguous"
RENT_HIGH_CONFIDENCE,30,168455,1507381.0,RENT,Chào thuê trực tiếp; mô tả hoặc giá theo tháng hỗ trợ ý định thuê.,assistant,"title, description opening and relevant offer contexts; full descriptions for disputed SALE 22/56/92; unresolved retained ambiguous"
RENT_HIGH_CONFIDENCE,31,34087,1268111.0,RENT,Chào thuê trực tiếp; mô tả hoặc giá theo tháng hỗ trợ ý định thuê.,assistant,"title, description opening and relevant offer contexts; full descriptions for disputed SALE 22/56/92; unresolved retained ambiguous"
RENT_HIGH_CONFIDENCE,32,229433,1344868.0,AMBIGUOUS,"Tiêu đề cho thuê, giá theo tỷ; mô tả có căn cần bán.",assistant,"title, description opening and relevant offer contexts; full descriptions for disputed SALE 22/56/92; unresolved retained ambiguous"
RENT_HIGH_CONFIDENCE,33,34116,1266970.0,RENT,Chào thuê trực tiếp; mô tả hoặc giá theo tháng hỗ trợ ý định thuê.,assistant,"title, description opening and relevant offer contexts; full descriptions for disputed SALE 22/56/92; unresolved retained ambiguous"
RENT_HIGH_CONFIDENCE,34,168530,1506896.0,RENT,Chào thuê trực tiếp; mô tả hoặc giá theo tháng hỗ trợ ý định thuê.,assistant,"title, description opening and relevant offer contexts; full descriptions for disputed SALE 22/56/92; unresolved retained ambiguous"
RENT_HIGH_CONFIDENCE,35,231890,1349982.0,RENT,Chào thuê trực tiếp; mô tả hoặc giá theo tháng hỗ trợ ý định thuê.,assistant,"title, description opening and relevant offer contexts; full descriptions for disputed SALE 22/56/92; unresolved retained ambiguous"
RENT_HIGH_CONFIDENCE,36,6828,1197147.0,RENT,Chào thuê trực tiếp; mô tả hoặc giá theo tháng hỗ trợ ý định thuê.,assistant,"title, description opening and relevant offer contexts; full descriptions for disputed SALE 22/56/92; unresolved retained ambiguous"
RENT_HIGH_CONFIDENCE,37,28731,1263671.0,RENT,Chào thuê trực tiếp; mô tả hoặc giá theo tháng hỗ trợ ý định thuê.,assistant,"title, description opening and relevant offer contexts; full descriptions for disputed SALE 22/56/92; unresolved retained ambiguous"
RENT_HIGH_CONFIDENCE,38,145805,1215830.0,RENT,Chào thuê trực tiếp; mô tả hoặc giá theo tháng hỗ trợ ý định thuê.,assistant,"title, description opening and relevant offer contexts; full descriptions for disputed SALE 22/56/92; unresolved retained ambiguous"
RENT_HIGH_CONFIDENCE,39,168347,1508247.0,RENT,Chào thuê trực tiếp; mô tả hoặc giá theo tháng hỗ trợ ý định thuê.,assistant,"title, description opening and relevant offer contexts; full descriptions for disputed SALE 22/56/92; unresolved retained ambiguous"
RENT_HIGH_CONFIDENCE,40,29388,1218425.0,RENT,Chào thuê trực tiếp; mô tả hoặc giá theo tháng hỗ trợ ý định thuê.,assistant,"title, description opening and relevant offer contexts; full descriptions for disputed SALE 22/56/92; unresolved retained ambiguous"
RENT_HIGH_CONFIDENCE,41,168544,1506756.0,RENT,Chào thuê trực tiếp; mô tả hoặc giá theo tháng hỗ trợ ý định thuê.,assistant,"title, description opening and relevant offer contexts; full descriptions for disputed SALE 22/56/92; unresolved retained ambiguous"
RENT_HIGH_CONFIDENCE,42,28722,1287939.0,RENT,Chào thuê trực tiếp; mô tả hoặc giá theo tháng hỗ trợ ý định thuê.,assistant,"title, description opening and relevant offer contexts; full descriptions for disputed SALE 22/56/92; unresolved retained ambiguous"
RENT_HIGH_CONFIDENCE,43,168189,1509828.0,RENT,Chào thuê trực tiếp; mô tả hoặc giá theo tháng hỗ trợ ý định thuê.,assistant,"title, description opening and relevant offer contexts; full descriptions for disputed SALE 22/56/92; unresolved retained ambiguous"
RENT_HIGH_CONFIDENCE,44,145807,1215827.0,RENT,Chào thuê trực tiếp; mô tả hoặc giá theo tháng hỗ trợ ý định thuê.,assistant,"title, description opening and relevant offer contexts; full descriptions for disputed SALE 22/56/92; unresolved retained ambiguous"
RENT_HIGH_CONFIDENCE,45,168830,1504107.0,RENT,Chào thuê trực tiếp; mô tả hoặc giá theo tháng hỗ trợ ý định thuê.,assistant,"title, description opening and relevant offer contexts; full descriptions for disputed SALE 22/56/92; unresolved retained ambiguous"
RENT_HIGH_CONFIDENCE,46,168192,1509832.0,RENT,Chào thuê trực tiếp; mô tả hoặc giá theo tháng hỗ trợ ý định thuê.,assistant,"title, description opening and relevant offer contexts; full descriptions for disputed SALE 22/56/92; unresolved retained ambiguous"
RENT_HIGH_CONFIDENCE,47,34074,1273424.0,RENT,Chào thuê trực tiếp; mô tả hoặc giá theo tháng hỗ trợ ý định thuê.,assistant,"title, description opening and relevant offer contexts; full descriptions for disputed SALE 22/56/92; unresolved retained ambiguous"
RENT_HIGH_CONFIDENCE,48,11254,1506031.0,RENT,Chào thuê trực tiếp; mô tả hoặc giá theo tháng hỗ trợ ý định thuê.,assistant,"title, description opening and relevant offer contexts; full descriptions for disputed SALE 22/56/92; unresolved retained ambiguous"
RENT_HIGH_CONFIDENCE,49,29401,1223309.0,RENT,Chào thuê trực tiếp; mô tả hoặc giá theo tháng hỗ trợ ý định thuê.,assistant,"title, description opening and relevant offer contexts; full descriptions for disputed SALE 22/56/92; unresolved retained ambiguous"
RENT_HIGH_CONFIDENCE,50,29393,1218794.0,RENT,Chào thuê trực tiếp; mô tả hoặc giá theo tháng hỗ trợ ý định thuê.,assistant,"title, description opening and relevant offer contexts; full descriptions for disputed SALE 22/56/92; unresolved retained ambiguous"
RENT_HIGH_CONFIDENCE,51,158028,1198497.0,RENT,Chào thuê trực tiếp; mô tả hoặc giá theo tháng hỗ trợ ý định thuê.,assistant,"title, description opening and relevant offer contexts; full descriptions for disputed SALE 22/56/92; unresolved retained ambiguous"
RENT_HIGH_CONFIDENCE,52,29348,1292390.0,RENT,Chào thuê trực tiếp; mô tả hoặc giá theo tháng hỗ trợ ý định thuê.,assistant,"title, description opening and relevant offer contexts; full descriptions for disputed SALE 22/56/92; unresolved retained ambiguous"
RENT_HIGH_CONFIDENCE,53,9180,1454057.0,RENT,Chào thuê trực tiếp; mô tả hoặc giá theo tháng hỗ trợ ý định thuê.,assistant,"title, description opening and relevant offer contexts; full descriptions for disputed SALE 22/56/92; unresolved retained ambiguous"
RENT_HIGH_CONFIDENCE,54,34120,1216610.0,RENT,Chào thuê trực tiếp; mô tả hoặc giá theo tháng hỗ trợ ý định thuê.,assistant,"title, description opening and relevant offer contexts; full descriptions for disputed SALE 22/56/92; unresolved retained ambiguous"
RENT_HIGH_CONFIDENCE,55,60604,1194000.0,RENT,Chào thuê trực tiếp; mô tả hoặc giá theo tháng hỗ trợ ý định thuê.,assistant,"title, description opening and relevant offer contexts; full descriptions for disputed SALE 22/56/92; unresolved retained ambiguous"
RENT_HIGH_CONFIDENCE,56,27421,1306736.0,AMBIGUOUS,Mô tả CHO THUÊ / BÁN cùng căn hộ.,assistant,"title, description opening and relevant offer contexts; full descriptions for disputed SALE 22/56/92; unresolved retained ambiguous"
RENT_HIGH_CONFIDENCE,57,116054,1310579.0,RENT,Chào thuê trực tiếp; mô tả hoặc giá theo tháng hỗ trợ ý định thuê.,assistant,"title, description opening and relevant offer contexts; full descriptions for disputed SALE 22/56/92; unresolved retained ambiguous"
RENT_HIGH_CONFIDENCE,58,11222,1509255.0,RENT,Chào thuê trực tiếp; mô tả hoặc giá theo tháng hỗ trợ ý định thuê.,assistant,"title, description opening and relevant offer contexts; full descriptions for disputed SALE 22/56/92; unresolved retained ambiguous"
RENT_HIGH_CONFIDENCE,59,60614,1191490.0,RENT,Chào thuê trực tiếp; mô tả hoặc giá theo tháng hỗ trợ ý định thuê.,assistant,"title, description opening and relevant offer contexts; full descriptions for disputed SALE 22/56/92; unresolved retained ambiguous"
RENT_HIGH_CONFIDENCE,60,29358,1260492.0,RENT,Chào thuê trực tiếp; mô tả hoặc giá theo tháng hỗ trợ ý định thuê.,assistant,"title, description opening and relevant offer contexts; full descriptions for disputed SALE 22/56/92; unresolved retained ambiguous"
RENT_HIGH_CONFIDENCE,61,29402,1197125.0,RENT,Chào thuê trực tiếp; mô tả hoặc giá theo tháng hỗ trợ ý định thuê.,assistant,"title, description opening and relevant offer contexts; full descriptions for disputed SALE 22/56/92; unresolved retained ambiguous"
RENT_HIGH_CONFIDENCE,62,28739,1264180.0,RENT,Chào thuê trực tiếp; mô tả hoặc giá theo tháng hỗ trợ ý định thuê.,assistant,"title, description opening and relevant offer contexts; full descriptions for disputed SALE 22/56/92; unresolved retained ambiguous"
RENT_HIGH_CONFIDENCE,63,9216,1311558.0,RENT,Chào thuê trực tiếp; mô tả hoặc giá theo tháng hỗ trợ ý định thuê.,assistant,"title, description opening and relevant offer contexts; full descriptions for disputed SALE 22/56/92; unresolved retained ambiguous"
RENT_HIGH_CONFIDENCE,64,60622,1188983.0,RENT,Chào thuê trực tiếp; mô tả hoặc giá theo tháng hỗ trợ ý định thuê.,assistant,"title, description opening and relevant offer contexts; full descriptions for disputed SALE 22/56/92; unresolved retained ambiguous"
RENT_HIGH_CONFIDENCE,65,163561,1359064.0,RENT,Chào thuê trực tiếp; mô tả hoặc giá theo tháng hỗ trợ ý định thuê.,assistant,"title, description opening and relevant offer contexts; full descriptions for disputed SALE 22/56/92; unresolved retained ambiguous"
RENT_HIGH_CONFIDENCE,66,145786,1292091.0,RENT,Chào thuê trực tiếp; mô tả hoặc giá theo tháng hỗ trợ ý định thuê.,assistant,"title, description opening and relevant offer contexts; full descriptions for disputed SALE 22/56/92; unresolved retained ambiguous"
RENT_HIGH_CONFIDENCE,67,60081,1506708.0,RENT,Chào thuê trực tiếp; mô tả hoặc giá theo tháng hỗ trợ ý định thuê.,assistant,"title, description opening and relevant offer contexts; full descriptions for disputed SALE 22/56/92; unresolved retained ambiguous"
RENT_HIGH_CONFIDENCE,68,123777,1508979.0,RENT,Chào thuê trực tiếp; mô tả hoặc giá theo tháng hỗ trợ ý định thuê.,assistant,"title, description opening and relevant offer contexts; full descriptions for disputed SALE 22/56/92; unresolved retained ambiguous"
RENT_HIGH_CONFIDENCE,69,11262,1504675.0,RENT,Chào thuê trực tiếp; mô tả hoặc giá theo tháng hỗ trợ ý định thuê.,assistant,"title, description opening and relevant offer contexts; full descriptions for disputed SALE 22/56/92; unresolved retained ambiguous"
RENT_HIGH_CONFIDENCE,70,34109,1279203.0,RENT,Chào thuê trực tiếp; mô tả hoặc giá theo tháng hỗ trợ ý định thuê.,assistant,"title, description opening and relevant offer contexts; full descriptions for disputed SALE 22/56/92; unresolved retained ambiguous"
RENT_HIGH_CONFIDENCE,71,235470,1350533.0,RENT,Chào thuê trực tiếp; mô tả hoặc giá theo tháng hỗ trợ ý định thuê.,assistant,"title, description opening and relevant offer contexts; full descriptions for disputed SALE 22/56/92; unresolved retained ambiguous"
RENT_HIGH_CONFIDENCE,72,60483,1310755.0,RENT,Chào thuê trực tiếp; mô tả hoặc giá theo tháng hỗ trợ ý định thuê.,assistant,"title, description opening and relevant offer contexts; full descriptions for disputed SALE 22/56/92; unresolved retained ambiguous"
RENT_HIGH_CONFIDENCE,73,224656,1400451.0,AMBIGUOUS,Cho thuê và sang nhượng; có cả bảng giá cần bán.,assistant,"title, description opening and relevant offer contexts; full descriptions for disputed SALE 22/56/92; unresolved retained ambiguous"
RENT_HIGH_CONFIDENCE,74,160708,1502390.0,AMBIGUOUS,"Tiêu đề thuê đất công nghiệp; mô tả giá bán/m², quyền đất chưa rõ.",assistant,"title, description opening and relevant offer contexts; full descriptions for disputed SALE 22/56/92; unresolved retained ambiguous"
RENT_HIGH_CONFIDENCE,75,29365,1257678.0,RENT,Chào thuê trực tiếp; mô tả hoặc giá theo tháng hỗ trợ ý định thuê.,assistant,"title, description opening and relevant offer contexts; full descriptions for disputed SALE 22/56/92; unresolved retained ambiguous"
RENT_HIGH_CONFIDENCE,76,145521,1463113.0,RENT,Chào thuê trực tiếp; mô tả hoặc giá theo tháng hỗ trợ ý định thuê.,assistant,"title, description opening and relevant offer contexts; full descriptions for disputed SALE 22/56/92; unresolved retained ambiguous"
RENT_HIGH_CONFIDENCE,77,28738,1284143.0,RENT,Chào thuê trực tiếp; mô tả hoặc giá theo tháng hỗ trợ ý định thuê.,assistant,"title, description opening and relevant offer contexts; full descriptions for disputed SALE 22/56/92; unresolved retained ambiguous"
RENT_HIGH_CONFIDENCE,78,152411,1286149.0,RENT,Chào thuê trực tiếp; mô tả hoặc giá theo tháng hỗ trợ ý định thuê.,assistant,"title, description opening and relevant offer contexts; full descriptions for disputed SALE 22/56/92; unresolved retained ambiguous"
RENT_HIGH_CONFIDENCE,79,34081,1274203.0,RENT,Chào thuê trực tiếp; mô tả hoặc giá theo tháng hỗ trợ ý định thuê.,assistant,"title, description opening and relevant offer contexts; full descriptions for disputed SALE 22/56/92; unresolved retained ambiguous"
RENT_HIGH_CONFIDENCE,80,28737,1278513.0,RENT,Chào thuê trực tiếp; mô tả hoặc giá theo tháng hỗ trợ ý định thuê.,assistant,"title, description opening and relevant offer contexts; full descriptions for disputed SALE 22/56/92; unresolved retained ambiguous"
RENT_HIGH_CONFIDENCE,81,121486,1507223.0,RENT,Chào thuê trực tiếp; mô tả hoặc giá theo tháng hỗ trợ ý định thuê.,assistant,"title, description opening and relevant offer contexts; full descriptions for disputed SALE 22/56/92; unresolved retained ambiguous"
RENT_HIGH_CONFIDENCE,82,29368,1240539.0,RENT,Chào thuê trực tiếp; mô tả hoặc giá theo tháng hỗ trợ ý định thuê.,assistant,"title, description opening and relevant offer contexts; full descriptions for disputed SALE 22/56/92; unresolved retained ambiguous"
RENT_HIGH_CONFIDENCE,83,34114,1265732.0,RENT,Chào thuê trực tiếp; mô tả hoặc giá theo tháng hỗ trợ ý định thuê.,assistant,"title, description opening and relevant offer contexts; full descriptions for disputed SALE 22/56/92; unresolved retained ambiguous"
RENT_HIGH_CONFIDENCE,84,114464,1319462.0,RENT,Chào thuê trực tiếp; mô tả hoặc giá theo tháng hỗ trợ ý định thuê.,assistant,"title, description opening and relevant offer contexts; full descriptions for disputed SALE 22/56/92; unresolved retained ambiguous"
RENT_HIGH_CONFIDENCE,85,121494,1506683.0,RENT,Chào thuê trực tiếp; mô tả hoặc giá theo tháng hỗ trợ ý định thuê.,assistant,"title, description opening and relevant offer contexts; full descriptions for disputed SALE 22/56/92; unresolved retained ambiguous"
RENT_HIGH_CONFIDENCE,86,29366,1257676.0,RENT,Chào thuê trực tiếp; mô tả hoặc giá theo tháng hỗ trợ ý định thuê.,assistant,"title, description opening and relevant offer contexts; full descriptions for disputed SALE 22/56/92; unresolved retained ambiguous"
RENT_HIGH_CONFIDENCE,87,168312,1508640.0,RENT,Chào thuê trực tiếp; mô tả hoặc giá theo tháng hỗ trợ ý định thuê.,assistant,"title, description opening and relevant offer contexts; full descriptions for disputed SALE 22/56/92; unresolved retained ambiguous"
RENT_HIGH_CONFIDENCE,88,29359,1262624.0,RENT,Chào thuê trực tiếp; mô tả hoặc giá theo tháng hỗ trợ ý định thuê.,assistant,"title, description opening and relevant offer contexts; full descriptions for disputed SALE 22/56/92; unresolved retained ambiguous"
RENT_HIGH_CONFIDENCE,89,36894,1310465.0,RENT,Chào thuê trực tiếp; mô tả hoặc giá theo tháng hỗ trợ ý định thuê.,assistant,"title, description opening and relevant offer contexts; full descriptions for disputed SALE 22/56/92; unresolved retained ambiguous"
RENT_HIGH_CONFIDENCE,90,34080,1224064.0,RENT,Chào thuê trực tiếp; mô tả hoặc giá theo tháng hỗ trợ ý định thuê.,assistant,"title, description opening and relevant offer contexts; full descriptions for disputed SALE 22/56/92; unresolved retained ambiguous"
RENT_HIGH_CONFIDENCE,91,29349,1288122.0,RENT,Chào thuê trực tiếp; mô tả hoặc giá theo tháng hỗ trợ ý định thuê.,assistant,"title, description opening and relevant offer contexts; full descriptions for disputed SALE 22/56/92; unresolved retained ambiguous"
RENT_HIGH_CONFIDENCE,92,60617,1193062.0,RENT,Chào thuê trực tiếp; mô tả hoặc giá theo tháng hỗ trợ ý định thuê.,assistant,"title, description opening and relevant offer contexts; full descriptions for disputed SALE 22/56/92; unresolved retained ambiguous"
RENT_HIGH_CONFIDENCE,93,29360,1261667.0,RENT,Chào thuê trực tiếp; mô tả hoặc giá theo tháng hỗ trợ ý định thuê.,assistant,"title, description opening and relevant offer contexts; full descriptions for disputed SALE 22/56/92; unresolved retained ambiguous"
RENT_HIGH_CONFIDENCE,94,34123,1216605.0,RENT,Chào thuê trực tiếp; mô tả hoặc giá theo tháng hỗ trợ ý định thuê.,assistant,"title, description opening and relevant offer contexts; full descriptions for disputed SALE 22/56/92; unresolved retained ambiguous"
RENT_HIGH_CONFIDENCE,95,123819,1504862.0,RENT,Chào thuê trực tiếp; mô tả hoặc giá theo tháng hỗ trợ ý định thuê.,assistant,"title, description opening and relevant offer contexts; full descriptions for disputed SALE 22/56/92; unresolved retained ambiguous"
RENT_HIGH_CONFIDENCE,96,60620,1191505.0,RENT,Chào thuê trực tiếp; mô tả hoặc giá theo tháng hỗ trợ ý định thuê.,assistant,"title, description opening and relevant offer contexts; full descriptions for disputed SALE 22/56/92; unresolved retained ambiguous"
RENT_HIGH_CONFIDENCE,97,34127,1224018.0,RENT,Chào thuê trực tiếp; mô tả hoặc giá theo tháng hỗ trợ ý định thuê.,assistant,"title, description opening and relevant offer contexts; full descriptions for disputed SALE 22/56/92; unresolved retained ambiguous"
RENT_HIGH_CONFIDENCE,98,123781,1508913.0,RENT,Chào thuê trực tiếp; mô tả hoặc giá theo tháng hỗ trợ ý định thuê.,assistant,"title, description opening and relevant offer contexts; full descriptions for disputed SALE 22/56/92; unresolved retained ambiguous"
RENT_HIGH_CONFIDENCE,99,28743,1263727.0,RENT,Chào thuê trực tiếp; mô tả hoặc giá theo tháng hỗ trợ ý định thuê.,assistant,"title, description opening and relevant offer contexts; full descriptions for disputed SALE 22/56/92; unresolved retained ambiguous"
RENT_HIGH_CONFIDENCE,100,114500,1311824.0,RENT,Chào thuê trực tiếp; mô tả hoặc giá theo tháng hỗ trợ ý định thuê.,assistant,"title, description opening and relevant offer contexts; full descriptions for disputed SALE 22/56/92; unresolved retained ambiguous"
AMBIGUOUS,1,220898,1247059.0,SALE,"Có lời chào bán, người mua hoặc chuyển quyền sở hữu trong nội dung đã đọc.",assistant,"title, description opening and relevant offer contexts; full descriptions for disputed SALE 22/56/92; unresolved retained ambiguous"
AMBIGUOUS,2,42698,1475506.0,SALE,"Có lời chào bán, người mua hoặc chuyển quyền sở hữu trong nội dung đã đọc.",assistant,"title, description opening and relevant offer contexts; full descriptions for disputed SALE 22/56/92; unresolved retained ambiguous"
AMBIGUOUS,3,11128,1421478.0,SALE,"Có lời chào bán, người mua hoặc chuyển quyền sở hữu trong nội dung đã đọc.",assistant,"title, description opening and relevant offer contexts; full descriptions for disputed SALE 22/56/92; unresolved retained ambiguous"
AMBIGUOUS,4,102092,1234142.0,SALE,"Có lời chào bán, người mua hoặc chuyển quyền sở hữu trong nội dung đã đọc.",assistant,"title, description opening and relevant offer contexts; full descriptions for disputed SALE 22/56/92; unresolved retained ambiguous"
AMBIGUOUS,5,91922,1477462.0,SALE,"Có lời chào bán, người mua hoặc chuyển quyền sở hữu trong nội dung đã đọc.",assistant,"title, description opening and relevant offer contexts; full descriptions for disputed SALE 22/56/92; unresolved retained ambiguous"
AMBIGUOUS,6,83938,1249774.0,AMBIGUOUS,Chưa đủ bằng chứng giao dịch chính từ nội dung đã đọc; giữ nhãn không rõ.,assistant,"title, description opening and relevant offer contexts; full descriptions for disputed SALE 22/56/92; unresolved retained ambiguous"
AMBIGUOUS,7,53920,1415487.0,SALE,"Có lời chào bán, người mua hoặc chuyển quyền sở hữu trong nội dung đã đọc.",assistant,"title, description opening and relevant offer contexts; full descriptions for disputed SALE 22/56/92; unresolved retained ambiguous"
AMBIGUOUS,8,39884,1318325.0,AMBIGUOUS,Chưa đủ bằng chứng giao dịch chính từ nội dung đã đọc; giữ nhãn không rõ.,assistant,"title, description opening and relevant offer contexts; full descriptions for disputed SALE 22/56/92; unresolved retained ambiguous"
AMBIGUOUS,9,232374,1454246.0,AMBIGUOUS,Chưa đủ bằng chứng giao dịch chính từ nội dung đã đọc; giữ nhãn không rõ.,assistant,"title, description opening and relevant offer contexts; full descriptions for disputed SALE 22/56/92; unresolved retained ambiguous"
AMBIGUOUS,10,184490,1318640.0,SALE,"Có lời chào bán, người mua hoặc chuyển quyền sở hữu trong nội dung đã đọc.",assistant,"title, description opening and relevant offer contexts; full descriptions for disputed SALE 22/56/92; unresolved retained ambiguous"
AMBIGUOUS,11,33809,1224265.0,SALE,"Có lời chào bán, người mua hoặc chuyển quyền sở hữu trong nội dung đã đọc.",assistant,"title, description opening and relevant offer contexts; full descriptions for disputed SALE 22/56/92; unresolved retained ambiguous"
AMBIGUOUS,12,202207,1161999.0,AMBIGUOUS,Chưa đủ bằng chứng giao dịch chính từ nội dung đã đọc; giữ nhãn không rõ.,assistant,"title, description opening and relevant offer contexts; full descriptions for disputed SALE 22/56/92; unresolved retained ambiguous"
AMBIGUOUS,13,147404,1494956.0,AMBIGUOUS,Chưa đủ bằng chứng giao dịch chính từ nội dung đã đọc; giữ nhãn không rõ.,assistant,"title, description opening and relevant offer contexts; full descriptions for disputed SALE 22/56/92; unresolved retained ambiguous"
AMBIGUOUS,14,13015,1229597.0,AMBIGUOUS,Chưa đủ bằng chứng giao dịch chính từ nội dung đã đọc; giữ nhãn không rõ.,assistant,"title, description opening and relevant offer contexts; full descriptions for disputed SALE 22/56/92; unresolved retained ambiguous"
AMBIGUOUS,15,12551,1320735.0,SALE,"Có lời chào bán, người mua hoặc chuyển quyền sở hữu trong nội dung đã đọc.",assistant,"title, description opening and relevant offer contexts; full descriptions for disputed SALE 22/56/92; unresolved retained ambiguous"
AMBIGUOUS,16,36465,1299484.0,AMBIGUOUS,Chưa đủ bằng chứng giao dịch chính từ nội dung đã đọc; giữ nhãn không rõ.,assistant,"title, description opening and relevant offer contexts; full descriptions for disputed SALE 22/56/92; unresolved retained ambiguous"
AMBIGUOUS,17,82578,1300102.0,SALE,"Có lời chào bán, người mua hoặc chuyển quyền sở hữu trong nội dung đã đọc.",assistant,"title, description opening and relevant offer contexts; full descriptions for disputed SALE 22/56/92; unresolved retained ambiguous"
AMBIGUOUS,18,87573,1219223.0,SALE,"Có lời chào bán, người mua hoặc chuyển quyền sở hữu trong nội dung đã đọc.",assistant,"title, description opening and relevant offer contexts; full descriptions for disputed SALE 22/56/92; unresolved retained ambiguous"
AMBIGUOUS,19,174166,1440437.0,AMBIGUOUS,Sang nhượng nhà hàng đang thuê mặt bằng; chưa chứng minh bán quyền sở hữu bất động sản.,assistant,"title, description opening and relevant offer contexts; full descriptions for disputed SALE 22/56/92; unresolved retained ambiguous"
AMBIGUOUS,20,206565,602362.0,AMBIGUOUS,Chưa đủ bằng chứng giao dịch chính từ nội dung đã đọc; giữ nhãn không rõ.,assistant,"title, description opening and relevant offer contexts; full descriptions for disputed SALE 22/56/92; unresolved retained ambiguous"
AMBIGUOUS,21,11586,1470685.0,SALE,"Có lời chào bán, người mua hoặc chuyển quyền sở hữu trong nội dung đã đọc.",assistant,"title, description opening and relevant offer contexts; full descriptions for disputed SALE 22/56/92; unresolved retained ambiguous"
AMBIGUOUS,22,188989,1264323.0,SALE,"Có lời chào bán, người mua hoặc chuyển quyền sở hữu trong nội dung đã đọc.",assistant,"title, description opening and relevant offer contexts; full descriptions for disputed SALE 22/56/92; unresolved retained ambiguous"
AMBIGUOUS,23,75235,1419903.0,SALE,"Có lời chào bán, người mua hoặc chuyển quyền sở hữu trong nội dung đã đọc.",assistant,"title, description opening and relevant offer contexts; full descriptions for disputed SALE 22/56/92; unresolved retained ambiguous"
AMBIGUOUS,24,224120,1431829.0,SALE,"Có lời chào bán, người mua hoặc chuyển quyền sở hữu trong nội dung đã đọc.",assistant,"title, description opening and relevant offer contexts; full descriptions for disputed SALE 22/56/92; unresolved retained ambiguous"
AMBIGUOUS,25,184348,1318469.0,AMBIGUOUS,Chưa đủ bằng chứng giao dịch chính từ nội dung đã đọc; giữ nhãn không rõ.,assistant,"title, description opening and relevant offer contexts; full descriptions for disputed SALE 22/56/92; unresolved retained ambiguous"
AMBIGUOUS,26,146575,1423796.0,AMBIGUOUS,Chưa đủ bằng chứng giao dịch chính từ nội dung đã đọc; giữ nhãn không rõ.,assistant,"title, description opening and relevant offer contexts; full descriptions for disputed SALE 22/56/92; unresolved retained ambiguous"
AMBIGUOUS,27,83070,1296637.0,SALE,"Có lời chào bán, người mua hoặc chuyển quyền sở hữu trong nội dung đã đọc.",assistant,"title, description opening and relevant offer contexts; full descriptions for disputed SALE 22/56/92; unresolved retained ambiguous"
AMBIGUOUS,28,157055,1426802.0,AMBIGUOUS,Chưa đủ bằng chứng giao dịch chính từ nội dung đã đọc; giữ nhãn không rõ.,assistant,"title, description opening and relevant offer contexts; full descriptions for disputed SALE 22/56/92; unresolved retained ambiguous"
AMBIGUOUS,29,199819,1376012.0,AMBIGUOUS,Chưa đủ bằng chứng giao dịch chính từ nội dung đã đọc; giữ nhãn không rõ.,assistant,"title, description opening and relevant offer contexts; full descriptions for disputed SALE 22/56/92; unresolved retained ambiguous"
AMBIGUOUS,30,102879,1208316.0,AMBIGUOUS,Chưa đủ bằng chứng giao dịch chính từ nội dung đã đọc; giữ nhãn không rõ.,assistant,"title, description opening and relevant offer contexts; full descriptions for disputed SALE 22/56/92; unresolved retained ambiguous"
AMBIGUOUS,31,4351,1413691.0,SALE,"Có lời chào bán, người mua hoặc chuyển quyền sở hữu trong nội dung đã đọc.",assistant,"title, description opening and relevant offer contexts; full descriptions for disputed SALE 22/56/92; unresolved retained ambiguous"
AMBIGUOUS,32,62258,1259779.0,SALE,"Có lời chào bán, người mua hoặc chuyển quyền sở hữu trong nội dung đã đọc.",assistant,"title, description opening and relevant offer contexts; full descriptions for disputed SALE 22/56/92; unresolved retained ambiguous"
AMBIGUOUS,33,147566,1363992.0,SALE,"Có lời chào bán, người mua hoặc chuyển quyền sở hữu trong nội dung đã đọc.",assistant,"title, description opening and relevant offer contexts; full descriptions for disputed SALE 22/56/92; unresolved retained ambiguous"
AMBIGUOUS,34,120517,1405326.0,AMBIGUOUS,Chưa đủ bằng chứng giao dịch chính từ nội dung đã đọc; giữ nhãn không rõ.,assistant,"title, description opening and relevant offer contexts; full descriptions for disputed SALE 22/56/92; unresolved retained ambiguous"
AMBIGUOUS,35,102790,1210823.0,SALE,"Có lời chào bán, người mua hoặc chuyển quyền sở hữu trong nội dung đã đọc.",assistant,"title, description opening and relevant offer contexts; full descriptions for disputed SALE 22/56/92; unresolved retained ambiguous"
AMBIGUOUS,36,60650,1508289.0,SALE,"Có lời chào bán, người mua hoặc chuyển quyền sở hữu trong nội dung đã đọc.",assistant,"title, description opening and relevant offer contexts; full descriptions for disputed SALE 22/56/92; unresolved retained ambiguous"
AMBIGUOUS,37,81617,1318525.0,AMBIGUOUS,Chưa đủ bằng chứng giao dịch chính từ nội dung đã đọc; giữ nhãn không rõ.,assistant,"title, description opening and relevant offer contexts; full descriptions for disputed SALE 22/56/92; unresolved retained ambiguous"
AMBIGUOUS,38,119621,1280043.0,SALE,"Có lời chào bán, người mua hoặc chuyển quyền sở hữu trong nội dung đã đọc.",assistant,"title, description opening and relevant offer contexts; full descriptions for disputed SALE 22/56/92; unresolved retained ambiguous"
AMBIGUOUS,39,39827,1318738.0,AMBIGUOUS,Chưa đủ bằng chứng giao dịch chính từ nội dung đã đọc; giữ nhãn không rõ.,assistant,"title, description opening and relevant offer contexts; full descriptions for disputed SALE 22/56/92; unresolved retained ambiguous"
AMBIGUOUS,40,36165,1325881.0,SALE,"Có lời chào bán, người mua hoặc chuyển quyền sở hữu trong nội dung đã đọc.",assistant,"title, description opening and relevant offer contexts; full descriptions for disputed SALE 22/56/92; unresolved retained ambiguous"
AMBIGUOUS,41,132478,1246173.0,SALE,"Có lời chào bán, người mua hoặc chuyển quyền sở hữu trong nội dung đã đọc.",assistant,"title, description opening and relevant offer contexts; full descriptions for disputed SALE 22/56/92; unresolved retained ambiguous"
AMBIGUOUS,42,38127,1488838.0,AMBIGUOUS,Chưa đủ bằng chứng giao dịch chính từ nội dung đã đọc; giữ nhãn không rõ.,assistant,"title, description opening and relevant offer contexts; full descriptions for disputed SALE 22/56/92; unresolved retained ambiguous"
AMBIGUOUS,43,125639,1289316.0,SALE,"Có lời chào bán, người mua hoặc chuyển quyền sở hữu trong nội dung đã đọc.",assistant,"title, description opening and relevant offer contexts; full descriptions for disputed SALE 22/56/92; unresolved retained ambiguous"
AMBIGUOUS,44,121308,1260677.0,AMBIGUOUS,Chưa đủ bằng chứng giao dịch chính từ nội dung đã đọc; giữ nhãn không rõ.,assistant,"title, description opening and relevant offer contexts; full descriptions for disputed SALE 22/56/92; unresolved retained ambiguous"
AMBIGUOUS,45,207115,1371781.0,SALE,"Có lời chào bán, người mua hoặc chuyển quyền sở hữu trong nội dung đã đọc.",assistant,"title, description opening and relevant offer contexts; full descriptions for disputed SALE 22/56/92; unresolved retained ambiguous"
AMBIGUOUS,46,99069,1342425.0,AMBIGUOUS,Chưa đủ bằng chứng giao dịch chính từ nội dung đã đọc; giữ nhãn không rõ.,assistant,"title, description opening and relevant offer contexts; full descriptions for disputed SALE 22/56/92; unresolved retained ambiguous"
AMBIGUOUS,47,19756,1430225.0,SALE,"Có lời chào bán, người mua hoặc chuyển quyền sở hữu trong nội dung đã đọc.",assistant,"title, description opening and relevant offer contexts; full descriptions for disputed SALE 22/56/92; unresolved retained ambiguous"
AMBIGUOUS,48,160538,1232409.0,SALE,"Có lời chào bán, người mua hoặc chuyển quyền sở hữu trong nội dung đã đọc.",assistant,"title, description opening and relevant offer contexts; full descriptions for disputed SALE 22/56/92; unresolved retained ambiguous"
AMBIGUOUS,49,182550,1320222.0,AMBIGUOUS,Chưa đủ bằng chứng giao dịch chính từ nội dung đã đọc; giữ nhãn không rõ.,assistant,"title, description opening and relevant offer contexts; full descriptions for disputed SALE 22/56/92; unresolved retained ambiguous"
AMBIGUOUS,50,47238,1472882.0,SALE,"Có lời chào bán, người mua hoặc chuyển quyền sở hữu trong nội dung đã đọc.",assistant,"title, description opening and relevant offer contexts; full descriptions for disputed SALE 22/56/92; unresolved retained ambiguous"
AMBIGUOUS,51,131867,26611.0,SALE,"Có lời chào bán, người mua hoặc chuyển quyền sở hữu trong nội dung đã đọc.",assistant,"title, description opening and relevant offer contexts; full descriptions for disputed SALE 22/56/92; unresolved retained ambiguous"
AMBIGUOUS,52,29497,1469506.0,SALE,"Có lời chào bán, người mua hoặc chuyển quyền sở hữu trong nội dung đã đọc.",assistant,"title, description opening and relevant offer contexts; full descriptions for disputed SALE 22/56/92; unresolved retained ambiguous"
AMBIGUOUS,53,186332,1296077.0,SALE,"Có lời chào bán, người mua hoặc chuyển quyền sở hữu trong nội dung đã đọc.",assistant,"title, description opening and relevant offer contexts; full descriptions for disputed SALE 22/56/92; unresolved retained ambiguous"
AMBIGUOUS,54,107174,1408383.0,SALE,"Có lời chào bán, người mua hoặc chuyển quyền sở hữu trong nội dung đã đọc.",assistant,"title, description opening and relevant offer contexts; full descriptions for disputed SALE 22/56/92; unresolved retained ambiguous"
AMBIGUOUS,55,217544,1371186.0,AMBIGUOUS,Chưa đủ bằng chứng giao dịch chính từ nội dung đã đọc; giữ nhãn không rõ.,assistant,"title, description opening and relevant offer contexts; full descriptions for disputed SALE 22/56/92; unresolved retained ambiguous"
AMBIGUOUS,56,212282,1431379.0,SALE,"Có lời chào bán, người mua hoặc chuyển quyền sở hữu trong nội dung đã đọc.",assistant,"title, description opening and relevant offer contexts; full descriptions for disputed SALE 22/56/92; unresolved retained ambiguous"
AMBIGUOUS,57,126666,1207999.0,AMBIGUOUS,Chưa đủ bằng chứng giao dịch chính từ nội dung đã đọc; giữ nhãn không rõ.,assistant,"title, description opening and relevant offer contexts; full descriptions for disputed SALE 22/56/92; unresolved retained ambiguous"
AMBIGUOUS,58,194334,1205207.0,AMBIGUOUS,Chưa đủ bằng chứng giao dịch chính từ nội dung đã đọc; giữ nhãn không rõ.,assistant,"title, description opening and relevant offer contexts; full descriptions for disputed SALE 22/56/92; unresolved retained ambiguous"
AMBIGUOUS,59,73217,1468287.0,AMBIGUOUS,Chưa đủ bằng chứng giao dịch chính từ nội dung đã đọc; giữ nhãn không rõ.,assistant,"title, description opening and relevant offer contexts; full descriptions for disputed SALE 22/56/92; unresolved retained ambiguous"
AMBIGUOUS,60,27251,1365466.0,SALE,"Có lời chào bán, người mua hoặc chuyển quyền sở hữu trong nội dung đã đọc.",assistant,"title, description opening and relevant offer contexts; full descriptions for disputed SALE 22/56/92; unresolved retained ambiguous"
AMBIGUOUS,61,20522,1427721.0,AMBIGUOUS,Chưa đủ bằng chứng giao dịch chính từ nội dung đã đọc; giữ nhãn không rõ.,assistant,"title, description opening and relevant offer contexts; full descriptions for disputed SALE 22/56/92; unresolved retained ambiguous"
AMBIGUOUS,62,227778,1357877.0,AMBIGUOUS,Chưa đủ bằng chứng giao dịch chính từ nội dung đã đọc; giữ nhãn không rõ.,assistant,"title, description opening and relevant offer contexts; full descriptions for disputed SALE 22/56/92; unresolved retained ambiguous"
AMBIGUOUS,63,86173,1243435.0,AMBIGUOUS,Chưa đủ bằng chứng giao dịch chính từ nội dung đã đọc; giữ nhãn không rõ.,assistant,"title, description opening and relevant offer contexts; full descriptions for disputed SALE 22/56/92; unresolved retained ambiguous"
AMBIGUOUS,64,106061,1408438.0,SALE,"Có lời chào bán, người mua hoặc chuyển quyền sở hữu trong nội dung đã đọc.",assistant,"title, description opening and relevant offer contexts; full descriptions for disputed SALE 22/56/92; unresolved retained ambiguous"
AMBIGUOUS,65,30003,1493810.0,SALE,"Có lời chào bán, người mua hoặc chuyển quyền sở hữu trong nội dung đã đọc.",assistant,"title, description opening and relevant offer contexts; full descriptions for disputed SALE 22/56/92; unresolved retained ambiguous"
AMBIGUOUS,66,87638,1218531.0,SALE,"Có lời chào bán, người mua hoặc chuyển quyền sở hữu trong nội dung đã đọc.",assistant,"title, description opening and relevant offer contexts; full descriptions for disputed SALE 22/56/92; unresolved retained ambiguous"
AMBIGUOUS,67,39471,1392286.0,AMBIGUOUS,Chưa đủ bằng chứng giao dịch chính từ nội dung đã đọc; giữ nhãn không rõ.,assistant,"title, description opening and relevant offer contexts; full descriptions for disputed SALE 22/56/92; unresolved retained ambiguous"
AMBIGUOUS,68,132568,60323.0,SALE,"Có lời chào bán, người mua hoặc chuyển quyền sở hữu trong nội dung đã đọc.",assistant,"title, description opening and relevant offer contexts; full descriptions for disputed SALE 22/56/92; unresolved retained ambiguous"
AMBIGUOUS,69,102820,1209845.0,AMBIGUOUS,Chưa đủ bằng chứng giao dịch chính từ nội dung đã đọc; giữ nhãn không rõ.,assistant,"title, description opening and relevant offer contexts; full descriptions for disputed SALE 22/56/92; unresolved retained ambiguous"
AMBIGUOUS,70,158875,1342752.0,AMBIGUOUS,Chưa đủ bằng chứng giao dịch chính từ nội dung đã đọc; giữ nhãn không rõ.,assistant,"title, description opening and relevant offer contexts; full descriptions for disputed SALE 22/56/92; unresolved retained ambiguous"
AMBIGUOUS,71,219710,1293817.0,SALE,"Có lời chào bán, người mua hoặc chuyển quyền sở hữu trong nội dung đã đọc.",assistant,"title, description opening and relevant offer contexts; full descriptions for disputed SALE 22/56/92; unresolved retained ambiguous"
AMBIGUOUS,72,127782,1156030.0,SALE,"Có lời chào bán, người mua hoặc chuyển quyền sở hữu trong nội dung đã đọc.",assistant,"title, description opening and relevant offer contexts; full descriptions for disputed SALE 22/56/92; unresolved retained ambiguous"
AMBIGUOUS,73,62847,1504148.0,SALE,"Có lời chào bán, người mua hoặc chuyển quyền sở hữu trong nội dung đã đọc.",assistant,"title, description opening and relevant offer contexts; full descriptions for disputed SALE 22/56/92; unresolved retained ambiguous"
AMBIGUOUS,74,129467,1371270.0,SALE,"Có lời chào bán, người mua hoặc chuyển quyền sở hữu trong nội dung đã đọc.",assistant,"title, description opening and relevant offer contexts; full descriptions for disputed SALE 22/56/92; unresolved retained ambiguous"
AMBIGUOUS,75,124568,1299031.0,SALE,"Có lời chào bán, người mua hoặc chuyển quyền sở hữu trong nội dung đã đọc.",assistant,"title, description opening and relevant offer contexts; full descriptions for disputed SALE 22/56/92; unresolved retained ambiguous"
AMBIGUOUS,76,79999,1375123.0,AMBIGUOUS,Chưa đủ bằng chứng giao dịch chính từ nội dung đã đọc; giữ nhãn không rõ.,assistant,"title, description opening and relevant offer contexts; full descriptions for disputed SALE 22/56/92; unresolved retained ambiguous"
AMBIGUOUS,77,230312,1309876.0,SALE,"Có lời chào bán, người mua hoặc chuyển quyền sở hữu trong nội dung đã đọc.",assistant,"title, description opening and relevant offer contexts; full descriptions for disputed SALE 22/56/92; unresolved retained ambiguous"
AMBIGUOUS,78,99845,1315456.0,SALE,"Có lời chào bán, người mua hoặc chuyển quyền sở hữu trong nội dung đã đọc.",assistant,"title, description opening and relevant offer contexts; full descriptions for disputed SALE 22/56/92; unresolved retained ambiguous"
AMBIGUOUS,79,234585,1407474.0,AMBIGUOUS,Chưa đủ bằng chứng giao dịch chính từ nội dung đã đọc; giữ nhãn không rõ.,assistant,"title, description opening and relevant offer contexts; full descriptions for disputed SALE 22/56/92; unresolved retained ambiguous"
AMBIGUOUS,80,223488,1481657.0,SALE,"Có lời chào bán, người mua hoặc chuyển quyền sở hữu trong nội dung đã đọc.",assistant,"title, description opening and relevant offer contexts; full descriptions for disputed SALE 22/56/92; unresolved retained ambiguous"
AMBIGUOUS,81,27634,1337374.0,SALE,"Có lời chào bán, người mua hoặc chuyển quyền sở hữu trong nội dung đã đọc.",assistant,"title, description opening and relevant offer contexts; full descriptions for disputed SALE 22/56/92; unresolved retained ambiguous"
AMBIGUOUS,82,209130,1500331.0,AMBIGUOUS,Chưa đủ bằng chứng giao dịch chính từ nội dung đã đọc; giữ nhãn không rõ.,assistant,"title, description opening and relevant offer contexts; full descriptions for disputed SALE 22/56/92; unresolved retained ambiguous"
AMBIGUOUS,83,219516,1301260.0,SALE,"Có lời chào bán, người mua hoặc chuyển quyền sở hữu trong nội dung đã đọc.",assistant,"title, description opening and relevant offer contexts; full descriptions for disputed SALE 22/56/92; unresolved retained ambiguous"
AMBIGUOUS,84,67055,1315466.0,SALE,"Có lời chào bán, người mua hoặc chuyển quyền sở hữu trong nội dung đã đọc.",assistant,"title, description opening and relevant offer contexts; full descriptions for disputed SALE 22/56/92; unresolved retained ambiguous"
AMBIGUOUS,85,182056,1331092.0,AMBIGUOUS,Chưa đủ bằng chứng giao dịch chính từ nội dung đã đọc; giữ nhãn không rõ.,assistant,"title, description opening and relevant offer contexts; full descriptions for disputed SALE 22/56/92; unresolved retained ambiguous"
AMBIGUOUS,86,91902,1477607.0,SALE,"Có lời chào bán, người mua hoặc chuyển quyền sở hữu trong nội dung đã đọc.",assistant,"title, description opening and relevant offer contexts; full descriptions for disputed SALE 22/56/92; unresolved retained ambiguous"
AMBIGUOUS,87,63042,1334388.0,AMBIGUOUS,Chưa đủ bằng chứng giao dịch chính từ nội dung đã đọc; giữ nhãn không rõ.,assistant,"title, description opening and relevant offer contexts; full descriptions for disputed SALE 22/56/92; unresolved retained ambiguous"
AMBIGUOUS,88,161344,1390719.0,SALE,"Có lời chào bán, người mua hoặc chuyển quyền sở hữu trong nội dung đã đọc.",assistant,"title, description opening and relevant offer contexts; full descriptions for disputed SALE 22/56/92; unresolved retained ambiguous"
AMBIGUOUS,89,132298,1297444.0,AMBIGUOUS,Chưa đủ bằng chứng giao dịch chính từ nội dung đã đọc; giữ nhãn không rõ.,assistant,"title, description opening and relevant offer contexts; full descriptions for disputed SALE 22/56/92; unresolved retained ambiguous"
AMBIGUOUS,90,100797,1281527.0,SALE,"Có lời chào bán, người mua hoặc chuyển quyền sở hữu trong nội dung đã đọc.",assistant,"title, description opening and relevant offer contexts; full descriptions for disputed SALE 22/56/92; unresolved retained ambiguous"
AMBIGUOUS,91,221052,1179953.0,SALE,"Có lời chào bán, người mua hoặc chuyển quyền sở hữu trong nội dung đã đọc.",assistant,"title, description opening and relevant offer contexts; full descriptions for disputed SALE 22/56/92; unresolved retained ambiguous"
AMBIGUOUS,92,187895,985866.0,SALE,"Có lời chào bán, người mua hoặc chuyển quyền sở hữu trong nội dung đã đọc.",assistant,"title, description opening and relevant offer contexts; full descriptions for disputed SALE 22/56/92; unresolved retained ambiguous"
AMBIGUOUS,93,82854,1298673.0,AMBIGUOUS,Chưa đủ bằng chứng giao dịch chính từ nội dung đã đọc; giữ nhãn không rõ.,assistant,"title, description opening and relevant offer contexts; full descriptions for disputed SALE 22/56/92; unresolved retained ambiguous"
AMBIGUOUS,94,234755,1265315.0,SALE,"Có lời chào bán, người mua hoặc chuyển quyền sở hữu trong nội dung đã đọc.",assistant,"title, description opening and relevant offer contexts; full descriptions for disputed SALE 22/56/92; unresolved retained ambiguous"
AMBIGUOUS,95,115412,1276225.0,AMBIGUOUS,Chưa đủ bằng chứng giao dịch chính từ nội dung đã đọc; giữ nhãn không rõ.,assistant,"title, description opening and relevant offer contexts; full descriptions for disputed SALE 22/56/92; unresolved retained ambiguous"
AMBIGUOUS,96,24369,1272872.0,SALE,"Có lời chào bán, người mua hoặc chuyển quyền sở hữu trong nội dung đã đọc.",assistant,"title, description opening and relevant offer contexts; full descriptions for disputed SALE 22/56/92; unresolved retained ambiguous"
AMBIGUOUS,97,86474,1236040.0,AMBIGUOUS,Chưa đủ bằng chứng giao dịch chính từ nội dung đã đọc; giữ nhãn không rõ.,assistant,"title, description opening and relevant offer contexts; full descriptions for disputed SALE 22/56/92; unresolved retained ambiguous"
AMBIGUOUS,98,13084,1185936.0,AMBIGUOUS,Chưa đủ bằng chứng giao dịch chính từ nội dung đã đọc; giữ nhãn không rõ.,assistant,"title, description opening and relevant offer contexts; full descriptions for disputed SALE 22/56/92; unresolved retained ambiguous"
AMBIGUOUS,99,113509,1216801.0,SALE,"Có lời chào bán, người mua hoặc chuyển quyền sở hữu trong nội dung đã đọc.",assistant,"title, description opening and relevant offer contexts; full descriptions for disputed SALE 22/56/92; unresolved retained ambiguous"
AMBIGUOUS,100,140123,1346351.0,SALE,"Có lời chào bán, người mua hoặc chuyển quyền sở hữu trong nội dung đã đọc.",assistant,"title, description opening and relevant offer contexts; full descriptions for disputed SALE 22/56/92; unresolved retained ambiguous"
