source_record_1based,listing_id,title,description,price_raw,area_raw,location,province_original,property_type,property_type_slug,scraped_at,last_updated_date,province_current_audit,location_current_audit
2019,1257039.0,Bán đất 4717m² 6.1 tỷ tại Xã Phước Bình Long Thành Đồng Nai,"Bán lỗ thấp hơn thị trường 3 tỷ lô đất thổ cư thuộc Long Thành, Đồng Nai.- DT 4.717 m2 có sẵn 100m2 thổ cư, quy hoạch toàn bộ đất ở.- Giá siêu rẻ chỉ 1.3tr/m2, bao giá khu vực. Thị trường đang giao dịch ở mức 3-5tr/m2. Hỗ trợ vay ngân hàng cho khách có nhu cầu.- Mặt tiền đường nhựa chính hiện hữu quy hoạch mở rộng 15m.- Đường thông tứ hướng, về sân bay Long Thành chỉ 25phut.- Tiềm năng sinh lời cực cao khi sân bay 2026 chính thức vào vận hành.- Tổng giá chỉ 6,1 tỷ.*Vị trí: Phước Bình, Long Thành, Đồng Nai.Liên hệ số điện thoại dưới bình luận để xem đất và làm việc chính chủ.",6100.0,4717.0,"Xã Phước Thái,Đồng Nai(Mới)",ba-ria-vung-tau,Đất,dat-tho-cu,2025-09-13 18:00:37,13/09/2025 11:00,Hồ Chí Minh,Đồng Nai
15701,1280816.0,"Cần Bán Đất Bình Dương cặp sát ql13, diện tích 100m², giá 930tr","Gđ e có việc ở quê cần tiền gấp nên bán lô đất trog khu dân cư gần ql13, Bình Dương.-Diện tích: 5mx20m. Thổ cư hết đất, xây dựng tự do-Giá: 930tr. Bao sang tên-Sổ hồng riêng, đường trước đất 13m, thuận tiện buôn bán.-Lh 0903 817 946 xem đất.",930.0,100.0,"Đường 30/4 - Đường Loại 2,Xã Tân Pheo,Phú Thọ(Mới)",binh-duong,Đất,dat-tho-cu,2025-09-13 16:48:04,13/09/2025 03:48,Hồ Chí Minh,Phú Thọ
21180,1260499.0,25x45=1.125m2 MẶT TIỀN ĐƯỜNG SỐ 7 giá 800 triệu QUANG MINH CHƠN THÀNH,"Em còn 1 lô mặt tiền đường nhựa số 7 ,quang minh chơn thànhEM CHIA SẺ RẤT KỸ VÀ CHI TIẾT MONG GẶP ANH CHỊ THẬT SỰ THIỆN CHÍ ( TRÂN TRỌNG )diện tích : 25x45=1.125m2giá đúng 100% 800triệu bao hết chi phí ko phát sinhBÁN KÍNH 1 KM: trường cấp 1.2.3, UBND, cty CHƠN THÀNH , cty XUẤT NHẬP KHẨU ĐẠI PHÚ , gần KCN TÂN QUANphù hợp: a/c mua đầu tư để dành cho con cái , xây trọ , nhà kho xưởng , trang trại , cà phê sân vườn .** NGOÀI RA EM CÒN LÔ SÁT QUỐC LỘ 14 CHỈ 900M GIÁ 360 TRIỆU , 260M2 THỔ CƯ ****TRÁNH MẤT THỜI GIAN  anh chị co thể chạy qua nhà em xem giấy tờ trước hả đi xem : xem sổ ở : 40 đường tam bình ,tam phú thủ đức ( gần chợ đầu mối thủ đức )sdt và zalo của em : 0931.689.459 ( ÚT LUẬN )",800.0,1125.0,"Đường Loại 5,Xã Xuân Đường,Đồng Nai(Mới)",binh-duong,Đất,dat-tho-cu,2025-09-13 17:09:22,14/08/2025 17:09,Hồ Chí Minh,Đồng Nai
21196,1254963.0,"Bán gấp lô đất 2mt, thổ cư, 319.6m2 cách chợ 300m, giá 200 triệu ,thị xã sầm uất","Cần tiền làm ăn nên tôi cần bán nhanh lại lô góc 2 mặt tiền 319.6m² nằm ngay chợ vào 300m- Đất của tôi sổ hồng riêng, tôi bao mua bán công chứng, xây dựng tự do.- MT đường 18m và 12m, xung quanh nhà trọ, dân cư sống tập trung...Bán kinh 500m có chợ buôn bán cả ngày, cụm các CTY xí nghiệp hoạt động công nhân đông, Trường học cấp 123 sát bên.Nên rất thuận tiện ở, kinh doanh khách sạn, xây trọ công nhân thuê.Tổng DT 319.6m², giá tôi bán bao sổ là 200 triệu. GỌI TRỰC TIẾP HOẶC KẾT BẠN ZALO TÔI GỬI SỔ , GHIM VỊ TRÍSDT 0931.689.459 ÚT LUẬN",200.0,319.0,"Đường 30 Tháng 4 (Bình Thắng 1 + Bình Thắng 2) - Đường Loại 4,Phường Chơn Thành,Đồng Nai(Mới)",binh-duong,Đất,dat-tho-cu,2025-09-13 17:09:24,14/08/2025 17:09,Hồ Chí Minh,Đồng Nai
21197,1252103.0,"BÁN GẤP LÔ ĐẤT 2MT, THỔ CƯ, 503.4M2 CÁCH CHỢ 300m, giá 198 triệu ,thị xã sầm uất","Do đang cần tiền làm ăn nên thời gian này tôi cần bán nhanh lại lô góc 2 mặt tiền 503,4m² nằm ngay chợ vào 300m là tới.- Đất của tôi sổ hồng riêng, tôi bao mua bán công chứng, xây dựng tự do.- MT đường 12m và 8m, xung quanh nhà trọ, dân cư sống tập trung...Bán kinh 500m có chợ buôn bán cả ngày, cụm các CTY xí nghiệp hoạt động công nhân đông, Trường học cấp 123 sát bên.Nên rất thuận tiện ở, kinh doanh khách sạn, xây trọ công nhân thuê.Tổng DT 503,4m², giá tôi bán bao sổ là 198 triệu.Gia đình đang có việc nên tôi đành bán nhanh giá rẻ mong anh chị nào quan tâm hãy liên lạc: 0931.689.459. Để tôi gửi thông tin qua cho anh chị xem trước.",198.0,503.0,"Đường Quốc Lộ 1K - Đường Loại 3,Xã Nha Bích,Đồng Nai(Mới)",binh-duong,Đất,dat-tho-cu,2025-09-13 17:09:24,14/08/2025 17:09,Hồ Chí Minh,Đồng Nai
21206,1251087.0,"BÁN BUÔNG ĐUÔI, THU HỒI VỐN ,5 SHR(27X50=1.329m2 )395 TRIỆU/S, MT ql14 CHỢ MINH LẬP VÀO 900M","CHÀO ANH CHỊ TÌM MUA VÀ ANH CHỊ MÔI GIỚIMÌNH CẦN BÁN NHANH THU HỒI VỐN 5 LÔ ĐẤT LIỀN KỀ GIÁ ĐÚNG 100% 395 TRIỆU /SỔMÌNH CHIA SẼ RẤT CHÍNH XÁT TRÁNH MẤT THỜI GIAN VÀ GẶP ANH CHỊ THIỆN CHÍ ( TRÂN TRỌNG )VỊ TRÍ : 1 XẸT QUỐC LỘ 14 NGÂY CHỢ MINH LẬP VÀO 900M ,CÓ THỂ ĐI DT756 NGÂY PHÒNG GYM QUẸO PHẢIDIỆN TÍCH : 5 SỔ LIỀN KỀ27X50=1.329M2 (500M2 THỔ CƯ SẲN )PHÁP LÝ : SỔ HỒNG RIÊNG CÔNG CHỨNG TRONG NGÀY , BAO CHECK QUY HOẠCH , ĐO ĐẠC ĐÚNG VỊ TRÍ SỔ .TIỆN ÍCH : BÁN KÍNH 1 KM ( CHỢ MINH LẬP, TIỆM VÀNG KIM THẮNG , NGÂN HÀNG , UBND , TRƯỜNG HỌC CÁC CẤP ,ĐIỆN MÁY XANH BÁCH HOÁ XANH ......)MÌNH BÁN THU HỒI VỐN, ANH CHỊ NÀO Ở XA , MÌNH CÓ QUAY VIDEO GỬI ANH CHỊ XEM ƯNG Ý HẢ ĐI COI ĐẤT .ANH CHỊ MÔI GIỚI EM G",395.0,1329.0,"đường Quốc Lộ 13,Xã Nha Bích,Đồng Nai(Mới)",binh-duong,Đất,dat-tho-cu,2025-09-13 17:09:25,14/08/2025 17:09,Hồ Chí Minh,Đồng Nai
21234,1239208.0,kẹt tiền bán gấp đất dòng tiền 5.33x50=260m2 thổ cư MT QUỐC LỘ 14 VÀO giá 190 triệu,"chào anh chị , em kẹt tiền cần bán gấp , 2 lô đất mặt tiền quốc lộ 14 ngây chợ MINH LẬP VÀO 900M ( ngân hàng MB ĐÃ ĐỊNH GIÁ 300 TRIỆU RỒI ,EM CẦN BÁN NHANH EM BÁN LỖ )EM CHIA SẼ RẤT CHÍNH SÁT , LÔ ĐẤT CỦA EM , TRÁNH MẤT THỜI GIAN MONG GẶP ANH CHỊ THIỆN CHÍgiá đúng  190 triệu , em bao toàn bộ chi phí ko phát sinh , ko vay ngân hàng ko lùa gà lùa vịt tốn thời gian 2 bên .( ko có ngon bổ rẻ diện tích bự đâu )diện tích : 5.33x50=260m2 full thổ cư sổ hồng riêng ( em có 2 lô liền kề)đi bộ là ra tới chợ lớn sầm uất nhất CHƠN THÀNH .XE CONTAINER ĐẬU TRƯỚC ĐẤT ngây gần nút giao xuống cao tốc .cách chợ 900m thì anh chị về : xây nhà trọ , biệt thự , kinh doanh, làm kho xưởngTIỆN ÍCH bán kính 1km: chợ ,",190.0,260.0,"đường Quốc Lộ 13,Xã Nha Bích,Đồng Nai(Mới)",binh-duong,Đất,dat-tho-cu,2025-09-13 17:09:34,14/08/2025 17:09,Hồ Chí Minh,Đồng Nai
21239,1237989.0,kẹt tiền bán gấp đất dòng tiền 5.33x50=260m2 thổ cư MT QUỐC LỘ 14 VÀO 900M GIÁ ĐÚNG 450 TRIỆU,"chào anh chị , em kẹt tiền cần bán gấp , 2 lô đất mặt tiền quốc lộ 14 ngây chợ MINH LẬP VÀO 900M ( ngân hàng MB ĐÃ ĐỊNH GIÁ 500 TRIỆU RỒI ,EM CẦN BÁN NHANH EM BÁN LỖ )EM CHIA SẼ RẤT CHÍNH SÁT , LÔ ĐẤT CỦA EM , TRÁNH MẤT THỜI GIAN MONG GẶP ANH CHỊ THIỆN CHÍgiá đúng 450 triệu , em bao toàn bộ chi phí ko phát sinh , ko vay ngân hàng ko lùa gà lùa vịt tốn thời gian 2 bên .( ko có ngon bổ rẻ diện tích bự đâu )diện tích : 5.33x50=260m2 full thổ cư sổ hồng riêng ( em có 2 lô liền kề)đi bộ là ra tới chợ lớn sầm uất nhất CHƠN THÀNH .XE CONTAINER ĐẬU TRƯỚC ĐẤT ngây gần nút giao xuống cao tốc .cách chợ 900m thì anh chị về : xây nhà trọ , biệt thự , kinh doanh, làm kho xưởngTIỆN ÍCH bán kính 1km: chợ , ",450.0,260.0,"đường Quốc Lộ 13,Xã Nha Bích,Đồng Nai(Mới)",binh-duong,Đất,dat-tho-cu,2025-09-13 17:09:34,14/08/2025 17:09,Hồ Chí Minh,Đồng Nai
21244,1234573.0,"BÁN GẤP 2 LÔ (10X50) GIÁ 480 TRIỆU/S ĐẤT ĐỐI DIỆN CHỢ MINH LẬP CHƠN THÀNH , MT QUỐC LỘ 14 VÀO","Rất cần tiền cần bán gấp 1 cặp duy nhất mặt tiền QL14 đi vào đường DT756.Em chia sẻ rất kỹ và chi tiết mong gặp anh chị thật sự thiện chí (trân trọng).Diện tích Tổng: 10x50=500m² 200m² TC (full sổ hồng riêng thổ cư)Giá 480 triệu/S bao hết chi phí không phát sinh.Giao thông: xe container đậu được trước đất , mặt tiền quốc lộ vào 900mBán kính 1 km: Trường cấp 1.2.3, UBND, KCN BECAMEX, công ty xuất nhập khẩu Đại Phú, chợ Minh LẬP.TỪ MẶT TIỀN QUỐC LỘ 14 VÀO 800M , ĐI CHỢ CHỈ CẦN ĐI BỘ , CHỢ SẦM UẤT NHẤT CHƠN THÀNHPhù hợp: A/C mua đầu tư để dành cho con cái, xây trọ, nhà kho xưởng, trang trại, cà phê sân vườn.Ngân hàng đã thẩm định cho vay đã 450 triệu rồi khỏi lo về pháp lý.Công chứng trước 30/4",100.0,1125.0,"Đường Ngô Quyền (Lô C Chợ Bến Cát) - Đường Loại 1,Xã Nha Bích,Đồng Nai(Mới)",binh-duong,Đất,dat-tho-cu,2025-09-13 17:09:35,14/08/2025 17:09,Hồ Chí Minh,Đồng Nai
21262,1225558.0,Bán gấp thu hồi vốn trước 30/4còn vài lô tổng (4.949m2) 245 triệu tới 500 triệu,"Chủ đầu tư cần thu hồi vốn, thanh lý nhanh vài lô đất siêu đẹp, siêu tiềm năng, siêu rẻ trước lễ 30/4 - 1/5.- Pháp lý rõ ràng: Sổ hồng riêng từng nền - Full thổ cư 100% Xây dựng tự do.- Vị trí đắc địa, gần Khu Dân Cư Hiện Hữu, Chợ, Trường Học, Khu Công Nghiệp.- Sát nút giao cao Tốc, Tiềm năng tăng giá cực cao,Thích hợp Đầu Tư hoặc An Cư.Mặt Tiền, QL 14 Chơn Thành vào 700m : 20 x 50 = 1000m²( 400m² Thổ) 480Triệu/SổSau Lòng Chợ Tân Hưng, Hớn Quản: 10 x 35 = 350m² ( 200m² Thổ). 245 Triệu/SổMặt Tiền Nhựa 42m, DT758 Hớn Quản: 10 x 60 = 600m² ( 200m² Thổ). 460 Triệu/SổMặt Tiền nhựa DT756B, Chơn Thành : 15 x 50 = 750m² ( 300m² Thổ). 520 Triệu/SổĐất Vườn Mặt Tiền Nhựa Đường số 7, Chơn Thành: 50 x 40",250.0,4949.0,"đường Quốc Lộ 13,Xã Nha Bích,Đồng Nai(Mới)",binh-duong,Đất,dat-tho-cu,2025-09-13 17:09:42,14/08/2025 17:09,Hồ Chí Minh,Đồng Nai
21271,1223852.0,"BÁN 5 SỔ (26.72X50=1.279m2) sát CHỢ SẦM UẤT NHẤT CHƠN THÀNH,KCN BECAMEX giá 175","Tôi mua 2020 lúc sốt , giờ cần tiền nên tui bán đúng 175 triệu/s trọn gói ko phát sinhTôi bán thật thực tế ko ảo , đỡ mất thời gian mong gặp anh chị thiện chí ( trân trọng).ĐẤT TÔI CHỈ CÀN ĐI BỘ VÀI PHÚT LÀ TỚI CHỢ MINH LẬP SẦM UẤT NHẤT CHƠN THÀNH ( FULL TIỆN ÍCH từ PHÒNG GYM , ĐIỆN MÁY XANH,...)Diện tích (25x50=1.279 m2) đã tách làm 5 sổ hồng riêng có sẳn 500m2 thổ cư .sát MẶT TIỀN con đường DT756 ,42m , đối diện , CÂY XĂNG ,BIỆT THỰ .Cách chợ MINH LẬP 2km, trường thpt MINH LẬP 1.5 km, KCN BECAMEX 1km .Dân cư đông đúc , khu nghỉ dưỡng sầm uất , kết nối 2 THÀNH PHỐ .2 tuyến CAO TỐC2 biệt thự đang xây kế bên , ko đệp người ta ko về ở .(O931.689.459 LUẬN HOA TƯƠI).PHÙ HỢP : ĐẦU TƯ , ĐỂ DÀNH ,X",175.0,1279.0,"Đường NC, QL13,Xã Nha Bích,Đồng Nai(Mới)",binh-duong,Đất,dat-tho-cu,2025-09-13 17:09:43,14/08/2025 17:09,Hồ Chí Minh,Đồng Nai
21290,1211814.0,"Bán 195 triệu, 2 mặt tiền view suối, nở hậu, 422m2, SHR thổ cư, sát KCN 30/4","Chào anh chị tôi chủ đất muốn bán miếng đất 2 mặt tiền nhà cho mặt tiền 756 (422m2)VÌ hơi kẹt nên bán rẻ chồng tiền lấy hàng (mới bán lỗ 50%).*****NGOÀI RA CÒN LÔ CÁCH CHỢ TÂN HƯNG 900M GIÁ 245 TRIỆU ****- Diện tích: (10x40=422.1m²) nở hậu 15m sổ hồng riêng lên hết thổ cư.- View suối + nở hậu = phong thuỷ- Pháp lý: Minh bạch, thổ cư chính chủ, sang tên công chứng nhà nước.- Vị trí: Mặt tiền đường 42m, thông kết nối 2 thành phố, Đồng Nai Mã Đà.- Hạ tầng: Đất bằng phẳng, quốc lộ, nên cống rãnh, điện âm nước máy,- Đất đẹp: Vuông vức sát trường chợ kcn cây xăng, nhà dân sang sát,- Phù hợp: Người có tầm nhìn, xây khách sạn, mở quán kinh doanh, ăn uống,Kho xưởng đầu tư ngắn hạn dài hạn đều được, đ",195.0,422.0,"đường Ql 13,Xã Nha Bích,Đồng Nai(Mới)",binh-duong,Đất,dat-tho-cu,2025-09-13 17:09:46,14/08/2025 17:09,Hồ Chí Minh,Đồng Nai
21631,1133159.0,"Bán MT CÔNG CHỨNG LIỀN(30x33=1.000m2)full SHR có thổ cư,sát trường 1,2,3(kcn 30/4) 250tr/s","Đất nhà cho 2016. Nợ tiền nóng 200 triệu. (Cần trả trước tết mới bán lỗ) nhanh lấy vốn làm ăn.(30x33=1.000m) đã chia 6 sổ riêng có thổ cư bán (tổng sổ 250 triệu/SỔ) trọn gói bao hết chi phí.Đất 2 mặt tiền,VIEW NHƯ ĐÀ LẠT đường 21m bằng phẳng vuông vức kế bên nhà chủ tịch.Sát bên chợ, trường 1,2,3. Dân cư sầm uất, tiện ích đầy đủ khu nhà giàu nghỉ dưỡng.Trước nhà nhà nước đang làm đường lớn ra công nghiệp 30/4 khu nhà máy công ty 2km.Vì có 6 sổ ai mua lẻ sổ (5m tôi cũng bán). (Ký trước tết mới bán).Đất đẹp khỏi chê thấy là mê. Xây trọ kho xưởng kinh doanh, đầu tư ở được, xây tự do bao giấy.Bán lỗ, để bán nhanh anh chị nào thiện chí, gọi tôi qua nhà coi sổ hãy đi đỡ mất công anh chị.- Chính ch",250.0,1000.0,"đường Quốc Lộ 13,Phường Chơn Thành,Đồng Nai(Mới)",binh-duong,Đất,dat-tho-cu,2025-09-13 17:11:06,14/08/2025 17:11,Hồ Chí Minh,Đồng Nai
21639,1118952.0,"BÁN GẤP LÔ MT TỈNH LỘ (10X60=612m2) full SHR thổ cư,sát chợ trường 1,2,3, KCN 550HA, 430TR","Đất nhà cho 2016. Nợ tiền nóng 200 triệu. (Cần trả trước tết mới bán lỗ) nhanh lấy vốn làm ăn.(10x60=612m²) đã chia 2 sổ riêng có thổ cư bán (tổng sổ 430 triệu) trọn gói bao hết chi phí.Đất 2 mặt tiền,  đường 42m bằng phẳng vuông vức kế bên nhà chủ tịch.Sát bên chợ, trường 1,2,3. Dân cư sầm uất, tiện ích đầy đủ khu nhà giàu nghỉ dưỡng.ĐỐI DIỆN SÂN BÓNG ĐÁ ,CÀ PHÊ.Trước nhà đường lớn ra công nghiệp 30/4 khu nhà máy công ty 2km.Vì có 2 sổ ai mua lẻ sổ (6m tôi cũng bán 430 triệu sổ). (Ký trước tết mới bán).Đất đẹp khỏi chê thấy là mê. Xây trọ kho xưởng kinh doanh, đầu tư ở được, xây tự do bao giấy.Bán lỗ, để bán nhanh anh chị nào thiện chí, gọi tôi qua nhà coi sổ hãy đi đỡ mất công anh chị.- Ch",430.0,612.0,"đường Quốc Lộ 13,Xã Tân Hưng,Đồng Nai(Mới)",binh-duong,Đất,dat-tho-cu,2025-09-13 17:11:07,14/08/2025 17:11,Hồ Chí Minh,Đồng Nai
30878,1035738.0,Bán lô đất 200m2 mặt tiền đường nhựa kế bên trường Tiểu Học Lộc An giá 396tr ngân hàng hỗ trợ 200tr,Liên hệ: 0812.027.462,396.0,200.0,"Phường Phú Lợi,TP. Hồ Chí Minh(Mới)",binh-phuoc,Đất,dat-tho-cu,2025-09-13 16:02:42,13/09/2025 10:02,Đồng Nai,Hồ Chí Minh
50154,1270648.0,Bán đất 330m² 189 triệu tại Xã Hòa Thành Huyện Krông Bông,"💐 Mở bán 4 nền tại xã Hoà Thành, Huyện Krong Bong, Đắk Lăk✅ Lô 1: Dt: 6.4 x 52 Thổ Cư 100m2 nở hậu 7.6m giá bán 189 triệu✅ Lô 2-3-4: Dt: 5 x 52 Thổ Cư 100m2 giá bán 159 triệu- Nằm ngay KDC hiện hữa, hàng xóm thiện lành.Vị trí đất cách đường liên xã 100 mét, cách sân bay BMT 29km, trong 1km tới Trường Học UBND xã.------👉 Giá bán đã bao toàn bộ thuế phíLH :",189.0,330.0,"Phường Hòa Lợi,TP. Hồ Chí Minh(Mới)",dak-lak,Đất,dat-tho-cu,2025-09-13 15:18:29,13/09/2025 10:18,Đắk Lắk,Hồ Chí Minh
54686,1354284.0,"Bán sỉ 4 lô đất giáp hòi thuỷ lợi đã tách sẵn sổ 1,35 Tỷ/hơn 4800m2 mặt tiền 42mét ☎️0938.60.9098","Bán sỉ 4 lô đất giáp hồ thuỷ lợi cho nhà đầu tưGiá chốt 1,35 TỶ/hơn 4800m2 đã tách sẵn 4 sổ nở hậu giáp hồĐất gần nhà dân, cách trục đường Nhựa DT685 chỉ 150métGiá bán nhanh trong tuầnLh 0938.60.9088",1350.0,4800.0,"Xã Phú Nghĩa,Đồng Nai(Mới)",dak-nong,Đất,dat-tho-cu,2025-09-13 15:36:17,12/09/2025 15:36,Lâm Đồng,Đồng Nai
59051,1272164.0,Gần 10M Mặt tiền Quốc Lộ 56 B - (620m2 - 100m2 ODT) đất đô thị Kim Long  ( BR2KL-01),"Gần 10M Mặt tiền Quốc Lộ 56 B - (620m2 - 100m2 ODT) đất đô thị Kim Long  ( BR2KL-01)* Với 9,9m Mặt tiền đường chính Quốc Lộ 56B, với chiều dài 62m. Tổng diện tích đất là 620m2 có sẳn 100m2 đất là đất ở đô thị, có thể làm thủ tục đề nghị tăng thêm diện tích đất ở khi có nhu cầu xây dựng nhà ở, xưởng sản xuất, mặt bằng kinh doanh,...* Đất cao ráo, bằng phẳng, ranh giới rõ ràng. Khu vực đông dân cư thuận tiện kinh doanh, buôn bán được ngay* Cách Trung tâm khu thương mại, khu chợ Kim Long chỉ khoảng 3Km* Cách sân bay Quốc Tế Long Thành: 20Km, Cách trung tâm TP HCM chỉ 70km, cách Cảng Cái Mép chỉ : 25Km* Theo bản đồ Qui hoạch đến năm 2030 đất sẽ có được rất nhiều ưu điểm nổi bật như sau:+ Đườn",2400.0,620.0,"Xã Kim Long,TP. Hồ Chí Minh(Mới)",dong-nai,Đất,dat-tho-cu,2025-09-13 17:51:42,13/09/2025 03:51,Đồng Nai,Hồ Chí Minh
62518,1202350.0,"Cần bán gấp 152m2 đất ở đô thị giá 1tỉ6, có ngân hàng hỗ trợ","✅ Nằm ngay trung tâm Định Quán, Đồng Nai – Kết nối thuận tiện với TP.HCM, Bình Dương và các khu vực lân cận.✅ Cận kề cao tốc Dầu Giây – Liên Khương, dễ dàng di chuyển đến Đà Lạt và các tỉnh Tây Nguyên.✅ Gần sân bay Long Thành, tiềm năng tăng giá cực lớn.🏡 Sơ đồ phân lô rõ ràng – Pháp lý minh bạch:✔️ Đất ở đô thị full thổ cư – Sổ riêng từng nền.✔️ Quy hoạch bài bản, hạ tầng hoàn thiện.✔️ Đầy đủ tiện ích: Điện, nước, đường nội bộ rộng rãi.",1600.0,152.6,"Đường Quốc Lộ 20,Xã Đất Đỏ,TP. Hồ Chí Minh(Mới)",dong-nai,Đất,dat-tho-cu,2025-09-14 00:24:06,15/08/2025 00:24,Đồng Nai,Hồ Chí Minh
63936,1430795.0,Nhà Đất Bảo Hòa Xuân Lộc Đồng Nai,"D29. Nhà Đất Bảo Hòa Xuân Lộc Đồng NaiLH: 0964200073* Tờ 83/448: 11 x 111m = 1170m2 đất CLN+ Gồm 10 thửa dt từ 1107m2 đến 2307m2, sổ đỏ sẵn, công chứng sang tên ngay👉 Giá bán chỉ từ 233tr đến 485tr/nềnVị trí: 10.792309,107.551007",223.0,1107.0,"Xã Tân Minh,Lâm Đồng(Mới)",dong-nai,Đất,dat-tho-cu,2025-09-14 00:29:41,31/08/2025 00:29,Đồng Nai,Lâm Đồng
