province_original,row_count,percentage,province_current_for_coverage
tp-ho-chi-minh,72442,30.666395739673025,Hồ Chí Minh
ha-noi,45762,19.3721266922354,Hà Nội
binh-duong,19566,8.2827461837393,Hồ Chí Minh
dong-nai,11443,4.844089981627763,Đồng Nai
da-nang,9898,4.19005528603964,Đà Nẵng
khanh-hoa,7620,3.225724518046278,Khánh Hòa
long-an,6991,2.959454082107812,Tây Ninh
dak-lak,6101,2.5826962315748476,Đắk Lắk
lam-dong,6064,2.567033264754938,Lâm Đồng
ba-ria-vung-tau,5800,2.4552758798777443,Hồ Chí Minh
binh-phuoc,4494,1.9024154834776865,Đồng Nai
hai-phong,4196,1.7762651020632785,Hải Phòng
tay-ninh,3325,1.4075503966540517,Tây Ninh
quang-ninh,2779,1.1764158052034916,Quảng Ninh
binh-thuan,2778,1.1759924817759264,Lâm Đồng
hung-yen,2051,0.8682363499360781,Hưng Yên
dien-bien,1673,0.7082200943164597,Điện Biên
bac-ninh,1570,0.6646177812772515,Bắc Ninh
can-tho,1494,0.6324452007823017,Cần Thơ
kien-giang,1392,0.5892662111706586,An Giang
quang-nam,1344,0.5689466866475325,Đà Nẵng
thua-thien-hue,1220,0.5164545816294566,Huế
vinh-long,1174,0.49698170396146063,Vĩnh Long
hoa-binh,1089,0.46099921261842475,Phú Thọ
an-giang,1075,0.45507268463251294,An Giang
tien-giang,981,0.41528028244139087,Đồng Tháp
phu-tho,871,0.36871470540922674,Phú Thọ
thanh-hoa,818,0.346278563748275,Thanh Hóa
bac-giang,722,0.30563951470202266,Bắc Ninh
soc-trang,697,0.2950564290128944,Cần Thơ
ha-nam,685,0.2899765478821129,Ninh Bình
ninh-thuan,670,0.283626696468636,Khánh Hòa
vinh-phuc,609,0.25780396738716316,Phú Thọ
nam-dinh,608,0.25738064395959803,Ninh Bình
dong-thap,592,0.25060746911855597,Đồng Tháp
gia-lai,558,0.2362144725813416,Gia Lai
ben-tre,493,0.20869844978960825,Vĩnh Long
thai-nguyen,421,0.17821916300491902,Thái Nguyên
quang-ngai,418,0.17694919272222365,Quảng Ngãi
dak-nong,381,0.1612862259023139,Lâm Đồng
phu-yen,357,0.1511264636407508,Đắk Lắk
ninh-binh,348,0.14731655279266465,Ninh Bình
binh-dinh,336,0.1422366716618831,Gia Lai
hai-duong,284,0.12022385342849644,Hải Phòng
nghe-an,280,0.11853055971823592,Nghệ An
thai-binh,249,0.10540753346371695,Hưng Yên
quang-binh,218,0.09228450720919797,Quảng Trị
lao-cai,216,0.09143786035406772,Lào Cai
quang-tri,205,0.08678130265085131,Quảng Trị
ca-mau,149,0.06307519070720412,Cà Mau
yen-bai,137,0.05799530957642258,Lào Cai
ha-tinh,106,0.0448722833219036,Hà Tĩnh
tra-vinh,99,0.0419090193289477,Vĩnh Long
hau-giang,92,0.0389457553359918,Cần Thơ
son-la,78,0.033019227350080005,Sơn La
bac-lieu,73,0.030902610212254367,Cà Mau
kon-tum,45,0.019049554240430772,Quảng Ngãi
tuyen-quang,43,0.018202907385300518,Tuyên Quang
ha-giang,19,0.008043145123737439,Tuyên Quang
lang-son,13,0.005503204558346668,Lạng Sơn
lai-chau,10,0.004233234275651283,Lai Châu
bac-kan,3,0.001269970282695385,Thái Nguyên
cao-bang,1,0.0004233234275651283,Cao Bằng
