source_record_1based,listing_id,title,description,price_raw,area_raw,location,province_original,property_type,property_type_slug,scraped_at,last_updated_date
1,1241101.0,Bán nhà 78.7m² 2.7 tỷ tại Thị trấn Thứ Ba Huyện An Biên,,2700.0,78.7,"Xã An Biên,An Giang(Mới)",an-giang,Nhà riêng,nha-mat-pho-mat-tien,2025-09-13 23:54:41,13/09/2025 03:54
3,1182246.0,Bán nhà 34.2m² 600 triệu tại Phường An Hòa Thành phố Rạch Giá,,600.0,34.2,"Phường Rạch Giá,An Giang(Mới)",an-giang,Nhà riêng,nha-mat-pho-mat-tien,2025-09-13 23:54:41,13/09/2025 03:54
5,473411.0,"Cần bán, hoặc cho thuê",Thuận tiện xây khách sạn,6000.0,298.0,"Đường Trần Phú,Đặc khu Phú Quốc,An Giang(Mới)",an-giang,Nhà riêng,nha-mat-pho-mat-tien,2025-09-13 23:54:42,13/09/2025 03:54
6,1153155.0,Bán nhà 4700m² 13 tỷ tại Xã Giục Tượng Huyện Châu Thành,"Thích hợp làm kho, xây nhà trọ",13000.0,4700.0,"Xã Châu Thành,An Giang(Mới)",an-giang,Nhà riêng,nha-mat-pho-mat-tien,2025-09-13 23:54:42,13/09/2025 03:54
7,1268294.0,Bán nhà 117.4m² 10 tỷ tại Thị trấn Dương Đông Thành phố Phú Quốc,Có thương lượng,10000.0,117.4,"Đặc khu Phú Quốc,An Giang(Mới)",an-giang,Nhà riêng,nha-mat-pho-mat-tien,2025-09-13 23:54:42,13/09/2025 03:54
9,1219610.0,Bán nhà 390m² 3.2 tỷ tại Xã Cửa Cạn Thành phố Phú Quốc,,3200.0,390.0,"Đặc khu Phú Quốc,An Giang(Mới)",an-giang,Nhà riêng,nha-mat-pho-mat-tien,2025-09-13 23:54:42,13/09/2025 03:54
10,1357186.0,Bán nhà 31.3m² ngang 4m giá 2.2 tỷ Phường Rạch Giá,Nhà thích hợp kinh doanh buôn bán,2200.0,31.3,"Phường Rạch Giá,An Giang(Mới)",an-giang,Nhà riêng,nha-mat-pho-mat-tien,2025-09-13 23:54:42,13/09/2025 03:54
11,1211290.0,Bán nhà 99.5m² 1.65 tỷ tại Xã Vĩnh Hòa Hiệp Huyện Châu Thành,"Nhà sau lưng bến xe Rạch Sỏi, view thiên nhiên chiu chiu",1650.0,99.5,"Xã Bình An,An Giang(Mới)",an-giang,Nhà riêng,nha-mat-pho-mat-tien,2025-09-13 23:54:42,13/09/2025 03:54
12,1191957.0,"Bán nhà 108m² 5,4tỷ tại Thị trấn An Thới Thành phố Phú Quốc","Gần chợ, trường học, biển...",5400.0,108.0,"Đặc khu Phú Quốc,An Giang(Mới)",an-giang,Nhà riêng,nha-mat-pho-mat-tien,2025-09-13 23:54:43,13/09/2025 03:54
13,1192274.0,Bán nhà 127m² 3.2 tỷ tại Dương Đông Thành phố Phú Quốc,,3200.0,127.0,"Đặc khu Phú Quốc,An Giang(Mới)",an-giang,Nhà riêng,nha-mat-pho-mat-tien,2025-09-13 23:54:43,13/09/2025 03:54
14,821412.0,Chính chủ bán nhà và đất,,4500.0,104.0,"Đặc khu Phú Quốc,An Giang(Mới)",an-giang,Nhà riêng,nha-mat-pho-mat-tien,2025-09-13 23:54:43,13/09/2025 03:54
16,1195415.0,Bán nhà 343.9m² 3 tỷ tại Phường An Hòa Thành phố Rạch Giá,"👉🏻👉🏻 Cần bán căn nhà mặt tiền Trần Khánh Dư, P.An Hoà, Tp.Rạch Giá, Kiên Giang. Với tổng diện tích 259m2 Full thổ cư, nhà hoàn công cấp 3 được xây gần hết đất, phía sau chừa khoảng 59m2 để trồng 1 số loại rau ăn lá.👉 Vị trí: mặt tiền Trần Khánh Dư, gần chợ, trường học, trung tâm Phú Cường… 👉👉Thích hợp kinh doanh đa ngành nghề.👉 Diện tích: 8 x 40. Hậu 5.4m",3000.0,343.9,"Phường Rạch Giá,An Giang(Mới)",an-giang,Nhà riêng,nha-mat-pho-mat-tien,2025-09-13 23:54:43,13/09/2025 03:54
18,1430455.0,Bán nhà 680.7m² giá 2.6 tỷ Xã Tây Yên,Thương lượng,2500.0,680.7,"Xã Tây Yên,An Giang(Mới)",an-giang,Nhà riêng,nha-mat-pho-mat-tien,2025-09-13 23:54:43,13/09/2025 03:54
19,1279624.0,"Nhà mặt tiền Phan Văn Trường, KDC Cầu Suối, Phường Vĩnh Quang vừa hoàn thiện đang rao bán!!!","Nhà mặt tiền Phan Văn Trường, KDC Cầu Suối, Phường Vĩnh Quang vừa hoàn thiện đang rao bán!!!- Diện tích nhà: 5,25m x 20m (thổ cư 100%), thực tế dài 23m- Công năng: 2 phòng ngủ, 1 nhà vệ sinh, phòng khách, bếp.- Hướng nhà: Tây Nam- Đường rộng 5m, vỉa hè 3m- Tặng một số nội thất- Giá bán: 1 tỷ 980 triệu (thương lượng), có hỗ trợ ngân hàng- Liên hệ: 0343 698 343 (Chấn Hưng",1980.0,105.0,"Đường Phan Văn Trường,Phường Rạch Giá,An Giang(Mới)",an-giang,Nhà riêng,nha-mat-pho-mat-tien,2025-09-13 23:54:43,13/09/2025 03:54
20,1410849.0,Bán nhà 10.4m² ngang 3m giá 200 triệu Phường Rạch Giá,Nhà ngang 3m x3m có gát và lan can. nhà tuy nhỏ nhưng ngay trung tâm Rạch Giá,200.0,10.4,"Đường Ngô Quyền,Phường Rạch Giá,An Giang(Mới)",an-giang,Nhà riêng,nha-mat-pho-mat-tien,2025-09-13 23:54:43,13/09/2025 03:54
21,1437907.0,Bán nhà 153.3m² giá 50 tỷ Đặc khu Phú Quốc,,50000.0,153.3,"Đường Nguyễn Trãi,Đặc khu Phú Quốc,An Giang(Mới)",an-giang,Nhà riêng,nha-mat-pho-mat-tien,2025-09-13 23:54:43,13/09/2025 03:54
22,1216985.0,Bất động sản đường ven biển,Gần cung đường ven biển phía tây đảo phú quốc. Gần công viên trần phú. Gần cầu cảng. Gần trường học. Sinh lời cao,3500.0,68.0,"Đặc khu Phú Quốc,An Giang(Mới)",an-giang,Nhà riêng,nha-mat-pho-mat-tien,2025-09-13 23:54:43,13/09/2025 03:54
23,1461768.0,BÁN NHÀ,Nhà cấp 4 cần bán giá bán có thể thương lượng,1200.0,44.0,"Đường Trần Quang Khải,Phường Rạch Giá,An Giang(Mới)",an-giang,Nhà riêng,nha-mat-pho-mat-tien,2025-09-13 23:54:44,13/09/2025 03:54
24,1474527.0,Bán nhà giá 5.6 tỷ Đặc khu Phú Quốc,,5600.0,148.0,"Đặc khu Phú Quốc,An Giang(Mới)",an-giang,Nhà riêng,nha-mat-pho-mat-tien,2025-09-13 23:54:44,13/09/2025 03:54
26,1474529.0,Bán nhà 148.5m² giá 4.5 tỷ Đặc khu Phú Quốc,,4500.0,148.5,"Đặc khu Phú Quốc,An Giang(Mới)",an-giang,Nhà riêng,nha-mat-pho-mat-tien,2025-09-13 23:54:44,13/09/2025 03:54
