source_record_1based,listing_id,differing_columns,Title,Price,Area,Location,Province,Property Type,Scraped At,Last Updated Date
1,1241101.0,Province | Scraped At | Last Updated Date,Bán nhà 78.7m² 2.7 tỷ tại Thị trấn Thứ Ba Huyện An Biên,2700.0,78.7,"Xã An Biên,An Giang(Mới)",an-giang,Nhà riêng,2025-09-13 23:54:41,13/09/2025 03:54
131115,1241101.0,Province | Scraped At | Last Updated Date,Bán nhà 78.7m² 2.7 tỷ tại Thị trấn Thứ Ba Huyện An Biên,2700.0,78.7,"Xã An Biên,An Giang(Mới)",kien-giang,Nhà riêng,2025-09-13 23:58:31,13/09/2025 03:58
3,1182246.0,Province | Scraped At | Last Updated Date,Bán nhà 34.2m² 600 triệu tại Phường An Hòa Thành phố Rạch Giá,600.0,34.2,"Phường Rạch Giá,An Giang(Mới)",an-giang,Nhà riêng,2025-09-13 23:54:41,13/09/2025 03:54
131108,1182246.0,Province | Scraped At | Last Updated Date,Bán nhà 34.2m² 600 triệu tại Phường An Hòa Thành phố Rạch Giá,600.0,34.2,"Phường Rạch Giá,An Giang(Mới)",kien-giang,Nhà riêng,2025-09-13 23:58:30,13/09/2025 03:58
5,473411.0,Province | Scraped At | Last Updated Date,"Cần bán, hoặc cho thuê",6000.0,298.0,"Đường Trần Phú,Đặc khu Phú Quốc,An Giang(Mới)",an-giang,Nhà riêng,2025-09-13 23:54:42,13/09/2025 03:54
131105,473411.0,Province | Scraped At | Last Updated Date,"Cần bán, hoặc cho thuê",6000.0,298.0,"Đường Trần Phú,Đặc khu Phú Quốc,An Giang(Mới)",kien-giang,Nhà riêng,2025-09-13 23:58:30,13/09/2025 03:58
6,1153155.0,Province | Scraped At | Last Updated Date,Bán nhà 4700m² 13 tỷ tại Xã Giục Tượng Huyện Châu Thành,13000.0,4700.0,"Xã Châu Thành,An Giang(Mới)",an-giang,Nhà riêng,2025-09-13 23:54:42,13/09/2025 03:54
131106,1153155.0,Province | Scraped At | Last Updated Date,Bán nhà 4700m² 13 tỷ tại Xã Giục Tượng Huyện Châu Thành,13000.0,4700.0,"Xã Châu Thành,An Giang(Mới)",kien-giang,Nhà riêng,2025-09-13 23:58:30,13/09/2025 03:58
7,1268294.0,Province | Scraped At | Last Updated Date,Bán nhà 117.4m² 10 tỷ tại Thị trấn Dương Đông Thành phố Phú Quốc,10000.0,117.4,"Đặc khu Phú Quốc,An Giang(Mới)",an-giang,Nhà riêng,2025-09-13 23:54:42,13/09/2025 03:54
131113,1268294.0,Province | Scraped At | Last Updated Date,Bán nhà 117.4m² 10 tỷ tại Thị trấn Dương Đông Thành phố Phú Quốc,10000.0,117.4,"Đặc khu Phú Quốc,An Giang(Mới)",kien-giang,Nhà riêng,2025-09-13 23:58:31,13/09/2025 03:58
9,1219610.0,Province | Scraped At | Last Updated Date,Bán nhà 390m² 3.2 tỷ tại Xã Cửa Cạn Thành phố Phú Quốc,3200.0,390.0,"Đặc khu Phú Quốc,An Giang(Mới)",an-giang,Nhà riêng,2025-09-13 23:54:42,13/09/2025 03:54
131112,1219610.0,Province | Scraped At | Last Updated Date,Bán nhà 390m² 3.2 tỷ tại Xã Cửa Cạn Thành phố Phú Quốc,3200.0,390.0,"Đặc khu Phú Quốc,An Giang(Mới)",kien-giang,Nhà riêng,2025-09-13 23:58:31,13/09/2025 03:58
10,1357186.0,Province | Scraped At | Last Updated Date,Bán nhà 31.3m² ngang 4m giá 2.2 tỷ Phường Rạch Giá,2200.0,31.3,"Phường Rạch Giá,An Giang(Mới)",an-giang,Nhà riêng,2025-09-13 23:54:42,13/09/2025 03:54
131116,1357186.0,Province | Scraped At | Last Updated Date,Bán nhà 31.3m² ngang 4m giá 2.2 tỷ Phường Rạch Giá,2200.0,31.3,"Phường Rạch Giá,An Giang(Mới)",kien-giang,Nhà riêng,2025-09-13 23:58:31,13/09/2025 03:58
11,1211290.0,Province | Scraped At | Last Updated Date,Bán nhà 99.5m² 1.65 tỷ tại Xã Vĩnh Hòa Hiệp Huyện Châu Thành,1650.0,99.5,"Xã Bình An,An Giang(Mới)",an-giang,Nhà riêng,2025-09-13 23:54:42,13/09/2025 03:54
131111,1211290.0,Province | Scraped At | Last Updated Date,Bán nhà 99.5m² 1.65 tỷ tại Xã Vĩnh Hòa Hiệp Huyện Châu Thành,1650.0,99.5,"Xã Bình An,An Giang(Mới)",kien-giang,Nhà riêng,2025-09-13 23:58:31,13/09/2025 03:58
12,1191957.0,Province | Scraped At | Last Updated Date,"Bán nhà 108m² 5,4tỷ tại Thị trấn An Thới Thành phố Phú Quốc",5400.0,108.0,"Đặc khu Phú Quốc,An Giang(Mới)",an-giang,Nhà riêng,2025-09-13 23:54:43,13/09/2025 03:54
131107,1191957.0,Province | Scraped At | Last Updated Date,"Bán nhà 108m² 5,4tỷ tại Thị trấn An Thới Thành phố Phú Quốc",5400.0,108.0,"Đặc khu Phú Quốc,An Giang(Mới)",kien-giang,Nhà riêng,2025-09-13 23:58:30,13/09/2025 03:58
13,1192274.0,Province | Scraped At | Last Updated Date,Bán nhà 127m² 3.2 tỷ tại Dương Đông Thành phố Phú Quốc,3200.0,127.0,"Đặc khu Phú Quốc,An Giang(Mới)",an-giang,Nhà riêng,2025-09-13 23:54:43,13/09/2025 03:54
131119,1192274.0,Province | Scraped At | Last Updated Date,Bán nhà 127m² 3.2 tỷ tại Dương Đông Thành phố Phú Quốc,3200.0,127.0,"Đặc khu Phú Quốc,An Giang(Mới)",kien-giang,Nhà riêng,2025-09-13 23:58:32,13/09/2025 03:58
