source_record_1based,listing_id,title,description,price_raw,area_raw,location,province_original,property_type,property_type_slug,scraped_at,last_updated_date,metric,direction,value
6991,1272600.0,Nhận booking dự án dankoriveside Bắc Giang. Để được giá ưu đãi vui lòng liên hệ 0352612312,"Một Thành phố thu nhỏ, toạ lạc tại vị trí đắc địa. Thể hiện sự sang trọng, đẳng cấp. Đầy đủ tiện nghi, đa dạng sản phẩm. 👉 Đó là Danko river side. Nhận booking 0352612312(call,zalo)",9223372036850.0,44000.0,"Phường Đa Mai,Bắc Ninh(Mới)",bac-giang,Đất,dat-tho-cu,2025-09-13 00:45:29,14/08/2025 00:45,Price,largest,9223372036850.0
8162,1272600.0,Nhận booking dự án dankoriveside Bắc Giang. Để được giá ưu đãi vui lòng liên hệ 0352612312,"Một Thành phố thu nhỏ, toạ lạc tại vị trí đắc địa. Thể hiện sự sang trọng, đẳng cấp. Đầy đủ tiện nghi, đa dạng sản phẩm. 👉 Đó là Danko river side. Nhận booking 0352612312(call,zalo)",9223372036850.0,44000.0,"Phường Đa Mai,Bắc Ninh(Mới)",bac-ninh,Đất,dat-tho-cu,2025-09-13 13:01:30,14/08/2025 13:01,Price,largest,9223372036850.0
48466,1461435.0,Bán nhà 87.2m² ngang 4.9m giá 42000000004.2 tỷ Phường Ea Kao,"🏡 NHÀ 3 LẦU HẺM 19/5 – GÓC 2 MẶT TIỀN📍 Vị trí:Góc 2MT hẻm 19/5Trước nhà đường QH 24mCách đường 19/5: 30mCách Mai Thị Lựu: 400mCách ngã 6: 3km📐 Diện tích: 4,3 x 19m (nở hậu 4,9m)🏠 Kết cấu:Sân ô tôPhòng khách, bếp3 phòng ngủ (toilet riêng từng phòng)4 toiletPhòng thờ, kho, ban côngNhiều cửa sổ, góc 2MT thoáng mát💰 Giá: 4 tỷ 2 (thương lượng)",9223372036850.0,87.2,"Phường Ea Kao,Đắk Lắk(Mới)",dak-lak,Nhà riêng,nha-mat-pho-mat-tien,2025-09-13 15:11:43,13/09/2025 12:11,Price,largest,9223372036850.0
133438,997940.0,bán 230m2 đất thổ cư tại Lộc Châu giá cả thương lượng,,9223372036850.0,230.0,"Phường 3 Bảo Lộc,Lâm Đồng(Mới)",lam-dong,Đất,dat-tho-cu,2025-09-13 15:40:16,13/09/2025 03:40,Price,largest,9223372036850.0
126612,1253560.0,Bán đất 455.8m² 100000000 tỷ tại Xã Diên Sơn Huyện Diên Khánh,Đat,100000000000.0,455.8,"Xã Diên Điền,Khánh Hòa(Mới)",khanh-hoa,Đất,dat-tho-cu,2025-09-13 14:41:51,14/08/2025 14:41,Price,largest,100000000000.0
7323,1327315.0,"Pháp lý an toàn đã có sổ tại Sơn Quang - Tân Sơn, Tx Việt Yên, tỉnh Bắc Giang (Tin Hết Hạn)","Cơ hội vàng cho nhà đầu tư thông thái.Dự án khu đất đấu giá Sơn Quang - Tân Sơn, Việt Yên, Bắc Giang vị trí đắc địa giữa trung tâm hành lang Kinh Tế Hà Nội - Bắc Giang - Lạng Sơn!Di chuyển dễ dàng qua cao tốc Hà Nội - Bắc Giang, Quốc lộ 1A.Nằm gần các khu công nghiệp lớn như KCN Đình Trám, Quang Châu, nhu cầu nhà ở và thương mại ngày càng tăng cao.Sát bên Stone Highland Golf & Resort, nhà hàng cao cấp, sân vận động và hệ thống giáo dục chỉ trong bán kính 2km!Pháp lý an toàn sổ hồng sẵn sàng.Tiềm năng sinh lời cao từ giá trị khai thác đất.Giá cọc hấp dẫn chỉ từ 140 triệu cho cơ hội sở hữu lô đất chiến lược.Đầu tư ngay hôm nay để nắm bắt xu hướng và sinh lời bền vững!",0.0,90.0,"Huyện Việt Yên,Bắc Giang",bac-giang,Đất,dat-tho-cu,2025-09-13 00:46:30,15/07/2025 00:46,Price,smallest,0.0
7324,1326407.0,"CHÍNH CHỦ CẦN BÁN LÔ GÓC 2 MẶT TIỀN KHU ĐẤU GIÁ TRUNG SƠN, VIỆT YÊN, BẮC GIANG (Tin Hết Hạn)","CHÍNH CHỦ CẦN BÁN LÔ GÓC 2 MẶT TIỀN KHU ĐẤU GIÁ TRUNG SƠN, VIỆT YÊN, BẮC GIANGDiện tích: 132m² Vị trí siêu đẹp Đầu tư sinh lời cực cao!Lô góc 2 mặt tiền, thoáng đẹp, tiềm năng kinh doanh lớnĐường trước mặt rộng 16m, vỉa hè mỗi bên 6m Giao thông vô cùng thuận tiệnCách Trung tâm hành chính thị xã chỉ 1kmGần ngay Vành đai 4, kết nối khu vực nhanh chóngKhu vực dân cư đông đúc, phát triển mạnhPháp lý rõ ràng Sổ đỏ chính chủGiá bán hợp lý Liên hệ ngay: 0986 287 189",0.0,132.0,"Huyện Việt Yên,Bắc Giang",bac-giang,Đất,dat-tho-cu,2025-09-13 00:46:30,15/07/2025 00:46,Price,smallest,0.0
7331,1310992.0,"Cần bán đất dựng nhà là ở tại Hồng Thái, huyện Việt Yên, Bắc Giang (Tin Hết Hạn)","Thôn Hùng Lâm 3, xã Hồng Thái, huyện Việt Yên, tỉnh Bắc GiangVị trí siêu đắc địa Mặt đường Tỉnh lộ 285B Giao thông cực kỳ thuận tiện!Diện tích 78m² vuông vắn, Sổ đỏ chính chủ.Trên đất đã đổ nền bê tông sạch đẹp, tiết kiệm chi phí xây dựng.Khu dân cư hiện hữu, an ninh tốt, hạ tầng hoàn thiện.Thích hợp để xây nhà ở ngay, mở cửa hàng nhỏ, cho thuê hoặc đầu tư lâu dài.Mặt đường tỉnh lộ lớn thuận tiện kết nối các khu công nghiệp, trung tâm hành chính và các tiện ích dân sinh.Giá bán cực kỳ hợp lý đầu tư là sinh lời ngay!Liên hệ chính chủ để xem đất và chốt nhanh:0986 287 189",0.0,78.0,"Xã Hồng Thái,Huyện Việt Yên,Bắc Giang",bac-giang,Đất,dat-tho-cu,2025-09-13 00:46:30,15/07/2025 00:46,Price,smallest,0.0
7332,1328204.0,"BÁN NHÀ 2 TẦNG ĐẸP, ĐỦ CÔNG NĂNG – CHỈ VIỆC XÁCH VALI VỀ Ở! (Tin Hết Hạn)","Vị trí: Ngay cổng trại giam Ngọc Lý, Việt Yên, Bắc GiangDiện tích đất: 113m²Diện tích nhà: 90m²Công năng hoàn hảo:• 3 phòng ngủ rộng rãi, thoáng mát• 1 phòng khách sang trọng• 1 bếp tiện nghi, sạch sẽ• 1 gian thờ trang nghiêmChỉ cần dọn đến ở, không cần sửa chữa!• Vị trí đẹp, thuận tiện kinh doanh, buôn bán.• Không gian sống lý tưởng cho gia đình.Giá chỉ: 1 tỷ 7xxLiên hệ ngay: 0986287189",0.0,113.0,"Xã Ngọc Lý,Huyện Tân Yên,Bắc Giang",bac-giang,Đất,dat-tho-cu,2025-09-13 00:46:30,15/07/2025 00:46,Price,smallest,0.0
7519,1328317.0,chung cư giá dẻ bắc giang- nhà ở xã hội evergreen (Tin Hết Hạn),"Chỉ với hơn 460 triệu Full tiền bạn đã có thể sở hữu 1 căn hộ tại chung cư Evergeen Bắc Giang!Vị trí đắc địa: Nằm giữa 4 khu công nghiệp lớn nhất tỉnh : Vân Trung, Đình Trám, Hải Phòng, kết nối dễ dàng với các tuyến đường huyết mạch, cảng, và sân bay.Sổ hồng lâu dài: Sở hữu pháp lý rõ ràng, yên tâm đầu tư.???́?? ??́?? ??̛̣? ??̂́? ??̀?? ??? ???́?? ??̀??Ngân hàng hỗ trợ vay vốn lên đến 70% giá trị căn hộ.Chỉ 0,54%/ tháng tối đa 25 năm️ Tiện ích hiện đại: Đầy đủ tiện nghi, sẵn sàng cho cuộc sống tiện lợi.️0968766354",0.0,30.0,"Thị trấn Nếnh,Huyện Việt Yên,Bắc Giang",bac-giang,Căn hộ chung cư,can-ho-chung-cu,2025-09-13 00:47:03,15/07/2025 00:47,Price,smallest,0.0
155706,1382656.0,Bán đất 10000000000000000000m² ngang 500mm giá 60000 tỷ Xã Trà Vong,10 ha đất cao su mặt tiền đường dt781 giá hết đất 60ti. 0965085145,60000000.0,1e+18,"Xã Trà Vong,Tây Ninh(Mới)",tay-ninh,Đất,dat-tho-cu,2025-09-13 16:17:24,13/09/2025 03:17,Area,largest,1e+18
171707,1469729.0,"Chính chủ cần bán gấp căn hộ Chung cư Moonlight Park View Bình Tân, 75,9m², 2PN 2WC, giá 1 tỷ 790","Căn hộ chung cư Moonlight Park View tọa lạc tại Đường Số 7, Phường An Lạc A, Bình Tân, Hồ Chí Minh, với diện tích 75,9 m2, gồm 2 phòng ngủ và 2 toilet. Nội thất cơ bản, phù hợp với nhu cầu sinh sống hiện đại. + Giá bán: 1,79 tỷ VND. + Thiết kế thông minh, tối ưu không gian sống. + Khu vực an ninh, yên tĩnh, thích hợp cho gia đình. + Tiện ích đầy đủ, gần gũi với thiên nhiên. Gần trường mầm non Bình Minh, trường mầm non Hoàn Mỹ, trường mầm non Hương Sen. Gần siêu thị Bách Hóa Xanh 131 Chiến Lược, siêu thị Bách Hóa Xanh Liên Khu 10 - 11, siêu thị Bách Hóa Xanh 601 Tên Lửa. Có công viên Xanh, công viên 1/6, công viên Phú Lâm gần kề. Gần bệnh viện chuyên khoa ngoại thần kinh quốc tế, bệnh viện qu",1790.0,75900001525879.0,"Đường Số 7 Khu Dân Cư Nam Long,Phường An Lạc A,Quận Bình Tân,TP. Hồ Chí Minh",tp-ho-chi-minh,Nhà riêng,nha-mat-pho-mat-tien,2025-09-13 18:54:34,07/09/2025 18:54,Area,largest,75900001525879.0
195765,1187111.0,Mặt tiền đường su van hanh ..11 ty(co thương lượng) chính chủ.thuận tiện cho thuê hay kinh doanh,,11000.0,11000000000.0,"Phường 02,Quận 10,TP. Hồ Chí Minh",tp-ho-chi-minh,Nhà riêng,nha-mat-pho-mat-tien,2025-09-13 20:32:25,16/04/2025 20:32,Area,largest,11000000000.0
135995,1412040.0,Bán đất 2303761050.4m² giá 9 tỷ Phường Lâm Viên - Đà Lạt,Ctycpdtthdl,9000.0,2303761050.4,"Phường Lâm Viên - Đà Lạt,Lâm Đồng(Mới)",lam-dong,Đất,dat-tho-cu,2025-09-13 15:49:29,16/08/2025 15:49,Area,largest,2303761050.4
215386,1163163.0,Bán đất 1578861169.7m² 2.95 tỷ tại Xã Phước Vĩnh An Huyện Củ Chi,"4 tỷ hạ giá còn 2 tỷ 950Đất vườn MT nhựa Ng thị Dây,Tân Thạnh TâyDT:1331m,làm nhà vườn quá OK ,đất nở hậu",2950.0,1578861169.7,"Xã Phước Vĩnh An,Huyện Củ Chi,TP. Hồ Chí Minh",tp-ho-chi-minh,Đất,dat-tho-cu,2025-09-13 21:53:23,14/08/2025 21:53,Area,largest,1578861169.7
28044,1312694.0,"""Sở Hữu Chung Cư Xã Hội Chỉ Từ 155 Triệu – Vị Trí Đẹp, Đủ Điều Kiện Mua!"" (Tin Hết Hạn)","Nhà ở xã hội tại Bình Dương , căn 1 pn chỉ 777tr full nội thất- Giá bán: 22 triệu/m²- Diện tích: 35m²- Tổng giá trị căn hộ: 777 triệu.Chỉ cần 155.4 triệu là có nhà- Lãi suất cố định 6.1% trong vòng 10 năm.- Thanh toán gốc và lãi hàng tháng: 3.6 triệu/tháng (gốc + lãi) –Nhà ở xã hội liền kề  chỉ 2,3ty thang toán 699 tr nhận nhà , thiết kế 1 trệt 1 lửng 1 lầuLiên hệ : 0961.021.110 để đc tư vấn kĩ",0.0,-6.0,"Phường Hoà Phú,Thành phố Thủ Dầu Một,Bình Dương",binh-duong,Căn hộ chung cư,can-ho-chung-cu,2025-09-13 17:36:48,15/07/2025 17:36,Area,smallest,-6.0
27935,1326879.0,Chỉ từ 1.6 tỷ! Sở hữu ngay căn hộ vùng ven tp hcm tại The Gió Riverside BD (Tin Hết Hạn),"- Đã nhận booking Sản phẩm mới của An Gia - 𝐓𝐇𝐄 𝐆𝐈𝐎́ 𝐑𝐈𝐕𝐄𝐑𝐒𝐈𝐃𝐄Dự án căn hộ The Gió - Giai đoạn 1 sắp ra mắt thị trường TP. HCM 10 Phút Bến Xe Miền Đông.3 mặt sông - 1 mặt Thành phố SG.The Gió vị trí nằm giữa trái tim 3 thành phố lớn gồm TP Thủ Đức (Hồ Chí Minh), Đồng Nai và Bình Dương.CHÍNH THỨC NHẬN BOOKING SỐ TT CÓ HOÀN TRẢGiá giai đoạn 1 cạnh tranh, giá tốt Rumo 38-40tr/m2- Studio 1tỷ5 thanh toán 30% sở hữu lâu dài ~ 450tr là mua được!!Quy mô:+ Sản phẩm: 2906 căn hộ, 76 Shophouse.+ 2 Tòa ( Gió Nam Tower (B), Gió Đông Tower (A)).Tiện ích:+Tầng 3 nhà trẻ+Tầng 20 tầng lánh nạn+Tầng 40 hồ bơiDiện tích: 3 Loại Diện tích chính+ Sản phẩm 1PN: 10%+ Sản phẩm 2PN: 80%+ Sản phẩm 2PN+: 10%Khai trương",1500.0,-3.0,"Phường Thuận Giao,Thị xã Thuận An,Bình Dương",binh-duong,Căn hộ chung cư,can-ho-chung-cu,2025-09-13 17:36:26,15/07/2025 17:36,Area,smallest,-3.0
120119,1265950.0,Mở b.án căn hộ Lakeside Garden View Hồ Phương Lưu lần đầu tiên tại Hải Phòng. Gi.á chỉ từ 2.8 tỷ/căn,"Mở b.án căn hộ Lakeside Garden View Hồ Phương Lưu lần đầu tiên tại Hải Phòng. Gi.á chỉ từ 2.8 tỷ/cănPháp lý chuẩn chỉ, nhận sổ ngay sau khi giao nhà.Diện tích: 64m - 159m, từ 2-3 P.ngủ, Dualkey, PenBàn giao full nội thất cao cấp, thiết kế hiện đạiGiá từ 2.8 TỶ/căn (100%), trả trước 30%~850 triệuCạnh hồ điều hòa 24ha lớn nhất tại Hải PhòngMảnh đất ""KIM CƯƠNG"" cuối cùng dọc trục đường Lê Hồng Phong sầm uất, trái tim thành phố Cảng.Rất thích hợp vừa ở vừa nghĩ dưỡng, khách hàng mua để giữ tiền đầu tưCĂN HỘ CAO CẤP MẶT HỒ PHƯƠNG LƯU - ĐÔ THỊ CỦA CÁC ĐẠI GIA SINH SỐNGXem video tại đây: https://youtu.be/XHkXqcuiAV8?feature=shared-----------------------️ Đăng kỹ ngay nhận quỹ căn độc quyền chiết kh",2800.0,-1.0,"Phường Đông Khê,Quận Ngô Quyền,Hải Phòng",hai-phong,Căn hộ chung cư,can-ho-chung-cu,2025-09-13 13:19:29,15/06/2025 13:19,Area,smallest,-1.0
120124,1264528.0,Mở b.án căn hộ Lakeside Garden View Hồ Phương Lưu lần đầu tiên tại Hải Phòng. Gi.á chỉ từ 2.8 tỷ/căn,"Mở b.án căn hộ Lakeside Garden View Hồ Phương Lưu lần đầu tiên tại Hải Phòng. Gi.á chỉ từ 2.8 tỷ/cănPháp lý chuẩn chỉ, nhận sổ ngay sau khi giao nhà.Diện tích: 64m - 159m, từ 2-3 P.ngủ, Dualkey, PenBàn giao full nội thất cao cấp, thiết kế hiện đạiGiá từ 2.8 TỶ/căn (100%), trả trước 30%~850 triệuCạnh hồ điều hòa 24ha lớn nhất tại Hải PhòngMảnh đất ""KIM CƯƠNG"" cuối cùng dọc trục đường Lê Hồng Phong sầm uất, trái tim thành phố Cảng.Rất thích hợp vừa ở vừa nghĩ dưỡng, khách hàng mua để giữ tiền đầu tưCĂN HỘ CAO CẤP MẶT HỒ PHƯƠNG LƯU - ĐÔ THỊ CỦA CÁC ĐẠI GIA SINH SỐNGXem video tại đây: https://youtu.be/XHkXqcuiAV8?feature=shared-----------------------️ Đăng kỹ ngay nhận quỹ căn độc quyền chiết kh",2800.0,-1.0,"Phường Đông Khê,Quận Ngô Quyền,Hải Phòng",hai-phong,Căn hộ chung cư,can-ho-chung-cu,2025-09-13 13:19:29,15/06/2025 13:19,Area,smallest,-1.0
6995,1332750.0,Bán đất 1m² ngang 1m giá 1 tỷ tại Xã Đoan Bái Huyện Hiệp Hòa,,1000.0,1.0,"Xã Hiệp Hòa,Bắc Ninh(Mới)",bac-giang,Đất,dat-tho-cu,2025-09-13 00:45:29,14/08/2025 00:45,Area,smallest,1.0
48466,1461435.0,Bán nhà 87.2m² ngang 4.9m giá 42000000004.2 tỷ Phường Ea Kao,"🏡 NHÀ 3 LẦU HẺM 19/5 – GÓC 2 MẶT TIỀN📍 Vị trí:Góc 2MT hẻm 19/5Trước nhà đường QH 24mCách đường 19/5: 30mCách Mai Thị Lựu: 400mCách ngã 6: 3km📐 Diện tích: 4,3 x 19m (nở hậu 4,9m)🏠 Kết cấu:Sân ô tôPhòng khách, bếp3 phòng ngủ (toilet riêng từng phòng)4 toiletPhòng thờ, kho, ban côngNhiều cửa sổ, góc 2MT thoáng mát💰 Giá: 4 tỷ 2 (thương lượng)",9223372036850.0,87.2,"Phường Ea Kao,Đắk Lắk(Mới)",dak-lak,Nhà riêng,nha-mat-pho-mat-tien,2025-09-13 15:11:43,13/09/2025 12:11,Price_div_Area,largest,105772615101.49083
133438,997940.0,bán 230m2 đất thổ cư tại Lộc Châu giá cả thương lượng,,9223372036850.0,230.0,"Phường 3 Bảo Lộc,Lâm Đồng(Mới)",lam-dong,Đất,dat-tho-cu,2025-09-13 15:40:16,13/09/2025 03:40,Price_div_Area,largest,40101617551.521736
126612,1253560.0,Bán đất 455.8m² 100000000 tỷ tại Xã Diên Sơn Huyện Diên Khánh,Đat,100000000000.0,455.8,"Xã Diên Điền,Khánh Hòa(Mới)",khanh-hoa,Đất,dat-tho-cu,2025-09-13 14:41:51,14/08/2025 14:41,Price_div_Area,largest,219394471.25932425
6991,1272600.0,Nhận booking dự án dankoriveside Bắc Giang. Để được giá ưu đãi vui lòng liên hệ 0352612312,"Một Thành phố thu nhỏ, toạ lạc tại vị trí đắc địa. Thể hiện sự sang trọng, đẳng cấp. Đầy đủ tiện nghi, đa dạng sản phẩm. 👉 Đó là Danko river side. Nhận booking 0352612312(call,zalo)",9223372036850.0,44000.0,"Phường Đa Mai,Bắc Ninh(Mới)",bac-giang,Đất,dat-tho-cu,2025-09-13 00:45:29,14/08/2025 00:45,Price_div_Area,largest,209622091.7465909
8162,1272600.0,Nhận booking dự án dankoriveside Bắc Giang. Để được giá ưu đãi vui lòng liên hệ 0352612312,"Một Thành phố thu nhỏ, toạ lạc tại vị trí đắc địa. Thể hiện sự sang trọng, đẳng cấp. Đầy đủ tiện nghi, đa dạng sản phẩm. 👉 Đó là Danko river side. Nhận booking 0352612312(call,zalo)",9223372036850.0,44000.0,"Phường Đa Mai,Bắc Ninh(Mới)",bac-ninh,Đất,dat-tho-cu,2025-09-13 13:01:30,14/08/2025 13:01,Price_div_Area,largest,209622091.7465909
7323,1327315.0,"Pháp lý an toàn đã có sổ tại Sơn Quang - Tân Sơn, Tx Việt Yên, tỉnh Bắc Giang (Tin Hết Hạn)","Cơ hội vàng cho nhà đầu tư thông thái.Dự án khu đất đấu giá Sơn Quang - Tân Sơn, Việt Yên, Bắc Giang vị trí đắc địa giữa trung tâm hành lang Kinh Tế Hà Nội - Bắc Giang - Lạng Sơn!Di chuyển dễ dàng qua cao tốc Hà Nội - Bắc Giang, Quốc lộ 1A.Nằm gần các khu công nghiệp lớn như KCN Đình Trám, Quang Châu, nhu cầu nhà ở và thương mại ngày càng tăng cao.Sát bên Stone Highland Golf & Resort, nhà hàng cao cấp, sân vận động và hệ thống giáo dục chỉ trong bán kính 2km!Pháp lý an toàn sổ hồng sẵn sàng.Tiềm năng sinh lời cao từ giá trị khai thác đất.Giá cọc hấp dẫn chỉ từ 140 triệu cho cơ hội sở hữu lô đất chiến lược.Đầu tư ngay hôm nay để nắm bắt xu hướng và sinh lời bền vững!",0.0,90.0,"Huyện Việt Yên,Bắc Giang",bac-giang,Đất,dat-tho-cu,2025-09-13 00:46:30,15/07/2025 00:46,Price_div_Area,smallest,0.0
7324,1326407.0,"CHÍNH CHỦ CẦN BÁN LÔ GÓC 2 MẶT TIỀN KHU ĐẤU GIÁ TRUNG SƠN, VIỆT YÊN, BẮC GIANG (Tin Hết Hạn)","CHÍNH CHỦ CẦN BÁN LÔ GÓC 2 MẶT TIỀN KHU ĐẤU GIÁ TRUNG SƠN, VIỆT YÊN, BẮC GIANGDiện tích: 132m² Vị trí siêu đẹp Đầu tư sinh lời cực cao!Lô góc 2 mặt tiền, thoáng đẹp, tiềm năng kinh doanh lớnĐường trước mặt rộng 16m, vỉa hè mỗi bên 6m Giao thông vô cùng thuận tiệnCách Trung tâm hành chính thị xã chỉ 1kmGần ngay Vành đai 4, kết nối khu vực nhanh chóngKhu vực dân cư đông đúc, phát triển mạnhPháp lý rõ ràng Sổ đỏ chính chủGiá bán hợp lý Liên hệ ngay: 0986 287 189",0.0,132.0,"Huyện Việt Yên,Bắc Giang",bac-giang,Đất,dat-tho-cu,2025-09-13 00:46:30,15/07/2025 00:46,Price_div_Area,smallest,0.0
7331,1310992.0,"Cần bán đất dựng nhà là ở tại Hồng Thái, huyện Việt Yên, Bắc Giang (Tin Hết Hạn)","Thôn Hùng Lâm 3, xã Hồng Thái, huyện Việt Yên, tỉnh Bắc GiangVị trí siêu đắc địa Mặt đường Tỉnh lộ 285B Giao thông cực kỳ thuận tiện!Diện tích 78m² vuông vắn, Sổ đỏ chính chủ.Trên đất đã đổ nền bê tông sạch đẹp, tiết kiệm chi phí xây dựng.Khu dân cư hiện hữu, an ninh tốt, hạ tầng hoàn thiện.Thích hợp để xây nhà ở ngay, mở cửa hàng nhỏ, cho thuê hoặc đầu tư lâu dài.Mặt đường tỉnh lộ lớn thuận tiện kết nối các khu công nghiệp, trung tâm hành chính và các tiện ích dân sinh.Giá bán cực kỳ hợp lý đầu tư là sinh lời ngay!Liên hệ chính chủ để xem đất và chốt nhanh:0986 287 189",0.0,78.0,"Xã Hồng Thái,Huyện Việt Yên,Bắc Giang",bac-giang,Đất,dat-tho-cu,2025-09-13 00:46:30,15/07/2025 00:46,Price_div_Area,smallest,0.0
7332,1328204.0,"BÁN NHÀ 2 TẦNG ĐẸP, ĐỦ CÔNG NĂNG – CHỈ VIỆC XÁCH VALI VỀ Ở! (Tin Hết Hạn)","Vị trí: Ngay cổng trại giam Ngọc Lý, Việt Yên, Bắc GiangDiện tích đất: 113m²Diện tích nhà: 90m²Công năng hoàn hảo:• 3 phòng ngủ rộng rãi, thoáng mát• 1 phòng khách sang trọng• 1 bếp tiện nghi, sạch sẽ• 1 gian thờ trang nghiêmChỉ cần dọn đến ở, không cần sửa chữa!• Vị trí đẹp, thuận tiện kinh doanh, buôn bán.• Không gian sống lý tưởng cho gia đình.Giá chỉ: 1 tỷ 7xxLiên hệ ngay: 0986287189",0.0,113.0,"Xã Ngọc Lý,Huyện Tân Yên,Bắc Giang",bac-giang,Đất,dat-tho-cu,2025-09-13 00:46:30,15/07/2025 00:46,Price_div_Area,smallest,0.0
7519,1328317.0,chung cư giá dẻ bắc giang- nhà ở xã hội evergreen (Tin Hết Hạn),"Chỉ với hơn 460 triệu Full tiền bạn đã có thể sở hữu 1 căn hộ tại chung cư Evergeen Bắc Giang!Vị trí đắc địa: Nằm giữa 4 khu công nghiệp lớn nhất tỉnh : Vân Trung, Đình Trám, Hải Phòng, kết nối dễ dàng với các tuyến đường huyết mạch, cảng, và sân bay.Sổ hồng lâu dài: Sở hữu pháp lý rõ ràng, yên tâm đầu tư.???́?? ??́?? ??̛̣? ??̂́? ??̀?? ??? ???́?? ??̀??Ngân hàng hỗ trợ vay vốn lên đến 70% giá trị căn hộ.Chỉ 0,54%/ tháng tối đa 25 năm️ Tiện ích hiện đại: Đầy đủ tiện nghi, sẵn sàng cho cuộc sống tiện lợi.️0968766354",0.0,30.0,"Thị trấn Nếnh,Huyện Việt Yên,Bắc Giang",bac-giang,Căn hộ chung cư,can-ho-chung-cu,2025-09-13 00:47:03,15/07/2025 00:47,Price_div_Area,smallest,0.0
854,1244647.0,Bán đất 0971134848m² 971.13 triệu tại Xã Cửa Dương Thành phố Phú Quốc,,971.13,971134848.0,"Đặc khu Phú Quốc,An Giang(Mới)",an-giang,Đất,dat-tho-cu,2025-09-13 23:57:37,14/08/2025 23:57,Width,largest,999999.99
132021,1244647.0,Bán đất 0971134848m² 971.13 triệu tại Xã Cửa Dương Thành phố Phú Quốc,,971.13,971134848.0,"Đặc khu Phú Quốc,An Giang(Mới)",kien-giang,Đất,dat-tho-cu,2025-09-14 00:01:48,15/08/2025 00:01,Width,largest,999999.99
202721,1437905.0,"Bán cặp đất xây trọ 260m (10m x 26m)đối diện khu công nghiệp Pouyen 2,đông dân cư,Sổ riêng","🌏  Đối diện KCN Pouyen 2 và nhiều khu công nghiệp khác trải dài trên lộ giới 60m với số lượng công nhân lên đến 60.000 ngàn người mỗi khu thích hợp cho anh/chị đầu tư xây trọ cho thuê , kinh doanh quán ăn - quán nước hoặc cho thuê mặt bằng.📐 Diện Tích: 5 x 26m = 130m², 2 lô liền kề 10 x 26m = 260m².💵 Giá : 1 tỷ 900 tr/1 lô , mua 2 lô thương lượng thêm⚡  Sổ Hồng có sẵn tại nhà xem đất là xem sổ.(1 nền 1 sổ không sổ chung)⚡  Xây dựng tự do - thời hạn sử dụng lâu dài.⚡  Xung quanh dân cư đông⚡ Xây trọ cho thuê thu nhập 15tr 20tr/tháng.⚡  Cho Thuê mặt bằng kinh doanh 10tr-15tr/tháng.☎ Anh chị quan tâm Liên Hệ e gặp Thanh Trúc (xem đất xem sổ trực tiếp )",1900.0,130.0,"Đường Tỉnh lộ 10,Xã Bình Lợi,Huyện Bình Chánh,TP. Hồ Chí Minh",tp-ho-chi-minh,Đất,dat-tho-cu,2025-09-13 21:00:09,30/08/2025 21:00,Width,largest,999999.99
147867,1404216.0,Bán đất 35000m² ngang 500000m giá 17 tỷ Xã Tu Vũ,,17000.0,35000.0,"Xã Tu Vũ,Phú Thọ(Mới)",phu-tho,Đất,dat-tho-cu,2025-09-13 00:47:45,12/09/2025 00:47,Width,largest,500000.0
127764,1143798.0,Chủ kẹt tiền cần bán gấp lô đất 3888m2 có sẵn 800m2 đất thổ cư. LH 0938156791 Hiếu,S 014,2300.0,3888.0,"Xã Bắc Ninh Hòa,Khánh Hòa(Mới)",khanh-hoa,Đất,dat-tho-cu,2025-09-13 14:45:51,06/09/2025 14:45,Width,largest,111111.0
34638,1300397.0,Cần bán đất trồng cây canh tác lâu năm có sẵn Ao Vườn Nước Điện Giếng khoang Đầy đủ,"💥 Chính chủ cần bán 1 mẫu đất tặng nhà cấp 4 để ở 👉Diện tích: 10.000m2 (1 mẫu đất gồm 2 sổ hồng) 👉1 ngàn trụ thanh long đang ăn trái + dàn ống phun tưới có sẵn, 👉1 ao to nước dẫn đến tận ao.  👉Bình điện 50 chong đèn thanh long, 1 giếng nước khoang đủ sinh hoạt cho cả xóm 👉Đường chính đã trải nhựa, đường vào đất rộng 5m, dài 80m, đường đi thẳng xe ô tô đến tận nơi 👉 Giá: 2,6 tỷ (thương lượng chút) ☎️: 0337541979 (chính chủ",2600.0,10000.0,"Xã Hàm Liêm,Lâm Đồng(Mới)",binh-thuan,Đất,dat-tho-cu,2025-09-13 15:01:31,13/09/2025 03:01,Width,smallest,-0.2
134106,1300397.0,Cần bán đất trồng cây canh tác lâu năm có sẵn Ao Vườn Nước Điện Giếng khoang Đầy đủ,"💥 Chính chủ cần bán 1 mẫu đất tặng nhà cấp 4 để ở 👉Diện tích: 10.000m2 (1 mẫu đất gồm 2 sổ hồng) 👉1 ngàn trụ thanh long đang ăn trái + dàn ống phun tưới có sẵn, 👉1 ao to nước dẫn đến tận ao.  👉Bình điện 50 chong đèn thanh long, 1 giếng nước khoang đủ sinh hoạt cho cả xóm 👉Đường chính đã trải nhựa, đường vào đất rộng 5m, dài 80m, đường đi thẳng xe ô tô đến tận nơi 👉 Giá: 2,6 tỷ (thương lượng chút) ☎️: 0337541979 (chính chủ",2600.0,10000.0,"Xã Hàm Liêm,Lâm Đồng(Mới)",lam-dong,Đất,dat-tho-cu,2025-09-13 15:42:43,13/09/2025 03:42,Width,smallest,-0.2
7465,1215413.0,"Bán Đất rộng 35000 m2, mặt đường QL lớn, gần QL 1A 1km, có trạm biến áp, phù hợp làm nhà xưởng.","Bán Đất rộng 35000 m2, mặt đường QL lớn, gần QL 1A 1km, có trạm biến áp, phù hợp làm nhà xưởng.-Diện tích sử dụng gần 35000 m², diện tích tổng các sổ 24500m², có 400m² thổ cư còn lại là đất trồng cây lâu năm, rừng sản xuất, nuôi trồng thủy sản.- Mặt bằng đẹp, bằng phẳng, mặt đường lớn, Cách Đường quốc lộ 1A 2km, đường rất thuận lợi cho tất cả các loại xe tải trọng lớn, mặt sau đất là bờ sông Thương.- Vị trí thuộc địa phận xã Đông Sơn, huyện Yên Thế, tỉnh Bắc Giang, giáp ranh huyện Hữu Lũng tỉnh Lạng Sơn.- Đất đã thuộc đất quy hoạch đất sản xuất kinh doanh, có thể triển khai xin phát triển dự án sản xuất, chế biến, doanh nghiệp, xí nghiệp. Hiện tại bên phải là 1 nhà máy gạch, bên trái là nhà ",16000.0,35000.0,"Xã Đông Sơn,Huyện Yên Thế,Bắc Giang",bac-giang,Đất,dat-tho-cu,2025-09-13 00:46:54,16/04/2025 00:46,Width,smallest,0.0
7470,1215406.0,"Bán Đất rộng 35000 m2, mặt đường QL lớn, gần QL 1A 1km, có trạm biến áp, phù hợp làm nhà xưởng.","Bán Đất rộng 35000 m2, mặt đường QL lớn, gần QL 1A 1km, có trạm biến áp, phù hợp làm nhà xưởng.-Diện tích sử dụng gần 35000 m², diện tích tổng các sổ 24500m², có 400m² thổ cư còn lại là đất trồng cây lâu năm, rừng sản xuất, nuôi trồng thủy sản.- Mặt bằng đẹp, bằng phẳng, mặt đường lớn, Cách Đường quốc lộ 1A 2km, đường rất thuận lợi cho tất cả các loại xe tải trọng lớn, mặt sau đất là bờ sông Thương.- Vị trí thuộc địa phận xã Đông Sơn, huyện Yên Thế, tỉnh Bắc Giang, giáp ranh huyện Hữu Lũng tỉnh Lạng Sơn.- Đất đã thuộc đất quy hoạch đất sản xuất kinh doanh, có thể triển khai xin phát triển dự án sản xuất, chế biến, doanh nghiệp, xí nghiệp. Hiện tại bên phải là 1 nhà máy gạch, bên trái là nhà ",16000.0,35000.0,"Xã Đông Sơn,Huyện Yên Thế,Bắc Giang",bac-giang,Đất,dat-tho-cu,2025-09-13 00:46:54,16/04/2025 00:46,Width,smallest,0.0
46963,1221855.0,"ĐẤT ĐẸP - MẶT TIỀN - Chính Chủ Cần Bán Lô Đất Thôn Phú Sơn 1, Xã Hòa Khương, Hòa Vang, Đà Nẵng.","ĐẤT ĐẸP - MẶT TIỀN - Chính Chủ Cần Bán Lô Đất Thôn Phú Sơn 1, Xã Hòa Khương, Hòa Vang, Đà Nẵng.Diện tích: 150 m2Giá bán: 1,05 tỷ ( 7tr / m2 )- Đường bê tông 5m5.- Vị trí :  gần sát đường QL 148, gần trường tiểu học Hòa Khương.- Cơ sở hạ tầng đầy đủ , không ngập lụt.- Khu dân cư đông đúc- Pháp lý: sổ hồng chính chủ, sang tên nhanh.Tiềm năng: Đất luôn tăng giá theo tình hình chung BĐS khu vực, đảm bảo sinh lờiTiếp khách thiện chí - Liên hệ SĐT  0962628275  hoặc  0702678709    xem đấthttps://www.google.com/maps/place/H%C3%B2a+Kh%C6%B0%C6%A1ng,+Ho%C3%A0+Kh%C6%B0%C6%A1ng,+H%C3%B2a+Vang,+%C4%90%C3%A0+N%E1%BA%B5ng/@15.9494679,108.1412734,17z/data=!3m1!4b1!4m6!3m5!1s0x31421ca7a0cb7535:0x7376d9ffbb24",1050.0,150.0,"Xã Hòa Khương,Huyện Hòa Vang,Đà Nẵng",da-nang,Đất,dat-tho-cu,2025-09-13 14:16:35,16/05/2025 14:16,Width,smallest,0.0
55141,1476578.0,105m2 tdp4 Mường Ẳng mặt đường đôi  0357201974,105m2 tdp4 Mường Ẳng mặt đường đôi  0357201974105m2 tdp4 Mường Ẳng mặt đường đôi  0357201974,1400.0,100.0,"Xã Mường Ảng,Điện Biên",dien-bien,Đất,dat-tho-cu,2025-09-13 00:27:03,09/09/2025 00:27,Alley Width,largest,357201974105.0
221051,1237841.0,Chính chủ bán lô đất kinh doanh sát công viên,Lãm làng vân dương tp bn dt100m mt5m kinh sâm uât giá bán hơn 4 tỷ ace LH 0925267588Cam kết lãi khi xuống cọc,4300.0,100.0,"Đường,Phường An Phú,Thành phố Thủ Đức,TP. Hồ Chí Minh",tp-ho-chi-minh,Đất,dat-tho-cu,2025-09-13 22:18:44,16/05/2025 22:18,Alley Width,largest,999999.99
91540,1476896.0,Chính chủ cần bán lô góc full thổ cư 91m2 tại xuân đồng tân minh sóc sơn hà nội,"SIÊU PHẨM LÔ GÓC ĐẸP KHÓ TÌM  GIÁ ĐẦU TƯXuân Đồng  Tân Minh  Sóc Sơn91m² FULL THỔ CƯ  MẶT TIỀN 5M  NỞ HẬU ĐẸPĐường trước đất 5m ô tô tránh, chạy vù vù200m ra Tỉnh lộ 418500m tới Vành đai 4 & Cao tốc Hà Nội  Thái NguyênKhu dân cư đông đúc  Tiện ích đủ đầy  Tiềm năng tăng giá cực mạnhSổ hồng pháp lý chuẩn cất két giao dịch 24/7Giá siêu hấp dẫn: chỉ 2x triệu/m²  Chốt nhanh kẻo lỡ!LH Em Quyên:Dẫn xem đất miễn phí  Chốt giá trực tiếp với chủXem thêm",2450.0,91.0,"Xã Tân Minh,Huyện Sóc Sơn,Hà Nội",ha-noi,Đất,dat-tho-cu,2025-09-12 22:57:56,09/09/2025 22:57,Alley Width,largest,418500.0
3334,1404791.0,"Bán đất 1885,1m² ngang 16,8m giá 1.2 tỷ Xã Hòa Hiệp","Diện tích 1885m2 ( 1 sào 8)Giá bán 1 tỷ 2Giá có thương lượng cho anh em thiện chíĐất trồng cây lâu nămMặt tiền 16.8mCách tỉnh lộ 329500m là tớiTrên đất đã có tiêu và cho thu hoạchĐiện nước đầy đủĐịa chỉ: ấp Phú Vinh, hòà hiệp, Xuyên Mộc, Hồ Chí Minh",1200.0,1885.0,"Xã Hòa Hiệp,TP. Hồ Chí Minh(Mới)",ba-ria-vung-tau,Đất,dat-tho-cu,2025-09-13 18:05:10,13/09/2025 03:05,Alley Width,largest,329500.0
199279,1404791.0,"Bán đất 1885,1m² ngang 16,8m giá 1.2 tỷ Xã Hòa Hiệp","Diện tích 1885m2 ( 1 sào 8)Giá bán 1 tỷ 2Giá có thương lượng cho anh em thiện chíĐất trồng cây lâu nămMặt tiền 16.8mCách tỉnh lộ 329500m là tớiTrên đất đã có tiêu và cho thu hoạchĐiện nước đầy đủĐịa chỉ: ấp Phú Vinh, hòà hiệp, Xuyên Mộc, Hồ Chí Minh",1200.0,1885.0,"Xã Hòa Hiệp,TP. Hồ Chí Minh(Mới)",tp-ho-chi-minh,Đất,dat-tho-cu,2025-09-13 20:46:20,13/09/2025 03:46,Alley Width,largest,329500.0
17286,1275641.0,"BÁN ĐẤT MẶT TIỀN HẺM HE0 MỌI (HẺM 121) 20 x 77– HIỆP THÀNH, TDM","🌿 BÁN ĐẤT MẶT TIỀN HẺM HE0 MỌI (HẺM 121) – HIỆP THÀNH, TDM🌳 KHU BIỆT THỰ ĐẲNG CẤP – ĐƯỜNG NHỰA THÔNG 5M📍 Vị trí: Hẻm 121 – Hiệp Thành – TP. Thủ Dầu Một🚗 Đường nhựa 5m thông thoáng – khu vực toàn nhà biệt thự sang trọng, yên tĩnh, an ninh tốt📐 Diện tích: 20 x 77m = 1.540m²📜 Thổ cư: 260m² – sổ riêng, pháp lý chuẩn💰 Giá bán chỉ: 23 tỷ – cực tốt so với khu vực🎯 Phù hợp:Xây biệt thự nghỉ dưỡng sân vườnLàm villa homestay, đầu tư sinh lời lâu dàiMở nhà hàng sân vườn hoặc phân lô biệt thự mini📞 Liên hệ: [SĐT của bạn] để xem vị trí đất thực tế – nguồn hiếm trong khu biệt thự trung tâm TDM!",23000.0,1540.0,"Đường Heo Mọi,Phường Phú Lợi,TP. Hồ Chí Minh(Mới)",binh-duong,Đất,dat-tho-cu,2025-09-13 16:54:06,13/09/2025 16:07,Alley Width,smallest,0.0
203573,1275641.0,"BÁN ĐẤT MẶT TIỀN HẺM HE0 MỌI (HẺM 121) 20 x 77– HIỆP THÀNH, TDM","🌿 BÁN ĐẤT MẶT TIỀN HẺM HE0 MỌI (HẺM 121) – HIỆP THÀNH, TDM🌳 KHU BIỆT THỰ ĐẲNG CẤP – ĐƯỜNG NHỰA THÔNG 5M📍 Vị trí: Hẻm 121 – Hiệp Thành – TP. Thủ Dầu Một🚗 Đường nhựa 5m thông thoáng – khu vực toàn nhà biệt thự sang trọng, yên tĩnh, an ninh tốt📐 Diện tích: 20 x 77m = 1.540m²📜 Thổ cư: 260m² – sổ riêng, pháp lý chuẩn💰 Giá bán chỉ: 23 tỷ – cực tốt so với khu vực🎯 Phù hợp:Xây biệt thự nghỉ dưỡng sân vườnLàm villa homestay, đầu tư sinh lời lâu dàiMở nhà hàng sân vườn hoặc phân lô biệt thự mini📞 Liên hệ: [SĐT của bạn] để xem vị trí đất thực tế – nguồn hiếm trong khu biệt thự trung tâm TDM!",23000.0,1540.0,"Đường Heo Mọi,Phường Phú Lợi,TP. Hồ Chí Minh(Mới)",tp-ho-chi-minh,Đất,dat-tho-cu,2025-09-13 21:03:39,13/09/2025 20:25,Alley Width,smallest,0.0
180487,1334046.0,Mặt tiền kinh doanh Lạc Long Quân Q11 chỉ 6.8 tỷ !,"☎️Hàng hiếm mặt tiền đông đúc Q11 chỉ 6.8 tỷ !🔸Lạc Long Quân, P. Minh Phụng ( P1 cũ ), Q11.DT : 3.65 x 10.4 m -  công nhận 36 m2 thổ cư .Nhà 1 trệt 3 lầu sân thượng Có 3PN 3WC.Đường nhựa thông 8m , khu vực xe cộ đông đúc, lề đường 0.5 m.Sổ hồng riêng hoàn công đúng.🧧6️⃣tỷ8️⃣0️⃣0️⃣ (HT)-----------------------------------🧧Bất Động Sản Triều DươngMôi giới BĐS chuyên nghiệpYoutube và Tiktok :Bất Động Sản Triều DươngXIN LIÊN HỆ ☎️ : PHƯỚC 0909.675.986#bdstrieuduong #bds #nhadat #nhadatbinhtan #bdsbinhtan #binhtan #khutenlua #quan11 #bdsquan11 #nhadatquan11",6800.0,36.0,"Phường 02,Quận 11,TP. Hồ Chí Minh",tp-ho-chi-minh,Nhà riêng,nha-mat-pho-mat-tien,2025-09-13 19:29:33,14/08/2025 19:29,Alley Width,smallest,0.5
68562,1376068.0,"Bán nền 144m²(5m x 29m, thổ 70m²) đường nhựa 3.5m (gần cầu cái chai), tt mỹ thọ","Bán nền: 144m² (5m x 29m, thổ 70m²).Đường nhựa 3.5m (Gần cầu Cái Chai), TT Mỹ Thọ.Giá: 680 triệu (Buông đuôi giấy tờ).- Nền thấp hơn lộ 0.7m. Đường vào Quán Dưới Hiên Nhà.- Cách đường Nguyễn Minh Trí 150m, cách Ngã Tư Ông Bầu 1.3km.- Khu vực gần trung tâm, giao thông thuận tiện.Xem thêm",680.0,144.0,"Thị trấn Mỹ Thọ,Huyện Cao Lãnh,Đồng Tháp",dong-thap,Đất,dat-tho-cu,2025-09-13 23:54:18,14/08/2025 23:54,Alley Width,smallest,0.7
68579,1316633.0,"🔰 Bán nền: 144m² (5m x 29m, Thổ 70m²) 🔰 Đường nhựa 3.5m (Gần Cầu Cái Chai), TT Mỹ Thọ","🔰 Bán nền: 144m²(5m x 29m, Thổ 70m²)🔰 Đường nhựa 3.5m (Gần Cầu Cái Chai), TT Mỹ Thọ.🔰 Giá:   680 triệu      (Buông đuôi giấy tờ)- Nền thấp hơn lộ 0.7m. Đường vào Quán Dưới Hiên Nhà- Cách Đường Nguyễn Minh Trí 150m, cách Ngã Tư Ông Bầu 1.3km- Khu vực gần trung tâm, giao thông thuận tiện.",680.0,680.0,"Thị trấn Mỹ Thọ,Huyện Cao Lãnh,Đồng Tháp",dong-thap,Đất,dat-tho-cu,2025-09-13 23:54:20,15/07/2025 23:54,Alley Width,smallest,0.7
