_shard,_source_row,name,description_excerpt,price,area,province_name,property_type_name,published_at,_near_hash
shard_0008.parquet,129260,"7PN - 7WC, ~80m2, dòng tiền 20tr/tháng - sát Vincom Quận 7 - hoàn công chuẩn, chỉ 7.x tỷ Đ","- Nhà 1 trệt 2 lầu BTCT kiêng cố, 7PN, 7WC, phòng khách lớn đậu xe, hẻm sạch vị trí đầy đủ tiện ích xung quanh. - Vị trí: Hẻm sạch thông thoáng, khu vực kỳ sầm uất kinh doanh tốt, nhà nằm sát Vincom Q. 7, Nhà thi đấu đa năng Q. 7, Khu vực Trung tâm quận 7, Cạnh Phú Mỹ Hưng, Gần ngã 4 Huỳnh Tấn Phát Nguyễn Thị Thập cầu Phú Mỹ, đi đâu cũng tiện, khu vực kinh doanh sầm uất. - Giá: 7,8 tỷ còn thương lượng cho khách thiện chí.",7000000000,80.0,Hồ Chí Minh,Nhà,2026-02-21T21:48:14.973000,1e9433a559db6b901fafd9e1cbc2168ba84e7c9d376d7edc7d44537987403bf2
shard_0008.parquet,154238,"7PN - 7WC, ~80m2, dòng tiền 20tr/tháng - sát Vincom Quận 7 - hoàn công chuẩn, chỉ 7.x tỷ Đ","- Nhà 1 trệt 2 lầu BTCT kiêng cố, 7PN, 7WC, phòng khách lớn đậu xe, hẻm sạch vị trí đầy đủ tiện ích xung quanh. - Vị trí: Hẻm sạch thông thoáng, khu vực kỳ sầm uất kinh doanh tốt, nhà nằm sát Vincom Q. 7, Nhà thi đấu đa năng Q. 7, Khu vực Trung tâm quận 7, Cạnh Phú Mỹ Hưng, Gần ngã 4 Huỳnh Tấn Phát Nguyễn Thị Thập cầu Phú Mỹ, đi đâu cũng tiện, khu vực kinh doanh sầm uất. - Giá: 7,8 tỷ còn thương lượng cho khách thiện chí.",7000000000,80.0,Hồ Chí Minh,Nhà,2026-02-21T21:57:51.606000,1e9433a559db6b901fafd9e1cbc2168ba84e7c9d376d7edc7d44537987403bf2
shard_0008.parquet,167787,"7PN - 7WC, ~80m2, dòng tiền 20tr/tháng - sát Vincom Quận 7 - hoàn công chuẩn, chỉ 7.x tỷ Đ","- Nhà 1 trệt 2 lầu BTCT kiêng cố, 7PN, 7WC, phòng khách lớn đậu xe, hẻm sạch vị trí đầy đủ tiện ích xung quanh. - Vị trí: Hẻm sạch thông thoáng, khu vực kỳ sầm uất kinh doanh tốt, nhà nằm sát Vincom Q. 7, Nhà thi đấu đa năng Q. 7, Khu vực Trung tâm quận 7, Cạnh Phú Mỹ Hưng, Gần ngã 4 Huỳnh Tấn Phát Nguyễn Thị Thập cầu Phú Mỹ, đi đâu cũng tiện, khu vực kinh doanh sầm uất. - Giá: 7,8 tỷ còn thương lượng cho khách thiện chí.",7000000000,80.0,Hồ Chí Minh,Nhà,2026-02-21T22:06:20.901000,1e9433a559db6b901fafd9e1cbc2168ba84e7c9d376d7edc7d44537987403bf2
shard_0008.parquet,270064,"7PN - 7WC, ~80m2, dòng tiền 20tr/tháng - sát Vincom Quận 7 - hoàn công chuẩn, chỉ 7.x tỷ Đ","- Nhà 1 trệt 2 lầu BTCT kiêng cố, 7PN, 7WC, phòng khách lớn đậu xe, hẻm sạch vị trí đầy đủ tiện ích xung quanh. - Vị trí: Hẻm sạch thông thoáng, khu vực kỳ sầm uất kinh doanh tốt, nhà nằm sát Vincom Q. 7, Nhà thi đấu đa năng Q. 7, Khu vực Trung tâm quận 7, Cạnh Phú Mỹ Hưng, Gần ngã 4 Huỳnh Tấn Phát Nguyễn Thị Thập cầu Phú Mỹ, đi đâu cũng tiện, khu vực kinh doanh sầm uất. - Giá: 7,8 tỷ còn thương lượng cho khách thiện chí.",7000000000,80.0,Hồ Chí Minh,Nhà,2026-02-21T22:59:08.888000,1e9433a559db6b901fafd9e1cbc2168ba84e7c9d376d7edc7d44537987403bf2
shard_0008.parquet,144591,"7PN - 7WC, ~80m2, dòng tiền 20tr/tháng - sát Vincom Quận 7 - hoàn công chuẩn, chỉ 7.x tỷ Đ","- Nhà 1 trệt 2 lầu BTCT kiêng cố, 7PN, 7WC, phòng khách lớn đậu xe, hẻm sạch vị trí đầy đủ tiện ích xung quanh. - Vị trí: Hẻm sạch thông thoáng, khu vực kỳ sầm uất kinh doanh tốt, nhà nằm sát Vincom Q. 7, Nhà thi đấu đa năng Q. 7, Khu vực Trung tâm quận 7, Cạnh Phú Mỹ Hưng, Gần ngã 4 Huỳnh Tấn Phát Nguyễn Thị Thập cầu Phú Mỹ, đi đâu cũng tiện, khu vực kinh doanh sầm uất. - Giá: 7,8 tỷ còn thương lượng cho khách thiện chí.",7000000000,80.0,Hồ Chí Minh,Nhà,2026-02-21T23:00:31.193000,1e9433a559db6b901fafd9e1cbc2168ba84e7c9d376d7edc7d44537987403bf2
shard_0008.parquet,268844,"7PN - 7WC, ~80m2, dòng tiền 20tr/tháng - sát Vincom Quận 7 - hoàn công chuẩn, chỉ 7.x tỷ Đ","- Nhà 1 trệt 2 lầu BTCT kiêng cố, 7PN, 7WC, phòng khách lớn đậu xe, hẻm sạch vị trí đầy đủ tiện ích xung quanh. - Vị trí: Hẻm sạch thông thoáng, khu vực kỳ sầm uất kinh doanh tốt, nhà nằm sát Vincom Q. 7, Nhà thi đấu đa năng Q. 7, Khu vực Trung tâm quận 7, Cạnh Phú Mỹ Hưng, Gần ngã 4 Huỳnh Tấn Phát Nguyễn Thị Thập cầu Phú Mỹ, đi đâu cũng tiện, khu vực kinh doanh sầm uất. - Giá: 7,8 tỷ còn thương lượng cho khách thiện chí.",7000000000,80.0,Hồ Chí Minh,Nhà,2026-02-21T23:05:05.977000,1e9433a559db6b901fafd9e1cbc2168ba84e7c9d376d7edc7d44537987403bf2
shard_0008.parquet,143067,"7PN - 7WC, ~80m2, dòng tiền 20tr/tháng - sát Vincom Quận 7 - hoàn công chuẩn, chỉ 7.x tỷ Đ","- Nhà 1 trệt 2 lầu BTCT kiêng cố, 7PN, 7WC, phòng khách lớn đậu xe, hẻm sạch vị trí đầy đủ tiện ích xung quanh. - Vị trí: Hẻm sạch thông thoáng, khu vực kỳ sầm uất kinh doanh tốt, nhà nằm sát Vincom Q. 7, Nhà thi đấu đa năng Q. 7, Khu vực Trung tâm quận 7, Cạnh Phú Mỹ Hưng, Gần ngã 4 Huỳnh Tấn Phát Nguyễn Thị Thập cầu Phú Mỹ, đi đâu cũng tiện, khu vực kinh doanh sầm uất. - Giá: 7,8 tỷ còn thương lượng cho khách thiện chí.",7000000000,80.0,Hồ Chí Minh,Nhà,2026-02-21T23:09:18.600000,1e9433a559db6b901fafd9e1cbc2168ba84e7c9d376d7edc7d44537987403bf2
shard_0008.parquet,111829,"7PN - 7WC, ~80m2, dòng tiền 20tr/tháng - sát Vincom Quận 7 - hoàn công chuẩn, chỉ 7.x tỷ Đ","- Nhà 1 trệt 2 lầu BTCT kiêng cố, 7PN, 7WC, phòng khách lớn đậu xe, hẻm sạch vị trí đầy đủ tiện ích xung quanh. - Vị trí: Hẻm sạch thông thoáng, khu vực kỳ sầm uất kinh doanh tốt, nhà nằm sát Vincom Q. 7, Nhà thi đấu đa năng Q. 7, Khu vực Trung tâm quận 7, Cạnh Phú Mỹ Hưng, Gần ngã 4 Huỳnh Tấn Phát Nguyễn Thị Thập cầu Phú Mỹ, đi đâu cũng tiện, khu vực kinh doanh sầm uất. - Giá: 7,8 tỷ còn thương lượng cho khách thiện chí.",7000000000,80.0,Hồ Chí Minh,Nhà,2026-02-21T23:10:35.016000,1e9433a559db6b901fafd9e1cbc2168ba84e7c9d376d7edc7d44537987403bf2
shard_0008.parquet,92590,"7PN - 7WC, ~80m2, dòng tiền 20tr/tháng - sát Vincom Quận 7 - hoàn công chuẩn, chỉ 7.x tỷ Đ","- Nhà 1 trệt 2 lầu BTCT kiêng cố, 7PN, 7WC, phòng khách lớn đậu xe, hẻm sạch vị trí đầy đủ tiện ích xung quanh. - Vị trí: Hẻm sạch thông thoáng, khu vực kỳ sầm uất kinh doanh tốt, nhà nằm sát Vincom Q. 7, Nhà thi đấu đa năng Q. 7, Khu vực Trung tâm quận 7, Cạnh Phú Mỹ Hưng, Gần ngã 4 Huỳnh Tấn Phát Nguyễn Thị Thập cầu Phú Mỹ, đi đâu cũng tiện, khu vực kinh doanh sầm uất. - Giá: 7,8 tỷ còn thương lượng cho khách thiện chí.",7000000000,80.0,Hồ Chí Minh,Nhà,2026-02-21T23:12:59.671000,1e9433a559db6b901fafd9e1cbc2168ba84e7c9d376d7edc7d44537987403bf2
shard_0008.parquet,148832,"7PN - 7WC, ~80m2, dòng tiền 20tr/tháng - sát Vincom Quận 7 - hoàn công chuẩn, chỉ 7.x tỷ Đ","- Nhà 1 trệt 2 lầu BTCT kiêng cố, 7PN, 7WC, phòng khách lớn đậu xe, hẻm sạch vị trí đầy đủ tiện ích xung quanh. - Vị trí: Hẻm sạch thông thoáng, khu vực kỳ sầm uất kinh doanh tốt, nhà nằm sát Vincom Q. 7, Nhà thi đấu đa năng Q. 7, Khu vực Trung tâm quận 7, Cạnh Phú Mỹ Hưng, Gần ngã 4 Huỳnh Tấn Phát Nguyễn Thị Thập cầu Phú Mỹ, đi đâu cũng tiện, khu vực kinh doanh sầm uất. - Giá: 7,8 tỷ còn thương lượng cho khách thiện chí.",7000000000,80.0,Hồ Chí Minh,Nhà,2026-02-23T10:06:22.131000,1e9433a559db6b901fafd9e1cbc2168ba84e7c9d376d7edc7d44537987403bf2
shard_0008.parquet,244657,"7PN - 7WC, ~80m2, dòng tiền 20tr/tháng - sát Vincom Quận 7 - hoàn công chuẩn, chỉ 7.x tỷ Đ","- Nhà 1 trệt 2 lầu BTCT kiêng cố, 7PN, 7WC, phòng khách lớn đậu xe, hẻm sạch vị trí đầy đủ tiện ích xung quanh. - Vị trí: Hẻm sạch thông thoáng, khu vực kỳ sầm uất kinh doanh tốt, nhà nằm sát Vincom Q. 7, Nhà thi đấu đa năng Q. 7, Khu vực Trung tâm quận 7, Cạnh Phú Mỹ Hưng, Gần ngã 4 Huỳnh Tấn Phát Nguyễn Thị Thập cầu Phú Mỹ, đi đâu cũng tiện, khu vực kinh doanh sầm uất. - Giá: 7,8 tỷ còn thương lượng cho khách thiện chí.",7000000000,80.0,Hồ Chí Minh,Nhà,2026-02-23T10:06:24.903000,1e9433a559db6b901fafd9e1cbc2168ba84e7c9d376d7edc7d44537987403bf2
shard_0008.parquet,99753,"7PN - 7WC, ~80m2, dòng tiền 20tr/tháng - sát Vincom Quận 7 - hoàn công chuẩn, chỉ 7.x tỷ Đ","- Nhà 1 trệt 2 lầu BTCT kiêng cố, 7PN, 7WC, phòng khách lớn đậu xe, hẻm sạch vị trí đầy đủ tiện ích xung quanh. - Vị trí: Hẻm sạch thông thoáng, khu vực kỳ sầm uất kinh doanh tốt, nhà nằm sát Vincom Q. 7, Nhà thi đấu đa năng Q. 7, Khu vực Trung tâm quận 7, Cạnh Phú Mỹ Hưng, Gần ngã 4 Huỳnh Tấn Phát Nguyễn Thị Thập cầu Phú Mỹ, đi đâu cũng tiện, khu vực kinh doanh sầm uất. - Giá: 7,8 tỷ còn thương lượng cho khách thiện chí.",7000000000,80.0,Hồ Chí Minh,Nhà,2026-02-23T17:04:05.770000,1e9433a559db6b901fafd9e1cbc2168ba84e7c9d376d7edc7d44537987403bf2
shard_0008.parquet,126150,"7PN - 7WC, ~80m2, dòng tiền 20tr/tháng - sát Vincom Quận 7 - hoàn công chuẩn, chỉ 7.x tỷ Đ","- Nhà 1 trệt 2 lầu BTCT kiêng cố, 7PN, 7WC, phòng khách lớn đậu xe, hẻm sạch vị trí đầy đủ tiện ích xung quanh. - Vị trí: Hẻm sạch thông thoáng, khu vực kỳ sầm uất kinh doanh tốt, nhà nằm sát Vincom Q. 7, Nhà thi đấu đa năng Q. 7, Khu vực Trung tâm quận 7, Cạnh Phú Mỹ Hưng, Gần ngã 4 Huỳnh Tấn Phát Nguyễn Thị Thập cầu Phú Mỹ, đi đâu cũng tiện, khu vực kinh doanh sầm uất. - Giá: 7,8 tỷ còn thương lượng cho khách thiện chí.",7000000000,80.0,Hồ Chí Minh,Nhà,2026-02-23T17:04:07.003000,1e9433a559db6b901fafd9e1cbc2168ba84e7c9d376d7edc7d44537987403bf2
shard_0008.parquet,232813,"7PN - 7WC, ~80m2, dòng tiền 20tr/tháng - sát Vincom Quận 7 - hoàn công chuẩn, chỉ 7.x tỷ Đ","- Nhà 1 trệt 2 lầu BTCT kiêng cố, 7PN, 7WC, phòng khách lớn đậu xe, hẻm sạch vị trí đầy đủ tiện ích xung quanh. - Vị trí: Hẻm sạch thông thoáng, khu vực kỳ sầm uất kinh doanh tốt, nhà nằm sát Vincom Q. 7, Nhà thi đấu đa năng Q. 7, Khu vực Trung tâm quận 7, Cạnh Phú Mỹ Hưng, Gần ngã 4 Huỳnh Tấn Phát Nguyễn Thị Thập cầu Phú Mỹ, đi đâu cũng tiện, khu vực kinh doanh sầm uất. - Giá: 7,8 tỷ còn thương lượng cho khách thiện chí.",7000000000,80.0,Hồ Chí Minh,Nhà,2026-02-23T17:04:07.006000,1e9433a559db6b901fafd9e1cbc2168ba84e7c9d376d7edc7d44537987403bf2
shard_0008.parquet,197041,"7PN - 7WC, ~80m2, dòng tiền 20tr/tháng - sát Vincom Quận 7 - hoàn công chuẩn, chỉ 7.x tỷ Đ","- Nhà 1 trệt 2 lầu BTCT kiêng cố, 7PN, 7WC, phòng khách lớn đậu xe, hẻm sạch vị trí đầy đủ tiện ích xung quanh. - Vị trí: Hẻm sạch thông thoáng, khu vực kỳ sầm uất kinh doanh tốt, nhà nằm sát Vincom Q. 7, Nhà thi đấu đa năng Q. 7, Khu vực Trung tâm quận 7, Cạnh Phú Mỹ Hưng, Gần ngã 4 Huỳnh Tấn Phát Nguyễn Thị Thập cầu Phú Mỹ, đi đâu cũng tiện, khu vực kinh doanh sầm uất. - Giá: 7,8 tỷ còn thương lượng cho khách thiện chí.",7000000000,80.0,Hồ Chí Minh,Nhà,2026-02-23T17:04:08.226000,1e9433a559db6b901fafd9e1cbc2168ba84e7c9d376d7edc7d44537987403bf2
shard_0008.parquet,250729,"7PN - 7WC, ~80m2, dòng tiền 20tr/tháng - sát Vincom Quận 7 - hoàn công chuẩn, chỉ 7.x tỷ Đ","- Nhà 1 trệt 2 lầu BTCT kiêng cố, 7PN, 7WC, phòng khách lớn đậu xe, hẻm sạch vị trí đầy đủ tiện ích xung quanh. - Vị trí: Hẻm sạch thông thoáng, khu vực kỳ sầm uất kinh doanh tốt, nhà nằm sát Vincom Q. 7, Nhà thi đấu đa năng Q. 7, Khu vực Trung tâm quận 7, Cạnh Phú Mỹ Hưng, Gần ngã 4 Huỳnh Tấn Phát Nguyễn Thị Thập cầu Phú Mỹ, đi đâu cũng tiện, khu vực kinh doanh sầm uất. - Giá: 7,8 tỷ còn thương lượng cho khách thiện chí.",7000000000,80.0,Hồ Chí Minh,Nhà,2026-02-23T20:38:45.106000,1e9433a559db6b901fafd9e1cbc2168ba84e7c9d376d7edc7d44537987403bf2
shard_0008.parquet,232656,"7PN - 7WC, ~80m2, dòng tiền 20tr/tháng - sát Vincom Quận 7 - hoàn công chuẩn, chỉ 7.x tỷ Đ","- Nhà 1 trệt 2 lầu BTCT kiêng cố, 7PN, 7WC, phòng khách lớn đậu xe, hẻm sạch vị trí đầy đủ tiện ích xung quanh. - Vị trí: Hẻm sạch thông thoáng, khu vực kỳ sầm uất kinh doanh tốt, nhà nằm sát Vincom Q. 7, Nhà thi đấu đa năng Q. 7, Khu vực Trung tâm quận 7, Cạnh Phú Mỹ Hưng, Gần ngã 4 Huỳnh Tấn Phát Nguyễn Thị Thập cầu Phú Mỹ, đi đâu cũng tiện, khu vực kinh doanh sầm uất. - Giá: 7,8 tỷ còn thương lượng cho khách thiện chí.",7000000000,80.0,Hồ Chí Minh,Nhà,2026-02-23T20:38:45.333000,1e9433a559db6b901fafd9e1cbc2168ba84e7c9d376d7edc7d44537987403bf2
shard_0008.parquet,263003,"7PN - 7WC, ~80m2, dòng tiền 20tr/tháng - sát Vincom Quận 7 - hoàn công chuẩn, chỉ 7.x tỷ Đ","- Nhà 1 trệt 2 lầu BTCT kiêng cố, 7PN, 7WC, phòng khách lớn đậu xe, hẻm sạch vị trí đầy đủ tiện ích xung quanh. - Vị trí: Hẻm sạch thông thoáng, khu vực kỳ sầm uất kinh doanh tốt, nhà nằm sát Vincom Q. 7, Nhà thi đấu đa năng Q. 7, Khu vực Trung tâm quận 7, Cạnh Phú Mỹ Hưng, Gần ngã 4 Huỳnh Tấn Phát Nguyễn Thị Thập cầu Phú Mỹ, đi đâu cũng tiện, khu vực kinh doanh sầm uất. - Giá: 7,8 tỷ còn thương lượng cho khách thiện chí.",7000000000,80.0,Hồ Chí Minh,Nhà,2026-02-23T20:38:45.409000,1e9433a559db6b901fafd9e1cbc2168ba84e7c9d376d7edc7d44537987403bf2
shard_0008.parquet,200798,"7PN - 7WC, ~80m2, dòng tiền 20tr/tháng - sát Vincom Quận 7 - hoàn công chuẩn, chỉ 7.x tỷ Đ","- Nhà 1 trệt 2 lầu BTCT kiêng cố, 7PN, 7WC, phòng khách lớn đậu xe, hẻm sạch vị trí đầy đủ tiện ích xung quanh. - Vị trí: Hẻm sạch thông thoáng, khu vực kỳ sầm uất kinh doanh tốt, nhà nằm sát Vincom Q. 7, Nhà thi đấu đa năng Q. 7, Khu vực Trung tâm quận 7, Cạnh Phú Mỹ Hưng, Gần ngã 4 Huỳnh Tấn Phát Nguyễn Thị Thập cầu Phú Mỹ, đi đâu cũng tiện, khu vực kinh doanh sầm uất. - Giá: 7,8 tỷ còn thương lượng cho khách thiện chí.",7000000000,80.0,Hồ Chí Minh,Nhà,2026-02-23T20:38:45.509000,1e9433a559db6b901fafd9e1cbc2168ba84e7c9d376d7edc7d44537987403bf2
shard_0008.parquet,131006,"7PN - 7WC, ~80m2, dòng tiền 20tr/tháng - sát Vincom Quận 7 - hoàn công chuẩn, chỉ 7.x tỷ Đ","- Nhà 1 trệt 2 lầu BTCT kiêng cố, 7PN, 7WC, phòng khách lớn đậu xe, hẻm sạch vị trí đầy đủ tiện ích xung quanh. - Vị trí: Hẻm sạch thông thoáng, khu vực kỳ sầm uất kinh doanh tốt, nhà nằm sát Vincom Q. 7, Nhà thi đấu đa năng Q. 7, Khu vực Trung tâm quận 7, Cạnh Phú Mỹ Hưng, Gần ngã 4 Huỳnh Tấn Phát Nguyễn Thị Thập cầu Phú Mỹ, đi đâu cũng tiện, khu vực kinh doanh sầm uất. - Giá: 7,8 tỷ còn thương lượng cho khách thiện chí.",7000000000,80.0,Hồ Chí Minh,Nhà,2026-02-23T20:38:45.620000,1e9433a559db6b901fafd9e1cbc2168ba84e7c9d376d7edc7d44537987403bf2
shard_0008.parquet,93778,"7PN - 7WC, ~80m2, dòng tiền 20tr/tháng - sát Vincom Quận 7 - hoàn công chuẩn, chỉ 7.x tỷ Đ","- Nhà 1 trệt 2 lầu BTCT kiêng cố, 7PN, 7WC, phòng khách lớn đậu xe, hẻm sạch vị trí đầy đủ tiện ích xung quanh. - Vị trí: Hẻm sạch thông thoáng, khu vực kỳ sầm uất kinh doanh tốt, nhà nằm sát Vincom Q. 7, Nhà thi đấu đa năng Q. 7, Khu vực Trung tâm quận 7, Cạnh Phú Mỹ Hưng, Gần ngã 4 Huỳnh Tấn Phát Nguyễn Thị Thập cầu Phú Mỹ, đi đâu cũng tiện, khu vực kinh doanh sầm uất. - Giá: 7,8 tỷ còn thương lượng cho khách thiện chí.",7000000000,80.0,Hồ Chí Minh,Nhà,2026-02-23T20:38:45.772000,1e9433a559db6b901fafd9e1cbc2168ba84e7c9d376d7edc7d44537987403bf2
shard_0008.parquet,126280,"7PN - 7WC, ~80m2, dòng tiền 20tr/tháng - sát Vincom Quận 7 - hoàn công chuẩn, chỉ 7.x tỷ Đ","- Nhà 1 trệt 2 lầu BTCT kiêng cố, 7PN, 7WC, phòng khách lớn đậu xe, hẻm sạch vị trí đầy đủ tiện ích xung quanh. - Vị trí: Hẻm sạch thông thoáng, khu vực kỳ sầm uất kinh doanh tốt, nhà nằm sát Vincom Q. 7, Nhà thi đấu đa năng Q. 7, Khu vực Trung tâm quận 7, Cạnh Phú Mỹ Hưng, Gần ngã 4 Huỳnh Tấn Phát Nguyễn Thị Thập cầu Phú Mỹ, đi đâu cũng tiện, khu vực kinh doanh sầm uất. - Giá: 7,8 tỷ còn thương lượng cho khách thiện chí.",7000000000,80.0,Hồ Chí Minh,Nhà,2026-02-23T20:38:45.822000,1e9433a559db6b901fafd9e1cbc2168ba84e7c9d376d7edc7d44537987403bf2
shard_0008.parquet,103381,"7PN - 7WC, ~80m2, dòng tiền 20tr/tháng - sát Vincom Quận 7 - hoàn công chuẩn, chỉ 7.x tỷ Đ","- Nhà 1 trệt 2 lầu BTCT kiêng cố, 7PN, 7WC, phòng khách lớn đậu xe, hẻm sạch vị trí đầy đủ tiện ích xung quanh. - Vị trí: Hẻm sạch thông thoáng, khu vực kỳ sầm uất kinh doanh tốt, nhà nằm sát Vincom Q. 7, Nhà thi đấu đa năng Q. 7, Khu vực Trung tâm quận 7, Cạnh Phú Mỹ Hưng, Gần ngã 4 Huỳnh Tấn Phát Nguyễn Thị Thập cầu Phú Mỹ, đi đâu cũng tiện, khu vực kinh doanh sầm uất. - Giá: 7,8 tỷ còn thương lượng cho khách thiện chí.",7000000000,80.0,Hồ Chí Minh,Nhà,2026-02-23T20:38:46.196000,1e9433a559db6b901fafd9e1cbc2168ba84e7c9d376d7edc7d44537987403bf2
shard_0008.parquet,180263,"7PN - 7WC, ~80m2, dòng tiền 20tr/tháng - sát Vincom Quận 7 - hoàn công chuẩn, chỉ 7.x tỷ Đ","- Nhà 1 trệt 2 lầu BTCT kiêng cố, 7PN, 7WC, phòng khách lớn đậu xe, hẻm sạch vị trí đầy đủ tiện ích xung quanh. - Vị trí: Hẻm sạch thông thoáng, khu vực kỳ sầm uất kinh doanh tốt, nhà nằm sát Vincom Q. 7, Nhà thi đấu đa năng Q. 7, Khu vực Trung tâm quận 7, Cạnh Phú Mỹ Hưng, Gần ngã 4 Huỳnh Tấn Phát Nguyễn Thị Thập cầu Phú Mỹ, đi đâu cũng tiện, khu vực kinh doanh sầm uất. - Giá: 7,8 tỷ còn thương lượng cho khách thiện chí.",7000000000,80.0,Hồ Chí Minh,Nhà,2026-02-24T02:34:36.563000,1e9433a559db6b901fafd9e1cbc2168ba84e7c9d376d7edc7d44537987403bf2
shard_0008.parquet,213526,"7PN - 7WC, ~80m2, dòng tiền 20tr/tháng - sát Vincom Quận 7 - hoàn công chuẩn, chỉ 7.x tỷ Đ","- Nhà 1 trệt 2 lầu BTCT kiêng cố, 7PN, 7WC, phòng khách lớn đậu xe, hẻm sạch vị trí đầy đủ tiện ích xung quanh. - Vị trí: Hẻm sạch thông thoáng, khu vực kỳ sầm uất kinh doanh tốt, nhà nằm sát Vincom Q. 7, Nhà thi đấu đa năng Q. 7, Khu vực Trung tâm quận 7, Cạnh Phú Mỹ Hưng, Gần ngã 4 Huỳnh Tấn Phát Nguyễn Thị Thập cầu Phú Mỹ, đi đâu cũng tiện, khu vực kinh doanh sầm uất. - Giá: 7,8 tỷ còn thương lượng cho khách thiện chí.",7000000000,80.0,Hồ Chí Minh,Nhà,2026-02-24T02:34:36.767000,1e9433a559db6b901fafd9e1cbc2168ba84e7c9d376d7edc7d44537987403bf2
shard_0008.parquet,231484,"7PN - 7WC, ~80m2, dòng tiền 20tr/tháng - sát Vincom Quận 7 - hoàn công chuẩn, chỉ 7.x tỷ Đ","- Nhà 1 trệt 2 lầu BTCT kiêng cố, 7PN, 7WC, phòng khách lớn đậu xe, hẻm sạch vị trí đầy đủ tiện ích xung quanh. - Vị trí: Hẻm sạch thông thoáng, khu vực kỳ sầm uất kinh doanh tốt, nhà nằm sát Vincom Q. 7, Nhà thi đấu đa năng Q. 7, Khu vực Trung tâm quận 7, Cạnh Phú Mỹ Hưng, Gần ngã 4 Huỳnh Tấn Phát Nguyễn Thị Thập cầu Phú Mỹ, đi đâu cũng tiện, khu vực kinh doanh sầm uất. - Giá: 7,8 tỷ còn thương lượng cho khách thiện chí.",7000000000,80.0,Hồ Chí Minh,Nhà,2026-02-24T02:34:36.930000,1e9433a559db6b901fafd9e1cbc2168ba84e7c9d376d7edc7d44537987403bf2
shard_0008.parquet,111878,"7PN - 7WC, ~80m2, dòng tiền 20tr/tháng - sát Vincom Quận 7 - hoàn công chuẩn, chỉ 7.x tỷ Đ","- Nhà 1 trệt 2 lầu BTCT kiêng cố, 7PN, 7WC, phòng khách lớn đậu xe, hẻm sạch vị trí đầy đủ tiện ích xung quanh. - Vị trí: Hẻm sạch thông thoáng, khu vực kỳ sầm uất kinh doanh tốt, nhà nằm sát Vincom Q. 7, Nhà thi đấu đa năng Q. 7, Khu vực Trung tâm quận 7, Cạnh Phú Mỹ Hưng, Gần ngã 4 Huỳnh Tấn Phát Nguyễn Thị Thập cầu Phú Mỹ, đi đâu cũng tiện, khu vực kinh doanh sầm uất. - Giá: 7,8 tỷ còn thương lượng cho khách thiện chí.",7000000000,80.0,Hồ Chí Minh,Nhà,2026-02-24T02:34:36.973000,1e9433a559db6b901fafd9e1cbc2168ba84e7c9d376d7edc7d44537987403bf2
shard_0008.parquet,101195,"7PN - 7WC, ~80m2, dòng tiền 20tr/tháng - sát Vincom Quận 7 - hoàn công chuẩn, chỉ 7.x tỷ Đ","- Nhà 1 trệt 2 lầu BTCT kiêng cố, 7PN, 7WC, phòng khách lớn đậu xe, hẻm sạch vị trí đầy đủ tiện ích xung quanh. - Vị trí: Hẻm sạch thông thoáng, khu vực kỳ sầm uất kinh doanh tốt, nhà nằm sát Vincom Q. 7, Nhà thi đấu đa năng Q. 7, Khu vực Trung tâm quận 7, Cạnh Phú Mỹ Hưng, Gần ngã 4 Huỳnh Tấn Phát Nguyễn Thị Thập cầu Phú Mỹ, đi đâu cũng tiện, khu vực kinh doanh sầm uất. - Giá: 7,8 tỷ còn thương lượng cho khách thiện chí.",7000000000,80.0,Hồ Chí Minh,Nhà,2026-02-24T02:34:37.379000,1e9433a559db6b901fafd9e1cbc2168ba84e7c9d376d7edc7d44537987403bf2
shard_0008.parquet,225613,"7PN - 7WC, ~80m2, dòng tiền 20tr/tháng - sát Vincom Quận 7 - hoàn công chuẩn, chỉ 7.x tỷ Đ","- Nhà 1 trệt 2 lầu BTCT kiêng cố, 7PN, 7WC, phòng khách lớn đậu xe, hẻm sạch vị trí đầy đủ tiện ích xung quanh. - Vị trí: Hẻm sạch thông thoáng, khu vực kỳ sầm uất kinh doanh tốt, nhà nằm sát Vincom Q. 7, Nhà thi đấu đa năng Q. 7, Khu vực Trung tâm quận 7, Cạnh Phú Mỹ Hưng, Gần ngã 4 Huỳnh Tấn Phát Nguyễn Thị Thập cầu Phú Mỹ, đi đâu cũng tiện, khu vực kinh doanh sầm uất. - Giá: 7,8 tỷ còn thương lượng cho khách thiện chí.",7000000000,80.0,Hồ Chí Minh,Nhà,2026-02-24T02:34:37.616000,1e9433a559db6b901fafd9e1cbc2168ba84e7c9d376d7edc7d44537987403bf2
shard_0001.parquet,223370,"Bán nhà đường Số 8 Cityland Garden Hills, Emart phường 5, Gò Vấp. Giá 17.5 tỷ","Bán căn nhà phố Cityland Garden Hills, Emart. - Vị trí đẹp. - DT: 5 x 20m. - Xây 4 lầu. Đt/Zalo Mr Tư. Khu nhà phố - biệt thự biệt lập CityLand Garden Hills. - Địa chỉ: 168 Phan Văn Trị, Phường 5, Quận Gò Vấp, TP. Hồ chí Minh. - Vị trí đắc địa nhất Quận Gò Vấp, kế bên Siêu Thị EMart, ngay đại lộ Phạm Văn Đồng, sát Bình Thạnh, dễ dàng di chuyển đến trung tâm Thành Phố, sân bay Tân Sơn Nhất. - Quy mô: 14ha. - Tiện ích: An ninh bảo vệ 24/24, cây xanh ngập tràn toàn dự án, hồ bơi, Gym, vài bước chân đến siêu thị Emart, trường quốc tế Việt Úc, Vincom, ngân hàng, cửa hàng ăn uống, mua sắm... - Tất cả đã có sổ hồng sở hữu lâu dài.",17500000000,100.0,Hồ Chí Minh,Biệt thự/Nhà liền kề,2025-07-22T11:03:39.264000,79530246eaec6dfb4332f0947c543d1152acb97293010052521fdfe7e1be7d8b
