mismatch_rank,source_shard,source_row,name,price_original,automatic_total_vnd,reviewed_total_vnd,finding,review_reason,reviewer,review_scope
1,shard_0006.parquet,42706,Chính chủ cần tiền bán gấp Biệt thự đảo song lập ECO RETREAT LONG AN,16000000000,16500000.0,16500000.0,literal_text_disagreement,"Text ghi 16.5tr, price 16 tỷ. Không tự đoán text nhầm tr thành tỷ.",assistant_text_review,title_and_full_description
2,shard_0004.parquet,105087,Bán Đất Tây Hồ - 720m Mặt Tiền 15m - Đầu Tư Dài Hạn - Quy Hoạch An Toàn - Đường Ô Tô Tránh - KD,36000000000,50000000.0,,unresolved_price_basis,"50 triệu/m, không ghi rõ m². price đúng bằng 50 triệu × 720; không tự thêm đơn vị.",assistant_text_review,title_and_full_description
3,shard_0007.parquet,303247,"ĐẦU TƯ CHIA LÔ. CẦN BÁN ĐẤT TÂN DÂN KHOÁI CHÂU HƯNG YÊN. 7 CHỖ VÀO ĐẤT. Dt: 485m2, CHỈ 17.5tr/m",8487500000,17500000.0,,unresolved_price_basis,"Title 17.5tr/m, description 1x triệu/m; chưa xác định đơn vị hoặc một giá chính xác.",assistant_text_review,title_and_full_description
4,shard_0002.parquet,167701,Bán căn hộ dịch vụ 6 tầng có thang máy - dương quảng hàm p5 - 5x28 - 135m - 8m thông - tn 100tr,26500000000,100000000.0,26500000000.0,parser_false_mismatch_confirmed_match,"TN 100tr là thu nhập, không phải giá tổng. Text CHỈ 26 TỶ 5 tương ứng 26,5 tỷ; nhiều diện tích không khớp.",assistant_text_review,title_and_full_description
5,shard_0009.parquet,259505,"Mở bán căn hộ 3PN Mizuki Park, ck 13.5%, tặng 2 chỉ vàng. Tặng 2 năm PQL. Hỗ trợ vay ngân hàng",6984000000,34000000.0,,parser_false_candidate_total_unverified,34 triệu là giá trị quà tặng 2 chỉ vàng; không thấy giá tổng để xác minh.,assistant_text_review,title_and_full_description
6,shard_0008.parquet,126655,Chính chủ cần bán trước Tết lô đất mặt QL21 phố Sơn Đông Cổ Đông 185.2m2 giá 57.2tr 3 xe tải tránh,10640000000,57200000.0,10593440000.0,parser_false_mismatch_confirmed_match,"Title bỏ /m² nhưng mô tả ghi rõ 57,2tr/m²; tổng 10,59304 tỷ lệch price 10,64 tỷ dưới 2%. Giá VNĐ bị che một phần bởi [phone_number].",assistant_text_review,title_and_full_description
7,shard_0006.parquet,306463,Bán đất khu bàn cờ Cam Hiệp Nam - đất ở trung tâm đô thị mới Vinhomes giá đầu tư 9 triệu,998000000,9000000.0,,unresolved_price_basis,Title 9 triệu thiếu đơn vị; description chỉ dưới 1 tỷ. Không dùng khoảng giá để xác nhận một giá chính xác.,assistant_text_review,title_and_full_description
8,shard_0009.parquet,316832,"Bán nhanh nhà phố đẳng cấp 4 tầng mặt tiền 5m, sát trục Hoàng Quốc Việt kéo dài",17500000000,280000000.0,,parser_false_candidate_total_unverified,280 triệu là quà tặng. Full description không công bố giá tổng.,assistant_text_review,title_and_full_description
9,shard_0005.parquet,54499,"Bán gấp đất tại Nam Hồng, Đông Anh, Hà Nội, 72 triệu, 40.7 m2",2930400000,72000000.0,,unresolved_price_basis,"72 triệu thiếu /m²; price bằng 72 triệu × 40,7. Có thể là giá đơn vị bị mất trong text, chưa kết luận.",assistant_text_review,title_and_full_description
10,shard_0006.parquet,334933,Siêu phẩm: Căn hộ cao trần CitiGrand Quận 2 - Mua ngay chiết khấu 150 triệu vào giá bán,5000000000,150000000.0,4100000000.0,literal_text_disagreement,"Parser nhầm chiết khấu 150 triệu; nhưng full text cũng chào 4,1 tỷ/căn, khác price 5 tỷ. Không tự chọn giá đúng.",assistant_text_review,title_and_full_description
11,shard_0005.parquet,141706,"79M2 RẺ HƠN LÔ KẾ BÊN 100TR, LIỀN KỀ DÃY NHÀ ĐANG XÂY BÁN, CHỦ CẦN BÁN GẤP",1690000000,100000000.0,1690000000.0,parser_false_mismatch_confirmed_match,"100 triệu là chênh/giảm giá; mô tả ghi giá bán 1,690 tỷ, khớp price.",assistant_text_review,title_and_full_description
12,shard_0002.parquet,172117,"Bán nhà chính chủ Hoàng Hoa Thám, Ba Đình - phân lô ô tô - 50m2 - hạ chào 1,2 tỷ",19000000000,1200000000.0,,parser_false_candidate_total_unverified,"1,2 tỷ là hạ chào, không thấy giá tổng để xác minh.",assistant_text_review,title_and_full_description
13,shard_0003.parquet,307159,"Siêu hot chính chủ cần bán gấp căn hộ tầng 20 ban công Đông Nam cực mát, full đồ cao cấp ở đc ngay",7480000000,600000000.0,,parser_false_candidate_total_unverified,"600 triệu là nội thất/thiết kế, không thấy giá tổng để xác minh.",assistant_text_review,title_and_full_description
14,shard_0009.parquet,33869,Mở bán căn hộ 2PN sân vườn 80.3m2 siêu đẹp,5900000000,500000000.0,,parser_false_candidate_total_unverified,500 triệu là gói nội thất; không thấy giá tổng để xác minh.,assistant_text_review,title_and_full_description
15,shard_0006.parquet,241966,"Chính chủ bán gấp căn hộ Sài Gòn 2PN 2WC - 60m², nhận nhà ngay tết chỉ với 300 triệu",2200000000,300000000.0,,parser_false_candidate_total_unverified,300 triệu là thanh toán đầu. Không suy ra giá bán từ tỷ lệ/vốn hoặc giá cấu trúc.,assistant_text_review,title_and_full_description
16,shard_0000.parquet,33478,Bán nhanh căn hoa hậu 3PN(Góc) - 110m2 - Tặng kèm nội thất 1 tỷ. Tại Ecolake View 32 Đại Từ,7000000000,1000000000.0,7000000000.0,parser_false_mismatch_confirmed_match,1 tỷ là nội thất tặng kèm; mô tả giá tổng 7 tỷ khớp price.,assistant_text_review,title_and_full_description
17,shard_0000.parquet,233549,"Hạ gấp 8 tỷ bán nhanh căn liền kề mặt phố lớn Hoàng Liệt,6 tầng thang máy,vỉa hè 10m,kinh doanh",42000000000,8000000000.0,,parser_false_candidate_total_unverified,8 tỷ là hạ giá. Không thấy giá tổng để xác minh.,assistant_text_review,title_and_full_description
18,shard_0000.parquet,304438,"Ngộp bank giảm sâu 40 tỷ bán biệt thự khu Compound Thảo Điền, Quận 2",200000000000,40000000000.0,200000000000.0,parser_false_mismatch_confirmed_match,40 tỷ là mức giảm; mô tả ghi giá bán 200 tỷ khớp price.,assistant_text_review,title_and_full_description
19,shard_0001.parquet,73795,"Bán căn hộ Jade Square Phạm Văn Đồng, CH 2 - 3pn, trả trước 20% kí HĐMB, 2027 bàn giao",6448000000,2000000000.0,,parser_false_candidate_total_unverified,"Chuỗi 152,7m2 tỷ lệ 2% bị đọc thành 2 tỷ. Vốn trả trước 1 tỷ không phải giá tổng.",assistant_text_review,title_and_full_description
20,shard_0000.parquet,202286,"Bán gấp suất đầu tư căn hộ tại Origami 2PN, View Vườn Nhật, Hồ Cá Koi - Giá sau chiết khấu cực tốt!",3170000000,1000000000.0,3172460325,parser_false_mismatch_confirmed_match,"1 tỷ là chiết khấu. Full text ghi GIÁ BÁN 3,172,460,325 VNĐ, price làm tròn 3,17 tỷ, lệch dưới 2%.",assistant_text_review,title_and_full_description
21,shard_0009.parquet,193557,Bán căn hộ Tòa B Sông Nhuệ 78m² 3PN 2WC View bể bơi Sổ đỏ,0,4950000000.0,4950000000.0,nonpositive_target,"price 0 nhưng mô tả ghi giá 4,95 tỷ.",assistant_text_review,title_and_full_description
22,shard_0008.parquet,338745,GẤP BÁN NHÀ 100m2 - 4 TẦNG 5PN - HXH NHỈNH 9 TỶ CÒN TL,0,9000000000.0,9700000000.0,nonpositive_target,"price 0 nhưng mô tả ghi giá bán 9,7 tỷ; nhỉnh 9 tỷ title là xấp xỉ.",assistant_text_review,title_and_full_description
23,shard_0007.parquet,284087,"Bán gấp nhà ngay Trần Phú, ngay KĐT Mỗ Lao - 51m2x4T full nội thất mặt ngõ thông 10m ôtô đỗ gần",0,7000000000.0,,nonpositive_target,price 0 nhưng text nhỉnh 7 tỷ. Không gán đúng 7 tỷ cho giá xấp xỉ.,assistant_text_review,title_and_full_description
24,shard_0008.parquet,29397,"Alluvia bán nhanh căn 3n góc - 115m2 - tầng trung - hướng mát - Giá chỉ từ 8,2 tỷ full VAT",0,8199999999.999999,,nonpositive_target,"price 0 nhưng title giá chỉ từ 8,2 tỷ: mức khởi điểm, không một target xác định.",assistant_text_review,title_and_full_description
25,shard_0009.parquet,341900,"Bán nhanh lô 150m2 Kỳ Liên, ngay gần nhà máy Vinfast nhỉnh 1 tỷ, Liên hệ Em Anh: [phone_number]",0,1000000000.0,,nonpositive_target,price 0 nhưng text nhỉnh 1 tỷ. Không gán đúng 1 tỷ cho giá xấp xỉ.,assistant_text_review,title_and_full_description
26,shard_0008.parquet,183548,"Chính chủ bán căn OT 38m2 1,363 tỷ ban công Đông Nam view trực diện Công Viên giá tốt",1360000000,1363000000000.0,1363000000.0,parser_false_mismatch_confirmed_match,"1,363 tỷ là thập phân theo ngữ cảnh căn hộ, không phải 1363 tỷ. price 1,36 tỷ lệch dưới 2%.",assistant_text_review,title_and_full_description
27,shard_0000.parquet,93225,"Bán đất TĐC Kiến Thiết, Sở Dầu, Hồng Bàng, Hải Phòng. 54m-ngang 4,5m-66,5tr/m2. Lh [phone_number]",3590000,3591000000.0,3591000000.0,literal_text_disagreement,"Text ghi rõ 66,5 triệu/m² và 54m²: tổng 3,591 tỷ; price 3,59 triệu, lệch gần 1000 lần.",assistant_text_review,title_and_full_description
28,shard_0009.parquet,165232,"Bán lô đất (DT: 78m2) đường F9 sau lưng trường học Nguyễn Bỉnh Khiêm Bửu Long 3. Giá chỉ 3,450 tỷ",3450000000,3450000000000.0,3450000000.0,parser_false_mismatch_confirmed_match,"Title 3,450 tỷ được mô tả xác nhận lại 3 tỷ 450 triệu; khớp price 3,45 tỷ.",assistant_text_review,title_and_full_description
29,shard_0009.parquet,145707,Chính chủ bán nhà 75m2 Centa Diamond vị trí đẹp giá tốt nhất,6150000000,6150000000000.0,6150000000.0,parser_false_mismatch_confirmed_match,"6,150 tỷ dùng dấu phẩy thập phân theo ngữ cảnh nhà 75m²; price 6,15 tỷ khớp.",assistant_text_review,title_and_full_description
30,shard_0001.parquet,301786,"Bán gấp TT Avio 2PN, 1WC ban công giá tốt nhất dự án 2,150tỷ. Thanh toán 20% đến khi nhận nhà",2150000000,2150000000000.0,2150000000.0,parser_false_mismatch_confirmed_match,"2,150 tỷ theo ngữ cảnh căn hộ là 2,15 tỷ, khớp price; 440 triệu là thanh toán 20%.",assistant_text_review,title_and_full_description
