month,rule_label,count
2025-06,AMBIGUOUS,115965
2025-06,RENT_HIGH_CONFIDENCE,2334
2025-06,SALE_HIGH_CONFIDENCE,139427
2025-07,AMBIGUOUS,168866
2025-07,RENT_HIGH_CONFIDENCE,3164
2025-07,SALE_HIGH_CONFIDENCE,192185
2025-08,AMBIGUOUS,175417
2025-08,RENT_HIGH_CONFIDENCE,2837
2025-08,SALE_HIGH_CONFIDENCE,187507
2025-09,AMBIGUOUS,168546
2025-09,RENT_HIGH_CONFIDENCE,2862
2025-09,SALE_HIGH_CONFIDENCE,180831
2025-10,AMBIGUOUS,203701
2025-10,RENT_HIGH_CONFIDENCE,3563
2025-10,SALE_HIGH_CONFIDENCE,207906
2025-11,AMBIGUOUS,208666
2025-11,RENT_HIGH_CONFIDENCE,3742
2025-11,SALE_HIGH_CONFIDENCE,194794
2025-12,AMBIGUOUS,223272
2025-12,RENT_HIGH_CONFIDENCE,4191
2025-12,SALE_HIGH_CONFIDENCE,216898
2026-01,AMBIGUOUS,145021
2026-01,RENT_HIGH_CONFIDENCE,2635
2026-01,SALE_HIGH_CONFIDENCE,136104
2026-02,AMBIGUOUS,95926
2026-02,RENT_HIGH_CONFIDENCE,1567
2026-02,SALE_HIGH_CONFIDENCE,88838
2026-03,AMBIGUOUS,216550
2026-03,RENT_HIGH_CONFIDENCE,4157
2026-03,SALE_HIGH_CONFIDENCE,203272
