sample_index,source_shard,source_row,name,rule_label,review_label,review_reason,reviewer,review_scope,review_date
0,shard_0008.parquet,146669,cần bán nhà mặt tiền đường số 79 Tân Quy Quận 7. 230 triệu / m2,SALE_HIGH_CONFIDENCE,SALE_HIGH_CONFIDENCE,"Nội dung chào bán/nhận quyền sở hữu. Chỉ xác minh ý định trong text, chưa xác minh giao dịch hoặc giá thật.",assistant_text_review,title_and_full_description,2026-10-04
1,shard_0007.parquet,80414,Bán gấp nhà phố mặt tiền trục Ánh Sáng. Giá 9.9 tỷ,SALE_HIGH_CONFIDENCE,SALE_HIGH_CONFIDENCE,"Nội dung chào bán/nhận quyền sở hữu. Chỉ xác minh ý định trong text, chưa xác minh giao dịch hoặc giá thật.",assistant_text_review,title_and_full_description,2026-10-04
2,shard_0000.parquet,329721,"(Bán nhanh) chỉ 3 tỷ 35 lô MT 7m5 khu bộ đội sát Âu Cơ, Hòa Khánh | sạch đẹp",SALE_HIGH_CONFIDENCE,SALE_HIGH_CONFIDENCE,"Nội dung chào bán/nhận quyền sở hữu. Chỉ xác minh ý định trong text, chưa xác minh giao dịch hoặc giá thật.",assistant_text_review,title_and_full_description,2026-10-04
3,shard_0001.parquet,164749,"Bán đất TT Liên Nghĩa đường thông DT 5x39m TC 75m2, giá 2 tỷ. Cách sân bay 10 phút",SALE_HIGH_CONFIDENCE,SALE_HIGH_CONFIDENCE,"Nội dung chào bán/nhận quyền sở hữu. Chỉ xác minh ý định trong text, chưa xác minh giao dịch hoặc giá thật.",assistant_text_review,title_and_full_description,2026-10-04
4,shard_0002.parquet,257129,"Bán Đất Khu Hỗn hợp VSIP Quảng Ngãi | Suất Ngoại Giao giá tốt, vị trí đẹp",SALE_HIGH_CONFIDENCE,SALE_HIGH_CONFIDENCE,"Nội dung chào bán/nhận quyền sở hữu. Chỉ xác minh ý định trong text, chưa xác minh giao dịch hoặc giá thật.",assistant_text_review,title_and_full_description,2026-10-04
5,shard_0000.parquet,117362,"Bán đất biệt thự 300m2 đối diện công viên ngay cầu Khuê Đông, 36 tr/m2 - hàng hiếm tại hot",SALE_HIGH_CONFIDENCE,SALE_HIGH_CONFIDENCE,"Nội dung chào bán/nhận quyền sở hữu. Chỉ xác minh ý định trong text, chưa xác minh giao dịch hoặc giá thật.",assistant_text_review,title_and_full_description,2026-10-04
6,shard_0001.parquet,293574,"Bán đất tại ngõ 52, Quyết Tiến 2, Vân Côn, Hoài Đức, Hà Nội, 205m2, giá tốt, hướng Nam",SALE_HIGH_CONFIDENCE,SALE_HIGH_CONFIDENCE,"Nội dung chào bán/nhận quyền sở hữu. Chỉ xác minh ý định trong text, chưa xác minh giao dịch hoặc giá thật.",assistant_text_review,title_and_full_description,2026-10-04
7,shard_0003.parquet,57476,Gia đình kẹt tiền. Cần bán gấp lô đất 4285m2 ở Lộc Châu - Bảo Lộc,SALE_HIGH_CONFIDENCE,SALE_HIGH_CONFIDENCE,"Nội dung chào bán/nhận quyền sở hữu. Chỉ xác minh ý định trong text, chưa xác minh giao dịch hoặc giá thật.",assistant_text_review,title_and_full_description,2026-10-04
8,shard_0002.parquet,27220,Tổng quan dự án Alluvia City Văn Giang Hưng Yên - Vị trí - Quy mô - Giá bán - Tiện ích - Tiến độ,SALE_HIGH_CONFIDENCE,AMBIGUOUS,"Bài tổng quan dự án Alluvia: vị trí/quy mô/giá dự kiến/tiến độ, chưa xác định một đề nghị bán tài sản; không tính là true positive chắc chắn.",assistant_text_review,title_and_full_description,2026-10-04
9,shard_0005.parquet,204552,"Bán gấp Nhà riêng 52m2, 7,1 tỷ ở Đường Số 50, p Hiệp Bình Chánh, Thủ Đức, HCM",SALE_HIGH_CONFIDENCE,SALE_HIGH_CONFIDENCE,"Nội dung chào bán/nhận quyền sở hữu. Chỉ xác minh ý định trong text, chưa xác minh giao dịch hoặc giá thật.",assistant_text_review,title_and_full_description,2026-10-04
10,shard_0003.parquet,303818,"8.4 tỷ TL, 108m. 2 tầng BTCT. Bán nhà 80/ Dương Quảng Hàm Phường 5 Gò Vấp.",SALE_HIGH_CONFIDENCE,SALE_HIGH_CONFIDENCE,"Nội dung chào bán/nhận quyền sở hữu. Chỉ xác minh ý định trong text, chưa xác minh giao dịch hoặc giá thật.",assistant_text_review,title_and_full_description,2026-10-04
11,shard_0008.parquet,193162,"Bán nhà mặt tiền Phường Bửu Hòa, TP Biên Hoà. DT: 7,6x16=126m2. Nở hậu: 9m. Giá: 5tỷ6",SALE_HIGH_CONFIDENCE,SALE_HIGH_CONFIDENCE,Tin bán nhà có thu nhập cho thuê; thuê không phải đề nghị chính.,assistant_text_review,title_and_full_description,2026-10-04
12,shard_0001.parquet,96624,"Chủ ngộp cần bán đất Thới Hòa BD, 360m2, mặt tiền đường 12m gần ngay ĐH Thủ Dầu Một",SALE_HIGH_CONFIDENCE,SALE_HIGH_CONFIDENCE,"Nội dung chào bán/nhận quyền sở hữu. Chỉ xác minh ý định trong text, chưa xác minh giao dịch hoặc giá thật.",assistant_text_review,title_and_full_description,2026-10-04
13,shard_0006.parquet,54185,"Giảm sâu 3 tỷ, bán nhà góc 2 mặt tiền, Linh Xuân, Thủ Đức",SALE_HIGH_CONFIDENCE,SALE_HIGH_CONFIDENCE,"Nội dung chào bán/nhận quyền sở hữu. Chỉ xác minh ý định trong text, chưa xác minh giao dịch hoặc giá thật.",assistant_text_review,title_and_full_description,2026-10-04
14,shard_0005.parquet,255018,"Bán Nhà Biệt Thự Đông Dương Residence 13,5 tỷ, 80m2, giá cực chất",SALE_HIGH_CONFIDENCE,SALE_HIGH_CONFIDENCE,"Nội dung chào bán/nhận quyền sở hữu. Chỉ xác minh ý định trong text, chưa xác minh giao dịch hoặc giá thật.",assistant_text_review,title_and_full_description,2026-10-04
15,shard_0005.parquet,236596,"Chính chủ cần bán căn hộ 2 ngủ, 2VS S: 65m2 căn góc 3 mặt thoáng giá rẻ nhất toà nhà",SALE_HIGH_CONFIDENCE,SALE_HIGH_CONFIDENCE,Tin bán tài sản tạo dòng tiền; không chuyển thành RENT.,assistant_text_review,title_and_full_description,2026-10-04
16,shard_0008.parquet,210185,"Bán đất 4.98x31.2m, mặt tiền KD đường N2 KDC Sóng Thần B, P. Dĩ An, kế Vincom 550",SALE_HIGH_CONFIDENCE,SALE_HIGH_CONFIDENCE,"Đất đang cho thuê 4 triệu/tháng nhưng có giá bán 7,4 tỷ.",assistant_text_review,title_and_full_description,2026-10-04
17,shard_0009.parquet,170959,"Bán căn hộ Tô Ký Tower, 51m2, 2PN-1WC, có sổ, đầy đủ nội thất, giá 2tỷ5",SALE_HIGH_CONFIDENCE,SALE_HIGH_CONFIDENCE,"Nội dung chào bán/nhận quyền sở hữu. Chỉ xác minh ý định trong text, chưa xác minh giao dịch hoặc giá thật.",assistant_text_review,title_and_full_description,2026-10-04
18,shard_0002.parquet,106192,"Chính chủ bán căn hộ Hei Tower Ngụy Như Kon Tum: 80m² 2N2VS giá 6,3tỷ, sổ đỏ cất két, LH [phone_number]",SALE_HIGH_CONFIDENCE,SALE_HIGH_CONFIDENCE,"Nội dung chào bán/nhận quyền sở hữu. Chỉ xác minh ý định trong text, chưa xác minh giao dịch hoặc giá thật.",assistant_text_review,title_and_full_description,2026-10-04
19,shard_0009.parquet,321430,"Bán nhà biệt thự lô góc Đường Nguyễn Đình Chiểu, Phường Ngũ Hành Sơn, Đà Nẵng - diện tích : 198m2",SALE_HIGH_CONFIDENCE,SALE_HIGH_CONFIDENCE,"Nội dung chào bán/nhận quyền sở hữu. Chỉ xác minh ý định trong text, chưa xác minh giao dịch hoặc giá thật.",assistant_text_review,title_and_full_description,2026-10-04
20,shard_0004.parquet,248150,NGỘP BANK GIẢM 1.1 TỶ BÁN GẤP. HẺM XE TẢI TỚI ĐẤT. GẦN CHỢ & TRƯỜNG LÁY XE THÀNH CÔNG,SALE_HIGH_CONFIDENCE,SALE_HIGH_CONFIDENCE,"Nội dung chào bán/nhận quyền sở hữu. Chỉ xác minh ý định trong text, chưa xác minh giao dịch hoặc giá thật.",assistant_text_review,title_and_full_description,2026-10-04
21,shard_0003.parquet,35265,"BÁN NHÀ GẦN KCN VĨNH LỘC 2 - chợ Bình Chánh , giá 1 tỷ. Sổ riêng Lh xem nhà Oanh",SALE_HIGH_CONFIDENCE,SALE_HIGH_CONFIDENCE,"Nội dung chào bán/nhận quyền sở hữu. Chỉ xác minh ý định trong text, chưa xác minh giao dịch hoặc giá thật.",assistant_text_review,title_and_full_description,2026-10-04
22,shard_0007.parquet,207113,"CHÍNH CHỦ CẦN BÁN GẤP NHÀ 66M2 (5,5X12) BÙI HỮU NGHĨA P2 BÌNH THẠNH GIÁ CHỈ 2TỶ890 PHÁP LÝ CHUẨN",SALE_HIGH_CONFIDENCE,SALE_HIGH_CONFIDENCE,Giá bán 2 tỷ 890; cho thuê 17 triệu là thu nhập từ nhà.,assistant_text_review,title_and_full_description,2026-10-04
23,shard_0009.parquet,158040,"Chính chủ bán đất dọc bún 2, 50 m2, mặt tiền 4m, phân lô vỉa hè, kinh doanh, ô tô tránh, 14.5 tỷ",SALE_HIGH_CONFIDENCE,SALE_HIGH_CONFIDENCE,"Nội dung chào bán/nhận quyền sở hữu. Chỉ xác minh ý định trong text, chưa xác minh giao dịch hoặc giá thật.",assistant_text_review,title_and_full_description,2026-10-04
24,shard_0008.parquet,115788,"Bán căn hộ Riverside 90 Nguyễn Hữu Cảnh view siêu đẹp, 40.2m2 giá nhỉnh 3 tỷ, sẵn sổ",SALE_HIGH_CONFIDENCE,SALE_HIGH_CONFIDENCE,"Nội dung chào bán/nhận quyền sở hữu. Chỉ xác minh ý định trong text, chưa xác minh giao dịch hoặc giá thật.",assistant_text_review,title_and_full_description,2026-10-04
25,shard_0002.parquet,285961,CHÍNH CHỦ BÁN GẤP đất mặt tiền giá 459tr/126m2 rẽ hơn thị trường 20% có sổ sẵn gần KCN GIAO LONG,SALE_HIGH_CONFIDENCE,SALE_HIGH_CONFIDENCE,"Nội dung chào bán/nhận quyền sở hữu. Chỉ xác minh ý định trong text, chưa xác minh giao dịch hoặc giá thật.",assistant_text_review,title_and_full_description,2026-10-04
26,shard_0007.parquet,224944,Bán nhà riêng 90m2 hẻm ô tô phường Tam Hiệp giá chỉ 3 tỷ,SALE_HIGH_CONFIDENCE,SALE_HIGH_CONFIDENCE,"Nội dung chào bán/nhận quyền sở hữu. Chỉ xác minh ý định trong text, chưa xác minh giao dịch hoặc giá thật.",assistant_text_review,title_and_full_description,2026-10-04
27,shard_0009.parquet,208932,Chuyển đổi công tác Chính chủ Tôi Cần Bán Gấp căn liền kề 115m2 mặt đường 30m view Hồ Yên Sở giá rẻ,SALE_HIGH_CONFIDENCE,SALE_HIGH_CONFIDENCE,"Nội dung chào bán/nhận quyền sở hữu. Chỉ xác minh ý định trong text, chưa xác minh giao dịch hoặc giá thật.",assistant_text_review,title_and_full_description,2026-10-04
28,shard_0004.parquet,47267,"Giảm 500 triệu! Bán nhanh lô đất cực đẹp 4m x 20m vuông vức, đường rộng 12m Đặng Thùy Trâm",SALE_HIGH_CONFIDENCE,SALE_HIGH_CONFIDENCE,"Nội dung chào bán/nhận quyền sở hữu. Chỉ xác minh ý định trong text, chưa xác minh giao dịch hoặc giá thật.",assistant_text_review,title_and_full_description,2026-10-04
29,shard_0005.parquet,230854,"Bán lô đất biệt thự Bình Minh giá 13 tỷ, gần Bãi Sau với Lotte, Phường 8, Vũng Tàu. LH [phone_number]",SALE_HIGH_CONFIDENCE,SALE_HIGH_CONFIDENCE,"Nội dung chào bán/nhận quyền sở hữu. Chỉ xác minh ý định trong text, chưa xác minh giao dịch hoặc giá thật.",assistant_text_review,title_and_full_description,2026-10-04
30,shard_0000.parquet,37516,Bán nhà riêng mặt tiền hẻm 302/ Lê Đình Cẩn Tân Tạo Bình Tân - 73m2 - TL nhẹ,SALE_HIGH_CONFIDENCE,SALE_HIGH_CONFIDENCE,"Tin bán có thu nhập 7,5 triệu/tháng; xác nhận ý định, không xác nhận target còn thiếu.",assistant_text_review,title_and_full_description,2026-10-04
31,shard_0005.parquet,202291,"Định cư bán nhanh nhà mặt tiền Thống Nhất, Gò Vấp - 12x33m - 4 tầng - HĐT 170 triệu - giá 41 tỷ",SALE_HIGH_CONFIDENCE,SALE_HIGH_CONFIDENCE,"HĐT 170 triệu là thu nhập, giá bán 41 tỷ.",assistant_text_review,title_and_full_description,2026-10-04
32,shard_0001.parquet,59376,"Bán nhà riêng Ngọc Hồi, 4,3 tỷ, 42m2, 2PN, 3WC, pháp lý đầy đủ. Ngõ nông , cách mặt phố chỉ 30m.",SALE_HIGH_CONFIDENCE,SALE_HIGH_CONFIDENCE,"Nội dung chào bán/nhận quyền sở hữu. Chỉ xác minh ý định trong text, chưa xác minh giao dịch hoặc giá thật.",assistant_text_review,title_and_full_description,2026-10-04
33,shard_0009.parquet,165489,"Bán lô góc tại Công viên Văn hóa Đô thị Đà Lạt 45tỷ, 245m2 hàng hiếm trung tâm",SALE_HIGH_CONFIDENCE,SALE_HIGH_CONFIDENCE,"Nội dung chào bán/nhận quyền sở hữu. Chỉ xác minh ý định trong text, chưa xác minh giao dịch hoặc giá thật.",assistant_text_review,title_and_full_description,2026-10-04
34,shard_0002.parquet,56060,"Bán lô đất đẹp, diện tích lớn đường Nam Kỳ Khởi Nghĩa, Ngũ Hành Sơn, Đà Nẵng",SALE_HIGH_CONFIDENCE,SALE_HIGH_CONFIDENCE,"Nội dung chào bán/nhận quyền sở hữu. Chỉ xác minh ý định trong text, chưa xác minh giao dịch hoặc giá thật.",assistant_text_review,title_and_full_description,2026-10-04
35,shard_0002.parquet,248513,"Bán căn hộ chung cư 4PN, 3WC, 160m2 tại Phạm Hùng, Dịch Vọng Hậu, Cầu Giấy, Hà Nội giá cực chất",SALE_HIGH_CONFIDENCE,SALE_HIGH_CONFIDENCE,"Nội dung chào bán/nhận quyền sở hữu. Chỉ xác minh ý định trong text, chưa xác minh giao dịch hoặc giá thật.",assistant_text_review,title_and_full_description,2026-10-04
36,shard_0004.parquet,184034,HOT HOT! CẦN T.IỀN BÁN GẤP LÔ ĐẤT - MẶT TIỀN KINH DOANH - GẦN PVĐ - P. HIỆP BÌNH CHÁNH - 399.7M2,SALE_HIGH_CONFIDENCE,SALE_HIGH_CONFIDENCE,"Nội dung chào bán/nhận quyền sở hữu. Chỉ xác minh ý định trong text, chưa xác minh giao dịch hoặc giá thật.",assistant_text_review,title_and_full_description,2026-10-04
37,shard_0008.parquet,300278,"Bán toà nhà giáp nkkn lý chính thắng,võ thị sáu,q3.giá:7tỷ560/120(6mx20).sổ chính chủ",SALE_HIGH_CONFIDENCE,SALE_HIGH_CONFIDENCE,"Nội dung chào bán/nhận quyền sở hữu. Chỉ xác minh ý định trong text, chưa xác minh giao dịch hoặc giá thật.",assistant_text_review,title_and_full_description,2026-10-04
38,shard_0005.parquet,289196,"Bán căn hộ Sora Garden I 2PN,2WC Giá 2 tỷ 8 - Sổ hồng riêng-TP Mới Bình Dương",SALE_HIGH_CONFIDENCE,SALE_HIGH_CONFIDENCE,Nội dung bán căn hộ; footer giới thiệu dịch vụ thuê không đổi ý định chính.,assistant_text_review,title_and_full_description,2026-10-04
39,shard_0000.parquet,77915,"Bán đất nền tại khu dịch vụ hỗn hợp VSIP Quảng Ngãi Block B08, giá 1,05 tỷ, 132 m2, lh [phone_number]",SALE_HIGH_CONFIDENCE,SALE_HIGH_CONFIDENCE,"Nội dung chào bán/nhận quyền sở hữu. Chỉ xác minh ý định trong text, chưa xác minh giao dịch hoặc giá thật.",assistant_text_review,title_and_full_description,2026-10-04
40,shard_0006.parquet,295327,Bán gấp trong tháng - Hoàng Văn Thụ 83m² 4 tầng - 20 tỷ,SALE_HIGH_CONFIDENCE,SALE_HIGH_CONFIDENCE,"Nội dung chào bán/nhận quyền sở hữu. Chỉ xác minh ý định trong text, chưa xác minh giao dịch hoặc giá thật.",assistant_text_review,title_and_full_description,2026-10-04
41,shard_0007.parquet,13913,"Cần tiền xuống mặt đất, bán nhanh CH chung cư Gemek Tower II, Lê Trọng Tấn, 4,5 tỷ, 72m2, Chính chủ",SALE_HIGH_CONFIDENCE,SALE_HIGH_CONFIDENCE,"Nội dung chào bán/nhận quyền sở hữu. Chỉ xác minh ý định trong text, chưa xác minh giao dịch hoặc giá thật.",assistant_text_review,title_and_full_description,2026-10-04
42,shard_0001.parquet,288243,"Bán nhà Thạch Bàn 6 tầng thang máy, gara ô tô, gần Aeon Mall, Cầu Vĩnh Tuy - Giá 13,5 tỷ",SALE_HIGH_CONFIDENCE,SALE_HIGH_CONFIDENCE,"Nội dung chào bán/nhận quyền sở hữu. Chỉ xác minh ý định trong text, chưa xác minh giao dịch hoặc giá thật.",assistant_text_review,title_and_full_description,2026-10-04
43,shard_0006.parquet,203865,"[Chỉ 120tr/m2] Bán gấp nhà riêng tại Bàu Cát 1 (4.4x13m, 57m) - 2 Tầng vuông vức. Chỉ 7.2 tỷ tl",SALE_HIGH_CONFIDENCE,SALE_HIGH_CONFIDENCE,Ý định bán rõ; title giá/m² và giá tổng trong mô tả cần đối chiếu riêng.,assistant_text_review,title_and_full_description,2026-10-04
44,shard_0009.parquet,302849,"Bán nền Nhà Phố Lamaison De,Phước Lộc,Cần Giờ,DT.5x22 giá 4,7 ty có MC.LH [phone_number] Mr Huy",SALE_HIGH_CONFIDENCE,SALE_HIGH_CONFIDENCE,"Nội dung chào bán/nhận quyền sở hữu. Chỉ xác minh ý định trong text, chưa xác minh giao dịch hoặc giá thật.",assistant_text_review,title_and_full_description,2026-10-04
45,shard_0006.parquet,96954,"Bán đất đẹp tại Tỉnh lộ 44A, xã Long Điền, Tp Hồ Chí Minh, chỉ 2 tỷ, 100m2",SALE_HIGH_CONFIDENCE,SALE_HIGH_CONFIDENCE,"Nội dung chào bán/nhận quyền sở hữu. Chỉ xác minh ý định trong text, chưa xác minh giao dịch hoặc giá thật.",assistant_text_review,title_and_full_description,2026-10-04
46,shard_0009.parquet,327592,"Bán nhà mặt tiền Điện Biên Phủ. P11. Quận 10 DT: 4,06x22m, 5 tầng 26 tỷ 500",SALE_HIGH_CONFIDENCE,SALE_HIGH_CONFIDENCE,"Tin bán 26 tỷ 500, hợp đồng thuê 50 triệu/tháng.",assistant_text_review,title_and_full_description,2026-10-04
47,shard_0007.parquet,170176,"Bán đất nền gần KĐT Phú Cát City, 3 tỷ, 100 m2",SALE_HIGH_CONFIDENCE,SALE_HIGH_CONFIDENCE,"Nội dung chào bán/nhận quyền sở hữu. Chỉ xác minh ý định trong text, chưa xác minh giao dịch hoặc giá thật.",assistant_text_review,title_and_full_description,2026-10-04
48,shard_0009.parquet,87686,"Chính chủ bán miếng đất full thổ cư, đất ở đô thị, tại tổ dân phố Phong Cốc, phường Minh Đức",SALE_HIGH_CONFIDENCE,SALE_HIGH_CONFIDENCE,"Nội dung chào bán/nhận quyền sở hữu. Chỉ xác minh ý định trong text, chưa xác minh giao dịch hoặc giá thật.",assistant_text_review,title_and_full_description,2026-10-04
49,shard_0000.parquet,41836,"Bán đất hoàng cầu ô chợ dừa đống đa, 130m2 mặt tiền 8,6m ngay hông quận ủy nhỉnh 40 tỷ",SALE_HIGH_CONFIDENCE,SALE_HIGH_CONFIDENCE,"Nội dung chào bán/nhận quyền sở hữu. Chỉ xác minh ý định trong text, chưa xác minh giao dịch hoặc giá thật.",assistant_text_review,title_and_full_description,2026-10-04
50,shard_0004.parquet,245181,"C/Chủ cần bán nhà MT 47J đường số 3J l khu Cư Xá Ngân Hàng l Q7. DT : 4m x 21m. Giá 13,5 tỷ còn TL",SALE_HIGH_CONFIDENCE,SALE_HIGH_CONFIDENCE,"Nội dung chào bán/nhận quyền sở hữu. Chỉ xác minh ý định trong text, chưa xác minh giao dịch hoặc giá thật.",assistant_text_review,title_and_full_description,2026-10-04
51,shard_0004.parquet,178827,"Bán gấp căn Ngọc Thuỵ 38 m2 - 4T - 4 ngủ - ô tô đỗ cửa - full nội thất giá siêu rẻ - 6,95 tỷ",SALE_HIGH_CONFIDENCE,SALE_HIGH_CONFIDENCE,"Nội dung chào bán/nhận quyền sở hữu. Chỉ xác minh ý định trong text, chưa xác minh giao dịch hoặc giá thật.",assistant_text_review,title_and_full_description,2026-10-04
52,shard_0006.parquet,338377,Bán lô góc mặt ngõ ô tô vào thoải mái ngay Ngô Thì Nhậm-đường Ngô Quyền Hà Đông 42m2 giá chỉ 7.69tỷ,SALE_HIGH_CONFIDENCE,SALE_HIGH_CONFIDENCE,"Nội dung chào bán/nhận quyền sở hữu. Chỉ xác minh ý định trong text, chưa xác minh giao dịch hoặc giá thật.",assistant_text_review,title_and_full_description,2026-10-04
53,shard_0006.parquet,66325,"Cần bán gấp, mảnh đất vàng Nguyễn Hoàng, Lê Đức Thọ - diện tích 50,5m2",SALE_HIGH_CONFIDENCE,SALE_HIGH_CONFIDENCE,"Nội dung chào bán/nhận quyền sở hữu. Chỉ xác minh ý định trong text, chưa xác minh giao dịch hoặc giá thật.",assistant_text_review,title_and_full_description,2026-10-04
54,shard_0005.parquet,245057,"Bán đất phân lô, vỉa hè, ô tô tránh Hoàng Quốc Việt kéo dài 145m mặt tiền 8m chào 39 tỷ",SALE_HIGH_CONFIDENCE,SALE_HIGH_CONFIDENCE,"Nội dung chào bán/nhận quyền sở hữu. Chỉ xác minh ý định trong text, chưa xác minh giao dịch hoặc giá thật.",assistant_text_review,title_and_full_description,2026-10-04
55,shard_0009.parquet,81157,"Bán lô đất gần cửa khẩu Mộc Bài, Tây Ninh,giá 1 tỷ, 107m2",SALE_HIGH_CONFIDENCE,SALE_HIGH_CONFIDENCE,"Nội dung chào bán/nhận quyền sở hữu. Chỉ xác minh ý định trong text, chưa xác minh giao dịch hoặc giá thật.",assistant_text_review,title_and_full_description,2026-10-04
56,shard_0000.parquet,41307,"Bán lô đất đấu giá gần Sản nhi Hưng Yên 94m2, đường 16m (sổ đỏ chính chủ)",SALE_HIGH_CONFIDENCE,SALE_HIGH_CONFIDENCE,"Nội dung chào bán/nhận quyền sở hữu. Chỉ xác minh ý định trong text, chưa xác minh giao dịch hoặc giá thật.",assistant_text_review,title_and_full_description,2026-10-04
57,shard_0007.parquet,45745,"Bán gấp mặt sàn tầng 2 khu dịch vụ thương mại khu Long Biên. DT 1200m2, dân cư đông đúc",SALE_HIGH_CONFIDENCE,SALE_HIGH_CONFIDENCE,Rao bán mặt bằng thương mại; nhãn SALE không đảm bảo cùng phân khúc nhà ở.,assistant_text_review,title_and_full_description,2026-10-04
58,shard_0004.parquet,84836,"( nhỉnh 8 tỷ) Bán Nhanh Trong tháng Căn Hộ 3PN, S:108m2 Nội Thất Full Đồ tại dự án SUN QUARE",SALE_HIGH_CONFIDENCE,SALE_HIGH_CONFIDENCE,"Nội dung chào bán/nhận quyền sở hữu. Chỉ xác minh ý định trong text, chưa xác minh giao dịch hoặc giá thật.",assistant_text_review,title_and_full_description,2026-10-04
59,shard_0009.parquet,141661,Bán nhà Minh Khai - lô góc - thang máy - gara ô tô - kinh doanh - 40m2 - 6 tầng - giá 18.3 tỷ,SALE_HIGH_CONFIDENCE,SALE_HIGH_CONFIDENCE,"Nội dung chào bán/nhận quyền sở hữu. Chỉ xác minh ý định trong text, chưa xác minh giao dịch hoặc giá thật.",assistant_text_review,title_and_full_description,2026-10-04
60,shard_0005.parquet,8611,Bán Đất Vạn Phúc - Thanh Trì - - Ô Tô Đỗ Sát Nhà - Vị trí đẹp - mặt tiền rộng - Giá Nhỉnh 3 Tỷ,SALE_HIGH_CONFIDENCE,SALE_HIGH_CONFIDENCE,"Nội dung chào bán/nhận quyền sở hữu. Chỉ xác minh ý định trong text, chưa xác minh giao dịch hoặc giá thật.",assistant_text_review,title_and_full_description,2026-10-04
61,shard_0006.parquet,239596,"Bán đất 2 mặt tiền tại Xã Phước Kiển, Nhà Bè, Hồ Chí Minh, 16,5 tỷ, 278 m2, vị trí đắc địa",SALE_HIGH_CONFIDENCE,SALE_HIGH_CONFIDENCE,"Nội dung chào bán/nhận quyền sở hữu. Chỉ xác minh ý định trong text, chưa xác minh giao dịch hoặc giá thật.",assistant_text_review,title_and_full_description,2026-10-04
62,shard_0002.parquet,91719,Bán nhà 6.3 tỷ xây 2 tầng với diện tích 80m cách đường Nguyễn Duy Trinh 30m,SALE_HIGH_CONFIDENCE,SALE_HIGH_CONFIDENCE,"Nội dung chào bán/nhận quyền sở hữu. Chỉ xác minh ý định trong text, chưa xác minh giao dịch hoặc giá thật.",assistant_text_review,title_and_full_description,2026-10-04
63,shard_0008.parquet,273084,"Bán đất 299m2 tại Đường Số 1, An Phú, Thuận An, giá ưu đãi 18 tỷ VND",SALE_HIGH_CONFIDENCE,SALE_HIGH_CONFIDENCE,"Nội dung chào bán/nhận quyền sở hữu. Chỉ xác minh ý định trong text, chưa xác minh giao dịch hoặc giá thật.",assistant_text_review,title_and_full_description,2026-10-04
64,shard_0006.parquet,285494,"Chính chủ gửi bán lô đất bám đường Quốc lộ 6, diện tích 3733m2 tại Cao Phong Hòa Bình (cũ)",SALE_HIGH_CONFIDENCE,SALE_HIGH_CONFIDENCE,Tin bán đất hỗn hợp đất ở/đất khác; không đánh đồng toàn bộ diện tích là đất ở.,assistant_text_review,title_and_full_description,2026-10-04
65,shard_0008.parquet,165900,"Cần bán căn góc 74m Sky3, PMH, Q7, TPHCM, 3PN, 2WC, 7ty290, nhà đẹp lung linh, khu an ninh, đẹp",SALE_HIGH_CONFIDENCE,SALE_HIGH_CONFIDENCE,"Nội dung chào bán/nhận quyền sở hữu. Chỉ xác minh ý định trong text, chưa xác minh giao dịch hoặc giá thật.",assistant_text_review,title_and_full_description,2026-10-04
66,shard_0002.parquet,311254,"Bán nền thổ cư Long Tuyền, Bình Thủy, ô tô tới, xây dựng tự do",SALE_HIGH_CONFIDENCE,SALE_HIGH_CONFIDENCE,"Nội dung chào bán/nhận quyền sở hữu. Chỉ xác minh ý định trong text, chưa xác minh giao dịch hoặc giá thật.",assistant_text_review,title_and_full_description,2026-10-04
67,shard_0009.parquet,36058,Charm City Dĩ An bán gấp căn hộ 1PN 1WC (50m2)giá bán lỗ: 1tỷ850 (bao thuế phí).View thoáng mát.,SALE_HIGH_CONFIDENCE,SALE_HIGH_CONFIDENCE,"Nội dung chào bán/nhận quyền sở hữu. Chỉ xác minh ý định trong text, chưa xác minh giao dịch hoặc giá thật.",assistant_text_review,title_and_full_description,2026-10-04
68,shard_0009.parquet,246065,Bán Nhà Tây Trà - Lô góc 60m2 x 5 Tầng Thang Máy - MT 5m - Ô Tô Tránh - Giá 19.3 Tỷ,SALE_HIGH_CONFIDENCE,SALE_HIGH_CONFIDENCE,"Nội dung chào bán/nhận quyền sở hữu. Chỉ xác minh ý định trong text, chưa xác minh giao dịch hoặc giá thật.",assistant_text_review,title_and_full_description,2026-10-04
69,shard_0002.parquet,328921,"Bán nhà phân lô, ô tô đỗ cửa, kinh doanh đỉnh tại khu sinh viên Nam Từ Liêm, Hà Nội",SALE_HIGH_CONFIDENCE,SALE_HIGH_CONFIDENCE,"Nội dung chào bán/nhận quyền sở hữu. Chỉ xác minh ý định trong text, chưa xác minh giao dịch hoặc giá thật.",assistant_text_review,title_and_full_description,2026-10-04
70,shard_0002.parquet,125950,"Bán đất 6x22(132m2) đường xe hơi xã Mỹ Lộc Cần Giuộc LA, 1tỷ250tr SHR đường thông khu dân cư đông",SALE_HIGH_CONFIDENCE,SALE_HIGH_CONFIDENCE,"Nội dung chào bán/nhận quyền sở hữu. Chỉ xác minh ý định trong text, chưa xác minh giao dịch hoặc giá thật.",assistant_text_review,title_and_full_description,2026-10-04
71,shard_0005.parquet,181600,"BÁN BIỆT THỰ KĐT MỸ ĐÌNH 1, NGUYỄN CƠ THẠCH, 136M VIEW THOÁNG, MẶT TIỀN VIP, 44 TỶ",SALE_HIGH_CONFIDENCE,SALE_HIGH_CONFIDENCE,Rao bán biệt thự 44 tỷ; 150 triệu/tháng là thuê hiện có.,assistant_text_review,title_and_full_description,2026-10-04
72,shard_0002.parquet,349740,"Bán đất tại xã Long Hựu Tây, Cần Đước, Long An, DT 600m2 giá tốt",SALE_HIGH_CONFIDENCE,SALE_HIGH_CONFIDENCE,"Nội dung chào bán/nhận quyền sở hữu. Chỉ xác minh ý định trong text, chưa xác minh giao dịch hoặc giá thật.",assistant_text_review,title_and_full_description,2026-10-04
73,shard_0008.parquet,72037,"Chính chủ cần bán chung cư B9 Đại Kim, phố Nguyễn Cảnh Dị diện tích 67m2 3PN 2wc full nội thất",SALE_HIGH_CONFIDENCE,SALE_HIGH_CONFIDENCE,"Nội dung chào bán/nhận quyền sở hữu. Chỉ xác minh ý định trong text, chưa xác minh giao dịch hoặc giá thật.",assistant_text_review,title_and_full_description,2026-10-04
74,shard_0004.parquet,192990,"Bán nhà mặt phố Lê Thanh Nghị, Hai Bà Trưng 100m2, 3 tầng, giá 50 tỷ. Mặt phố đầu tư.",SALE_HIGH_CONFIDENCE,SALE_HIGH_CONFIDENCE,"Nội dung chào bán/nhận quyền sở hữu. Chỉ xác minh ý định trong text, chưa xác minh giao dịch hoặc giá thật.",assistant_text_review,title_and_full_description,2026-10-04
75,shard_0006.parquet,236677,Cần bán căn 68m K Park Văn Phú đẹp như hoa hậu - Lh,SALE_HIGH_CONFIDENCE,SALE_HIGH_CONFIDENCE,"Nội dung chào bán/nhận quyền sở hữu. Chỉ xác minh ý định trong text, chưa xác minh giao dịch hoặc giá thật.",assistant_text_review,title_and_full_description,2026-10-04
76,shard_0004.parquet,10300,"Bán căn hộ 2 phòng ngủ tại dự án Sunrise Riverside Giá tốt, đầy đủ nội thất",SALE_HIGH_CONFIDENCE,SALE_HIGH_CONFIDENCE,"Nội dung chào bán/nhận quyền sở hữu. Chỉ xác minh ý định trong text, chưa xác minh giao dịch hoặc giá thật.",assistant_text_review,title_and_full_description,2026-10-04
77,shard_0007.parquet,188690,"Bán nhà liền kề fujisan đông triều 3,5 tỷ xây sẵn 5 tầng diện tích 80m2",SALE_HIGH_CONFIDENCE,SALE_HIGH_CONFIDENCE,"Nội dung chào bán/nhận quyền sở hữu. Chỉ xác minh ý định trong text, chưa xác minh giao dịch hoặc giá thật.",assistant_text_review,title_and_full_description,2026-10-04
78,shard_0000.parquet,204075,"Bán gấp 120m2 sát bìa làng Thạc Quả - Dục Tú, giá 46 tr, rẻ hơn TT 20 giá, 100m nút giao Tứ Liên",SALE_HIGH_CONFIDENCE,SALE_HIGH_CONFIDENCE,"Nội dung chào bán/nhận quyền sở hữu. Chỉ xác minh ý định trong text, chưa xác minh giao dịch hoặc giá thật.",assistant_text_review,title_and_full_description,2026-10-04
79,shard_0002.parquet,296283,Chính chủ cần bán nhà khu dân cư phường Tân Triều chỉ từ 450tr nhận nhà ngay!,SALE_HIGH_CONFIDENCE,SALE_HIGH_CONFIDENCE,"450 triệu nhận nhà là khoản thanh toán đầu; mô tả giá tổng 1,85 tỷ. Ý định SALE, không xác nhận target từ title.",assistant_text_review,title_and_full_description,2026-10-04
80,shard_0000.parquet,21488,"Bán biệt thự tại khu biệt thự Hoa Phượng, An Khánh, Hoài Đức, Hà Nội, giá cực chất 37,2 tỷ, 310m2",SALE_HIGH_CONFIDENCE,SALE_HIGH_CONFIDENCE,"Nội dung chào bán/nhận quyền sở hữu. Chỉ xác minh ý định trong text, chưa xác minh giao dịch hoặc giá thật.",assistant_text_review,title_and_full_description,2026-10-04
81,shard_0002.parquet,153154,"Chính chủ bán căn hộ chung cư 3PN, 2WC, 90m2 tại An Bình City, tầng trung, sổ đó sẵn, giá 7,2 tỷ",SALE_HIGH_CONFIDENCE,SALE_HIGH_CONFIDENCE,"Nội dung chào bán/nhận quyền sở hữu. Chỉ xác minh ý định trong text, chưa xác minh giao dịch hoặc giá thật.",assistant_text_review,title_and_full_description,2026-10-04
82,shard_0007.parquet,233345,"Cần bán nhà lô góc B1.3 KĐT Thanh Hà - Cienco 5, 127m2*5T, đường 30m, 32 tỷ",SALE_HIGH_CONFIDENCE,SALE_HIGH_CONFIDENCE,"Nội dung chào bán/nhận quyền sở hữu. Chỉ xác minh ý định trong text, chưa xác minh giao dịch hoặc giá thật.",assistant_text_review,title_and_full_description,2026-10-04
83,shard_0004.parquet,149786,"Bán nhà mặt phố Nguyễn Văn Trỗi/Thanh Xuân. 57m*5tầng. 21,2 tỷ.",SALE_HIGH_CONFIDENCE,SALE_HIGH_CONFIDENCE,"Nội dung chào bán/nhận quyền sở hữu. Chỉ xác minh ý định trong text, chưa xác minh giao dịch hoặc giá thật.",assistant_text_review,title_and_full_description,2026-10-04
84,shard_0008.parquet,78975,Đi nước ngoài cần bán gấp Khách san đang kinh doanh. Đường Xuân Hồng Tân Bình,SALE_HIGH_CONFIDENCE,SALE_HIGH_CONFIDENCE,Rao bán khách sạn; không cùng bài toán căn nhà dân dụng.,assistant_text_review,title_and_full_description,2026-10-04
85,shard_0000.parquet,82287,"8.6 tỷ, 43m2, 4 lầu, bán nhà 29/ Đoàn Thị Điểm, Gần Phan Đăng Lưu, Phan Xích Long, P1, Phú Nhuận",SALE_HIGH_CONFIDENCE,SALE_HIGH_CONFIDENCE,"Nội dung chào bán/nhận quyền sở hữu. Chỉ xác minh ý định trong text, chưa xác minh giao dịch hoặc giá thật.",assistant_text_review,title_and_full_description,2026-10-04
86,shard_0000.parquet,18892,"Bán biệt thự khu vip lê đức thọ, gò vấp 209m giá 24 tỷ",SALE_HIGH_CONFIDENCE,SALE_HIGH_CONFIDENCE,"Nội dung chào bán/nhận quyền sở hữu. Chỉ xác minh ý định trong text, chưa xác minh giao dịch hoặc giá thật.",assistant_text_review,title_and_full_description,2026-10-04
87,shard_0009.parquet,136036,"Bán lô đất biệt lập mặt tiền đường nhựa Lý Nam Đế, Đà Lạt, chỉ 11,5 tỷ",SALE_HIGH_CONFIDENCE,SALE_HIGH_CONFIDENCE,"Nội dung chào bán/nhận quyền sở hữu. Chỉ xác minh ý định trong text, chưa xác minh giao dịch hoặc giá thật.",assistant_text_review,title_and_full_description,2026-10-04
88,shard_0001.parquet,233862,"Chính chủ bán nhà tập thể phương mai, kim liên, 2pn, 2wc, nhà đẹp, ở ngay, ô tô đỗ cửa, có sân",SALE_HIGH_CONFIDENCE,SALE_HIGH_CONFIDENCE,"Nội dung chào bán/nhận quyền sở hữu. Chỉ xác minh ý định trong text, chưa xác minh giao dịch hoặc giá thật.",assistant_text_review,title_and_full_description,2026-10-04
89,shard_0001.parquet,121502,"Chính chủ cần bán nhà 3 tầng mặt tiền đường Nại Tú 3 (Nại Hiên Đông) Sơn Trà, Đà Nẵng",SALE_HIGH_CONFIDENCE,SALE_HIGH_CONFIDENCE,"Nội dung chào bán/nhận quyền sở hữu. Chỉ xác minh ý định trong text, chưa xác minh giao dịch hoặc giá thật.",assistant_text_review,title_and_full_description,2026-10-04
90,shard_0009.parquet,116627,Bán căn hộ cao cấp Panorama Phú Mỹ Hưng view sông trực diện full nội thất có ô tô,SALE_HIGH_CONFIDENCE,SALE_HIGH_CONFIDENCE,Rao bán căn hộ. Link quảng cáo/agent trong mô tả không chứng minh nguồn thu thập.,assistant_text_review,title_and_full_description,2026-10-04
91,shard_0002.parquet,36144,"Bán nhà riêng tại Lý Thái Tổ, Yên Đỗ, Plei Ku, Gia Lai, 3,5 tỷ, 63,375m2, hàng hiếm tại giá tốt",SALE_HIGH_CONFIDENCE,SALE_HIGH_CONFIDENCE,"Diện tích text 63,375 m² là dấu thập phân; phải đọc theo ngữ cảnh, không mặc định dấu nghìn.",assistant_text_review,title_and_full_description,2026-10-04
92,shard_0002.parquet,339074,"Nhà MT Trường Chinh, Quận 12 giá 7.8 tỷ (cũ 8 tỷ) cần bán gấp",SALE_HIGH_CONFIDENCE,SALE_HIGH_CONFIDENCE,"Rao bán; giá cũ 8 tỷ và mới 7,8 tỷ cùng xuất hiện, 23 triệu là thuê hiện có.",assistant_text_review,title_and_full_description,2026-10-04
93,shard_0006.parquet,110191,Cần bán trước Tết - Đất Mặt tiền đường 10m- cạnh CC Metro Park - Trường Thọ - 86m2 siêu đẹp,SALE_HIGH_CONFIDENCE,SALE_HIGH_CONFIDENCE,"Nội dung chào bán/nhận quyền sở hữu. Chỉ xác minh ý định trong text, chưa xác minh giao dịch hoặc giá thật.",assistant_text_review,title_and_full_description,2026-10-04
94,shard_0001.parquet,316235,"Bán Đất Nguyễn Sắc Kim, 4,9 tỷ, 88m2, Phường Hòa Xuân, Cẩm Lệ, Đà Nẵng",SALE_HIGH_CONFIDENCE,SALE_HIGH_CONFIDENCE,"Nội dung chào bán/nhận quyền sở hữu. Chỉ xác minh ý định trong text, chưa xác minh giao dịch hoặc giá thật.",assistant_text_review,title_and_full_description,2026-10-04
95,shard_0005.parquet,138314,"Bán Nhà Riêng tại Nguyễn Huy Tưởng, Hòa Minh, Liên Chiểu, Đà Nẵng, giá tốt, 60m2",SALE_HIGH_CONFIDENCE,SALE_HIGH_CONFIDENCE,"Nội dung chào bán/nhận quyền sở hữu. Chỉ xác minh ý định trong text, chưa xác minh giao dịch hoặc giá thật.",assistant_text_review,title_and_full_description,2026-10-04
96,shard_0002.parquet,21551,Chính chủ cần bán nhà mới hẻm xe hơi ngay chợ bà chiểu diên hồng - bình thạnh.đang cho thuê 25tr.,SALE_HIGH_CONFIDENCE,SALE_HIGH_CONFIDENCE,"Rao bán, 25 triệu/tháng là thu nhập; nhỉnh 8 tỷ là giá xấp xỉ.",assistant_text_review,title_and_full_description,2026-10-04
97,shard_0001.parquet,64472,Bán căn hộ cao cấp Thành Thái 3PN full nội thất view thoáng giá 7.6 tỷ (ĐCG69205),SALE_HIGH_CONFIDENCE,SALE_HIGH_CONFIDENCE,"Nội dung chào bán/nhận quyền sở hữu. Chỉ xác minh ý định trong text, chưa xác minh giao dịch hoặc giá thật.",assistant_text_review,title_and_full_description,2026-10-04
98,shard_0004.parquet,313914,"Bán nhà phố Xuân Đỉnh tòa CHDV 7T 95m2 MT 6m, 28ph, dòng tiền 150tr/th ôtô đỗ. PCCC, GPXD đủ, 2xtỷ",SALE_HIGH_CONFIDENCE,SALE_HIGH_CONFIDENCE,"Rao bán tòa CHDV 28,5 tỷ; 150 triệu/tháng là thu nhập.",assistant_text_review,title_and_full_description,2026-10-04
99,shard_0000.parquet,318995,"Bán đất 53m2, 2,8 tỷ tại tổ 15, Đồng Mai, Hà Đông, Hà Nội",SALE_HIGH_CONFIDENCE,SALE_HIGH_CONFIDENCE,"Nội dung chào bán/nhận quyền sở hữu. Chỉ xác minh ý định trong text, chưa xác minh giao dịch hoặc giá thật.",assistant_text_review,title_and_full_description,2026-10-04
100,shard_0003.parquet,306492,Bán CCMN Trường Chinh 50m2 x 7 tầng thang máy 13 phòng khép kín 90tr/tháng cách phố 50m,RENT_HIGH_CONFIDENCE,SALE_HIGH_CONFIDENCE,Title Bán CCMN; 90 triệu/tháng là doanh thu. Rule RENT sai vì từ viết tắt và CASHFLOW chỉ xét title.,assistant_text_review,title_and_full_description,2026-10-04
101,shard_0000.parquet,180958,"Siêu phẩm toà căn hộ góc 2 MT phố Tây An Thượng 126.6m2 13 phòng sẵn HĐ thuê 55tr/tháng giá 18,3 tỷ",RENT_HIGH_CONFIDENCE,SALE_HIGH_CONFIDENCE,Nội dung rao bán/nhận quyền sở hữu; đề cập thuê là khai thác tài sản hoặc thanh toán. Chỉ xác minh ý định trong text.,assistant_text_review,title_and_full_description,2026-10-04
102,shard_0006.parquet,70412,Chính chủ gửi bán: LK 120m2 - Đường 60m - 68 tỷ. Đang cho cty XD thuê 120tr/tháng,RENT_HIGH_CONFIDENCE,SALE_HIGH_CONFIDENCE,Nội dung rao bán/nhận quyền sở hữu; đề cập thuê là khai thác tài sản hoặc thanh toán. Chỉ xác minh ý định trong text.,assistant_text_review,title_and_full_description,2026-10-04
103,shard_0000.parquet,120462,Building Nguyễn Văn trỗi - Q. Phú Nhuận - 5 tầng ST - DT: 14x19m - HDT 150 triệu/tháng - chỉ 4x tỷ,RENT_HIGH_CONFIDENCE,SALE_HIGH_CONFIDENCE,"Nội dung bán building, giá 47 tỷ 9; HĐT là thuê hiện có. Không xác nhận target 47 tỷ.",assistant_text_review,title_and_full_description,2026-10-04
104,shard_0008.parquet,36142,"Rẻ nhất thị trường, 2PN 74m2, suất nội bộ chủ đầu tư, đã có sổ, cho thuê từ 10 - 13 triệu/tháng",RENT_HIGH_CONFIDENCE,SALE_HIGH_CONFIDENCE,Nội dung rao bán/nhận quyền sở hữu; đề cập thuê là khai thác tài sản hoặc thanh toán. Chỉ xác minh ý định trong text.,assistant_text_review,title_and_full_description,2026-10-04
105,shard_0004.parquet,53380,"SIÊU PHẨM! Mặt tiền Xô Viết Nghệ Tĩnh, BT - DT 5.3x27m - 4 tầng - HĐT 70 tr/tháng - giá 26 tỷ",RENT_HIGH_CONFIDENCE,SALE_HIGH_CONFIDENCE,Nội dung rao bán/nhận quyền sở hữu; đề cập thuê là khai thác tài sản hoặc thanh toán. Chỉ xác minh ý định trong text.,assistant_text_review,title_and_full_description,2026-10-04
106,shard_0008.parquet,33202,"HĐT 75 triệu/tháng - Khu VIP Phan Xích Long, Phú Nhuận - DT: 7x21m (sẵn Hầm + 5 tầng) Chỉ 23 tỷ TL",RENT_HIGH_CONFIDENCE,SALE_HIGH_CONFIDENCE,Nội dung rao bán/nhận quyền sở hữu; đề cập thuê là khai thác tài sản hoặc thanh toán. Chỉ xác minh ý định trong text.,assistant_text_review,title_and_full_description,2026-10-04
107,shard_0001.parquet,134488,"Vip 77m2 tại Trần Phú, P9, Q5, giá ưu đãi, đang có HĐ thuê 27 triệu/thang, không môi giới",RENT_HIGH_CONFIDENCE,AMBIGUOUS,Tiêu đề có hợp đồng thuê hiện có; nội dung không xác định đề nghị bán hay thuê mới; giá cấu trúc thiếu.,assistant_text_review,title_and_full_description,2026-10-04
108,shard_0009.parquet,74685,"Gần mặt tiền Thích Quảng Đức P4 PN. DT 4m x19.5m 5T 9PN 4WC. HĐT 33 triệu/ tháng. Giá chỉ: 15,9 tỷ",RENT_HIGH_CONFIDENCE,SALE_HIGH_CONFIDENCE,Nội dung rao bán/nhận quyền sở hữu; đề cập thuê là khai thác tài sản hoặc thanh toán. Chỉ xác minh ý định trong text.,assistant_text_review,title_and_full_description,2026-10-04
109,shard_0001.parquet,43367,"Căn góc 5 tầng 38m2-Tổ 12 Yên Nghĩa-gần KĐT Đô Nghĩa, bệnh viện Nhỉ - cho thuê-đầu tư tốt-6.1 tỷ",RENT_HIGH_CONFIDENCE,SALE_HIGH_CONFIDENCE,Nội dung rao bán/nhận quyền sở hữu; đề cập thuê là khai thác tài sản hoặc thanh toán. Chỉ xác minh ý định trong text.,assistant_text_review,title_and_full_description,2026-10-04
110,shard_0000.parquet,304094,"Shophouse 4 tầng đường Song Hành, hoàn thiện sẵn có thang máy giá 26 tỷ. Ở hoặc cho thuê được ngay",RENT_HIGH_CONFIDENCE,SALE_HIGH_CONFIDENCE,Nội dung rao bán/nhận quyền sở hữu; đề cập thuê là khai thác tài sản hoặc thanh toán. Chỉ xác minh ý định trong text.,assistant_text_review,title_and_full_description,2026-10-04
111,shard_0001.parquet,256258,Quỹ căn siêu hot chỉ từ 20tr/m2 tại Tecco SHCH 2PN HTLS 0% 18 tháng sẵn HĐ cho thuê 2 năm 8.3tr/th,RENT_HIGH_CONFIDENCE,SALE_HIGH_CONFIDENCE,Chính sách bán căn hộ kèm cam kết thuê lại 2 năm; không phải đề nghị thuê chính.,assistant_text_review,title_and_full_description,2026-10-04
112,shard_0008.parquet,30174,Mặt phố View Hồ lô góc cho thuê 38 tr/th Thanh Nhàn 57.5m2 5tầng MT 3.9m 35 tỷ Hai Bà Trưng,RENT_HIGH_CONFIDENCE,SALE_HIGH_CONFIDENCE,Nội dung rao bán/nhận quyền sở hữu; đề cập thuê là khai thác tài sản hoặc thanh toán. Chỉ xác minh ý định trong text.,assistant_text_review,title_and_full_description,2026-10-04
113,shard_0006.parquet,160431,Giảm Sốc 3.85 Tỷ! Nhà MT Nguyễn Gia Trí Bình Thạnh 8x20m - HĐT 120Tr/tháng - Bán 73.15 Tỷ.,RENT_HIGH_CONFIDENCE,SALE_HIGH_CONFIDENCE,Nội dung rao bán/nhận quyền sở hữu; đề cập thuê là khai thác tài sản hoặc thanh toán. Chỉ xác minh ý định trong text.,assistant_text_review,title_and_full_description,2026-10-04
114,shard_0001.parquet,137832,Lê đức thọ - mặt tiền 12m - building 9 tầng thang máy - ô tô tránh - cho thuê 200tr/tháng - 50 tỷ.,RENT_HIGH_CONFIDENCE,SALE_HIGH_CONFIDENCE,Nội dung rao bán/nhận quyền sở hữu; đề cập thuê là khai thác tài sản hoặc thanh toán. Chỉ xác minh ý định trong text.,assistant_text_review,title_and_full_description,2026-10-04
115,shard_0009.parquet,184346,Nhà 5 Tầng -Hẻm Xe Hơi Trường Sa. Phú Nhuận -DT : Ngang ( 9m x 6m ) -HĐT : 50 Triệu / Tháng - 16 Tỷ,RENT_HIGH_CONFIDENCE,SALE_HIGH_CONFIDENCE,Nội dung rao bán/nhận quyền sở hữu; đề cập thuê là khai thác tài sản hoặc thanh toán. Chỉ xác minh ý định trong text.,assistant_text_review,title_and_full_description,2026-10-04
116,shard_0000.parquet,160321,"57m² Mặt tiền kinh doanh Becamex Định Hòa, sổ hồng 1,550 tỷ, cho thuê 5 triệu/th, Sài Gòn mua được",RENT_HIGH_CONFIDENCE,SALE_HIGH_CONFIDENCE,Nội dung rao bán/nhận quyền sở hữu; đề cập thuê là khai thác tài sản hoặc thanh toán. Chỉ xác minh ý định trong text.,assistant_text_review,title_and_full_description,2026-10-04
117,shard_0004.parquet,175172,"Ccmn tại chiến thắng - văn quán, 15 phòng kk, dt 70tr/tháng",RENT_HIGH_CONFIDENCE,SALE_HIGH_CONFIDENCE,Nội dung rao bán/nhận quyền sở hữu; đề cập thuê là khai thác tài sản hoặc thanh toán. Chỉ xác minh ý định trong text.,assistant_text_review,title_and_full_description,2026-10-04
118,shard_0002.parquet,323422,Bán Toà VP MP Hoàng Quốc Việt-lô góc 3 mặt tiền-8 tầng mới đẹp-phù hợp khách trên ở dưới cho thuê,RENT_HIGH_CONFIDENCE,SALE_HIGH_CONFIDENCE,"Title Bán Toà VP; mô tả Bán Nhà Toà Nhà và giá bán 13X tỷ, thuê chỉ một phần tài sản.",assistant_text_review,title_and_full_description,2026-10-04
119,shard_0006.parquet,345007,"Bán liền kề lotus 8,6 full nội thất kinh doanh 40tr/ tháng vận hành được luôn",RENT_HIGH_CONFIDENCE,SALE_HIGH_CONFIDENCE,Title bán liền kề; 40 triệu/tháng là thu nhập kinh doanh.,assistant_text_review,title_and_full_description,2026-10-04
120,shard_0009.parquet,253966,"Nhà 19 tỷ, 65 m2, 7T thang máy, TT Hà Đông, Chính chủ, phân lô, vỉa hè, oto, kd, 70tr/tháng, CV 365",RENT_HIGH_CONFIDENCE,SALE_HIGH_CONFIDENCE,Nội dung rao bán/nhận quyền sở hữu; đề cập thuê là khai thác tài sản hoặc thanh toán. Chỉ xác minh ý định trong text.,assistant_text_review,title_and_full_description,2026-10-04
121,shard_0003.parquet,820,"Phân lô vỉa hè KĐT Định Công, ô tô tải tránh, KD, gara, 2 thoáng, cho thuê 50tr, 105m*5T",RENT_HIGH_CONFIDENCE,SALE_HIGH_CONFIDENCE,Nội dung rao bán/nhận quyền sở hữu; đề cập thuê là khai thác tài sản hoặc thanh toán. Chỉ xác minh ý định trong text.,assistant_text_review,title_and_full_description,2026-10-04
122,shard_0006.parquet,345290,Gấp! [chỉ 105tr/m2] HXH 5m Núi Thành P13 - 4.4x23.25m [vuông vức] 7P cho thuê. Chỉ 10.8 tỷ TL,RENT_HIGH_CONFIDENCE,SALE_HIGH_CONFIDENCE,Nội dung rao bán/nhận quyền sở hữu; đề cập thuê là khai thác tài sản hoặc thanh toán. Chỉ xác minh ý định trong text.,assistant_text_review,title_and_full_description,2026-10-04
123,shard_0000.parquet,346570,IXORA HỒ TRÀM 2.3 tỷ/căn Fusion vận hành cho thuê. Có thể ở lâu dài,RENT_HIGH_CONFIDENCE,SALE_HIGH_CONFIDENCE,Nội dung rao bán/nhận quyền sở hữu; đề cập thuê là khai thác tài sản hoặc thanh toán. Chỉ xác minh ý định trong text.,assistant_text_review,title_and_full_description,2026-10-04
124,shard_0004.parquet,205798,"Căn hộ Maison Grand Phú Mỹ chỉ từ 2 tỷ - Cho thuê 10 - 12 triệu/tháng, lợi nhuận hấp dẫn",RENT_HIGH_CONFIDENCE,SALE_HIGH_CONFIDENCE,Nội dung rao bán/nhận quyền sở hữu; đề cập thuê là khai thác tài sản hoặc thanh toán. Chỉ xác minh ý định trong text.,assistant_text_review,title_and_full_description,2026-10-04
125,shard_0000.parquet,27263,"Bất kỳ ai cũng có thể mua được căn hộ TT Avio, thanh toán chỉ 9 triệu/tháng trong 6 năm",RENT_HIGH_CONFIDENCE,SALE_HIGH_CONFIDENCE,"9 triệu/tháng là trả góp sở hữu căn hộ, không phải tiền thuê.",assistant_text_review,title_and_full_description,2026-10-04
126,shard_0008.parquet,228433,"Hiếm! Tòa Apartment đẳng cấp 130m2x9T thang máy. 35 phòng cho thuê, PCCC chuẩn phố Hoàng Quốc Việt.",RENT_HIGH_CONFIDENCE,SALE_HIGH_CONFIDENCE,Nội dung rao bán/nhận quyền sở hữu; đề cập thuê là khai thác tài sản hoặc thanh toán. Chỉ xác minh ý định trong text.,assistant_text_review,title_and_full_description,2026-10-04
127,shard_0007.parquet,68744,"Hàng kịch độc, CCMN ngõ 14 Mễ Trì Hạ, 20m ra ô tô, 43m, 9p khép kín, cho thuê full, giá hơn 10 tỷ",RENT_HIGH_CONFIDENCE,SALE_HIGH_CONFIDENCE,Nội dung rao bán/nhận quyền sở hữu; đề cập thuê là khai thác tài sản hoặc thanh toán. Chỉ xác minh ý định trong text.,assistant_text_review,title_and_full_description,2026-10-04
128,shard_0001.parquet,334073,Bán căn 2PN 2WC 76m2 thông thuỷ sẵn HĐ thuê 16 triệu/ tháng (full nội thất) Sora 2 TP Mới BD,RENT_HIGH_CONFIDENCE,SALE_HIGH_CONFIDENCE,Nội dung rao bán/nhận quyền sở hữu; đề cập thuê là khai thác tài sản hoặc thanh toán. Chỉ xác minh ý định trong text.,assistant_text_review,title_and_full_description,2026-10-04
129,shard_0001.parquet,301298,"7,3 tỷ - 120m2 ngang Khủng 7m 3 tầng cho thuê 25 tr/th - ngay chợ Cát Lái Cách Nguyễn Thị Định 100m",RENT_HIGH_CONFIDENCE,SALE_HIGH_CONFIDENCE,Nội dung rao bán/nhận quyền sở hữu; đề cập thuê là khai thác tài sản hoặc thanh toán. Chỉ xác minh ý định trong text.,assistant_text_review,title_and_full_description,2026-10-04
130,shard_0004.parquet,101872,"Gần phố! Hoàng Hoa Thám Nhà 47m², 4 tầng, 2 thoáng giữ tiền an toàn, cho thuê tốt",RENT_HIGH_CONFIDENCE,SALE_HIGH_CONFIDENCE,Nội dung rao bán/nhận quyền sở hữu; đề cập thuê là khai thác tài sản hoặc thanh toán. Chỉ xác minh ý định trong text.,assistant_text_review,title_and_full_description,2026-10-04
131,shard_0000.parquet,18069,"BÙNG CHÁY! Khu Mạc Đĩnh Chi.Q1 (4,5x16) - Hầm 5 tầng - 8CHDV - 100tr/tháng - 22 tỷ - O925324498",RENT_HIGH_CONFIDENCE,SALE_HIGH_CONFIDENCE,Nội dung rao bán/nhận quyền sở hữu; đề cập thuê là khai thác tài sản hoặc thanh toán. Chỉ xác minh ý định trong text.,assistant_text_review,title_and_full_description,2026-10-04
132,shard_0009.parquet,102746,Siêu phẩm MT Cách Mạng Tháng 8 (đoạn đẹp) - 7x30m - XD: H + 7T - HDT: 200tr/tháng - giá 40 tỷ,RENT_HIGH_CONFIDENCE,SALE_HIGH_CONFIDENCE,Nội dung rao bán/nhận quyền sở hữu; đề cập thuê là khai thác tài sản hoặc thanh toán. Chỉ xác minh ý định trong text.,assistant_text_review,title_and_full_description,2026-10-04
133,shard_0003.parquet,125815,"Đất An Khê ngang 8m, xây nhà cho thuê, đầu tư siêu lời",RENT_HIGH_CONFIDENCE,SALE_HIGH_CONFIDENCE,Nội dung rao bán/nhận quyền sở hữu; đề cập thuê là khai thác tài sản hoặc thanh toán. Chỉ xác minh ý định trong text.,assistant_text_review,title_and_full_description,2026-10-04
134,shard_0009.parquet,302970,"Độc quyền căn 1PN, rẻ nhất giỏ hàng The Legend, sở hữu lâu dài, HĐ cho thuê 25 - 30 triệu/tháng",RENT_HIGH_CONFIDENCE,SALE_HIGH_CONFIDENCE,Nội dung rao bán/nhận quyền sở hữu; đề cập thuê là khai thác tài sản hoặc thanh toán. Chỉ xác minh ý định trong text.,assistant_text_review,title_and_full_description,2026-10-04
135,shard_0005.parquet,181253,"Dãy Trọ _ Ngay Chợ Thủ Đức _Thu Nhập 22Tr/Tháng _ 100M2 _ Ngang8,8M _ Chỉ 8,2Tỷ_Sổ Sẵn ,Hỗ Trợ Vay",RENT_HIGH_CONFIDENCE,SALE_HIGH_CONFIDENCE,Nội dung rao bán/nhận quyền sở hữu; đề cập thuê là khai thác tài sản hoặc thanh toán. Chỉ xác minh ý định trong text.,assistant_text_review,title_and_full_description,2026-10-04
136,shard_0006.parquet,44320,Cực hiếm! Nhà sát Đặng Văn Bi - ô tô tận cửa - 70m2 - cho thuê 8.5tr/tháng - giá bao thị trường,RENT_HIGH_CONFIDENCE,SALE_HIGH_CONFIDENCE,Nội dung rao bán/nhận quyền sở hữu; đề cập thuê là khai thác tài sản hoặc thanh toán. Chỉ xác minh ý định trong text.,assistant_text_review,title_and_full_description,2026-10-04
137,shard_0005.parquet,190858,Chỉ 7 Triệu / Tháng Sở Hữu Căn Hộ Dành Riêng Cho Công Nhân KCN VSIP Bình Dương,RENT_HIGH_CONFIDENCE,SALE_HIGH_CONFIDENCE,7 triệu/tháng là tài chính mua căn hộ theo chương trình mở bán.,assistant_text_review,title_and_full_description,2026-10-04
138,shard_0008.parquet,16050,"Căn nhà cấp 4 với 6 phòng cho thuê giá hấp dẫn, tại đường Đỗ Bá-Đà Nẵng-vài bước chân ra biển-105m2",RENT_HIGH_CONFIDENCE,SALE_HIGH_CONFIDENCE,Nội dung rao bán/nhận quyền sở hữu; đề cập thuê là khai thác tài sản hoặc thanh toán. Chỉ xác minh ý định trong text.,assistant_text_review,title_and_full_description,2026-10-04
139,shard_0007.parquet,231436,HAGL ĐÀ NẴNG VIEW DOWNTOWN FULL NT CÓ THUÊ LẠI 25TR/Tháng,RENT_HIGH_CONFIDENCE,SALE_HIGH_CONFIDENCE,Nội dung rao bán/nhận quyền sở hữu; đề cập thuê là khai thác tài sản hoặc thanh toán. Chỉ xác minh ý định trong text.,assistant_text_review,title_and_full_description,2026-10-04
140,shard_0004.parquet,88761,"NHÀ PHỐ ELITE HOME BÀU BÀNG, VEN TP.HCM giá 3 tỷ cho thuê 15tr tháng liên hệ [phone_number]",RENT_HIGH_CONFIDENCE,SALE_HIGH_CONFIDENCE,Nội dung rao bán/nhận quyền sở hữu; đề cập thuê là khai thác tài sản hoặc thanh toán. Chỉ xác minh ý định trong text.,assistant_text_review,title_and_full_description,2026-10-04
141,shard_0000.parquet,81769,"The Habitat Binh Duong GĐ 3, căn hộ cao cấp cho thuê tốt ngay Vsip 1, TT 10% ký HĐMB, nhận nhà ngay",RENT_HIGH_CONFIDENCE,SALE_HIGH_CONFIDENCE,Nội dung rao bán/nhận quyền sở hữu; đề cập thuê là khai thác tài sản hoặc thanh toán. Chỉ xác minh ý định trong text.,assistant_text_review,title_and_full_description,2026-10-04
142,shard_0008.parquet,237957,"Căn duy nhất! Chỉ 9,5 tỷ TL có ngay nhà mặt tiền Trường Sa, 3,5x8,5m, 5 tầng, HĐT 20 triệu/tháng!",RENT_HIGH_CONFIDENCE,SALE_HIGH_CONFIDENCE,Nội dung rao bán/nhận quyền sở hữu; đề cập thuê là khai thác tài sản hoặc thanh toán. Chỉ xác minh ý định trong text.,assistant_text_review,title_and_full_description,2026-10-04
143,shard_0009.parquet,111668,"SIÊU VIP-SIÊU VỊ TRÍ 1 CĂN DUY NHẤT MT Thủ Khoa Huân, Quận 1, DT 4.5x25m, HĐT 200tr/tháng. 79 TỶ",RENT_HIGH_CONFIDENCE,SALE_HIGH_CONFIDENCE,Nội dung rao bán/nhận quyền sở hữu; đề cập thuê là khai thác tài sản hoặc thanh toán. Chỉ xác minh ý định trong text.,assistant_text_review,title_and_full_description,2026-10-04
144,shard_0001.parquet,124855,"HĐT 235triệu/tháng toà CHDV Nguyễn Cửu Vân, Bình Thạnh, DT: 9x19m, hầm + 7 tầng, giá 49 tỷ",RENT_HIGH_CONFIDENCE,SALE_HIGH_CONFIDENCE,Nội dung rao bán/nhận quyền sở hữu; đề cập thuê là khai thác tài sản hoặc thanh toán. Chỉ xác minh ý định trong text.,assistant_text_review,title_and_full_description,2026-10-04
145,shard_0005.parquet,122803,"Hàng bồ- 28m2, nhà 3 tầng- lõi hoàn kiếm- nhà đẹp, ở ngay/cho thuê siêu lợi nhuận- giá chào 5.8 tỷ",RENT_HIGH_CONFIDENCE,SALE_HIGH_CONFIDENCE,Nội dung rao bán/nhận quyền sở hữu; đề cập thuê là khai thác tài sản hoặc thanh toán. Chỉ xác minh ý định trong text.,assistant_text_review,title_and_full_description,2026-10-04
146,shard_0009.parquet,343060,"Căn hộ dịch vụ mặt tiền 22 phòng 100tr/tháng 6x25m lửng + 5 tầng hoàn công + PCCC chỉ 20,5 tỷ",RENT_HIGH_CONFIDENCE,SALE_HIGH_CONFIDENCE,Nội dung rao bán/nhận quyền sở hữu; đề cập thuê là khai thác tài sản hoặc thanh toán. Chỉ xác minh ý định trong text.,assistant_text_review,title_and_full_description,2026-10-04
147,shard_0003.parquet,296788,"VinSmart City: Còn 1 căn shop khối đế 57m2 The Victoria- lời 95tr/tháng- VỐN 3TỶ- CK 10,5%- SỔ ĐỎ",RENT_HIGH_CONFIDENCE,SALE_HIGH_CONFIDENCE,"Bán shophouse; vốn 3 tỷ là một phần thanh toán, thu nhập thuê không phải giá thuê chính.",assistant_text_review,title_and_full_description,2026-10-04
148,shard_0005.parquet,108554,Bán chdv thanh xuân - 94m - 8t tm - 28 phòng kk - pccc đạt chuẩn - 145tr/tháng. [phone_number],RENT_HIGH_CONFIDENCE,SALE_HIGH_CONFIDENCE,"Bán CHDV; 145 triệu/tháng là dòng tiền, giá bán 24,3 tỷ.",assistant_text_review,title_and_full_description,2026-10-04
149,shard_0008.parquet,284621,(085) trung tâm láng hạ- rất gần phố mặt ngõ oto kd- 5 tầng chắc chắn- cho thuê 20tr/ tháng,RENT_HIGH_CONFIDENCE,SALE_HIGH_CONFIDENCE,Nội dung rao bán/nhận quyền sở hữu; đề cập thuê là khai thác tài sản hoặc thanh toán. Chỉ xác minh ý định trong text.,assistant_text_review,title_and_full_description,2026-10-04
150,shard_0006.parquet,184424,"Sở hữu căn hộ có Smarthome The Aspira chỉ 6,8 triệu/tháng ngay Metro số 1, ân hạn gốc 6 năm",RENT_HIGH_CONFIDENCE,SALE_HIGH_CONFIDENCE,"6,8 triệu/tháng là trả góp; giá bán từ 1,68 tỷ.",assistant_text_review,title_and_full_description,2026-10-04
151,shard_0009.parquet,188487,"Bán toà cmnn Cầu Giấy 8 tầng thang máy, 100m2 mặt tiền 8m, 35 phòng khép kín đủ đồ,thu 220tr/tháng",RENT_HIGH_CONFIDENCE,SALE_HIGH_CONFIDENCE,"Bán tòa CCMN/CHDV, thu 220 triệu/tháng là dòng tiền.",assistant_text_review,title_and_full_description,2026-10-04
152,shard_0002.parquet,317564,"Giá 1xxtr/m2, lời tới 85tr/tháng khi mua shophouse khối đế Sola Park tòa G5, G6, CK 13,5%, sổ đỏ",RENT_HIGH_CONFIDENCE,SALE_HIGH_CONFIDENCE,Nội dung rao bán/nhận quyền sở hữu; đề cập thuê là khai thác tài sản hoặc thanh toán. Chỉ xác minh ý định trong text.,assistant_text_review,title_and_full_description,2026-10-04
153,shard_0009.parquet,340727,"Dãy trọ 196m2 có 8 phòng cho thuê 9 triệu /tháng ở Đ.Suối Sâu xã An Tịnh Trảng Bảng, giá 1 tỷ",RENT_HIGH_CONFIDENCE,SALE_HIGH_CONFIDENCE,Nội dung rao bán/nhận quyền sở hữu; đề cập thuê là khai thác tài sản hoặc thanh toán. Chỉ xác minh ý định trong text.,assistant_text_review,title_and_full_description,2026-10-04
154,shard_0006.parquet,346656,"Nhà CHDV hẻm xe hơi 6m - Quang Trung - 21tr/tháng - Khu đồng bộ - an ninh - 8,8 Tỷ - 2 ô tô né nhau",RENT_HIGH_CONFIDENCE,SALE_HIGH_CONFIDENCE,Nội dung rao bán/nhận quyền sở hữu; đề cập thuê là khai thác tài sản hoặc thanh toán. Chỉ xác minh ý định trong text.,assistant_text_review,title_and_full_description,2026-10-04
155,shard_0002.parquet,120658,"HIẾM, VIP...! Phân lô Gần CV Cầu Giấy - 1 Nhà Ra Phố - Ô Tô Đỗ Cửa - Kinh Doanh Cho Thuê Đắc Địa",RENT_HIGH_CONFIDENCE,SALE_HIGH_CONFIDENCE,Nội dung rao bán/nhận quyền sở hữu; đề cập thuê là khai thác tài sản hoặc thanh toán. Chỉ xác minh ý định trong text.,assistant_text_review,title_and_full_description,2026-10-04
156,shard_0009.parquet,298325,"Hàng Hiếm! Còn Sót Lại Căn Vũ Huy Tấn, Bình Thạnh-Giáp Q1. DT: 60m2. Giá 2tỷ470. Cho Thuê 14tr/1 th",RENT_HIGH_CONFIDENCE,SALE_HIGH_CONFIDENCE,Nội dung rao bán/nhận quyền sở hữu; đề cập thuê là khai thác tài sản hoặc thanh toán. Chỉ xác minh ý định trong text.,assistant_text_review,title_and_full_description,2026-10-04
157,shard_0003.parquet,286005,Nhà 4 tầng mặt đường 35m sẵn nhà cho thuê tại khu KDT HUD Sơn Tây,RENT_HIGH_CONFIDENCE,SALE_HIGH_CONFIDENCE,Nội dung rao bán/nhận quyền sở hữu; đề cập thuê là khai thác tài sản hoặc thanh toán. Chỉ xác minh ý định trong text.,assistant_text_review,title_and_full_description,2026-10-04
158,shard_0008.parquet,209024,Lê Quang Đạo - Từ Liêm - Căn hộ dịch vụ - 88m2 - 8 tầng - 31 phòng cho thuê - 26.8 tỷ,RENT_HIGH_CONFIDENCE,SALE_HIGH_CONFIDENCE,Nội dung rao bán/nhận quyền sở hữu; đề cập thuê là khai thác tài sản hoặc thanh toán. Chỉ xác minh ý định trong text.,assistant_text_review,title_and_full_description,2026-10-04
159,shard_0008.parquet,103676,"SIÊU VỊ TRÍ - KHÁCH SẠN MT Đề Thám Quận 1, DT 4.7x20m 6 tầng HĐT 250tr/ tháng giá 41 tỷ",RENT_HIGH_CONFIDENCE,SALE_HIGH_CONFIDENCE,Nội dung rao bán/nhận quyền sở hữu; đề cập thuê là khai thác tài sản hoặc thanh toán. Chỉ xác minh ý định trong text.,assistant_text_review,title_and_full_description,2026-10-04
160,shard_0000.parquet,236352,"Toà CHDV siêu đẹp Trần Thái Tông, 18PKK, DT 100tr/tháng, sát phố, thoáng sáng, PCCC đầy đủ, 75m2*8T",RENT_HIGH_CONFIDENCE,SALE_HIGH_CONFIDENCE,Nội dung rao bán/nhận quyền sở hữu; đề cập thuê là khai thác tài sản hoặc thanh toán. Chỉ xác minh ý định trong text.,assistant_text_review,title_and_full_description,2026-10-04
161,shard_0009.parquet,185012,"Siêu phẩm CHDV Phan Văn Trị, P. BT - DT 5.5 x 30m - Hầm 7 tầng - TN 200 triệu/tháng - Giá 40 tỷ",RENT_HIGH_CONFIDENCE,SALE_HIGH_CONFIDENCE,Nội dung rao bán/nhận quyền sở hữu; đề cập thuê là khai thác tài sản hoặc thanh toán. Chỉ xác minh ý định trong text.,assistant_text_review,title_and_full_description,2026-10-04
162,shard_0001.parquet,218160,"Conic Boulevard 2PN 84m² - 89m², phù hợp cho con học đại học, cho thuê, tiềm năng tăng giá",RENT_HIGH_CONFIDENCE,SALE_HIGH_CONFIDENCE,Chính sách bán và vay căn hộ; 450 triệu là 15% thanh toán ban đầu.,assistant_text_review,title_and_full_description,2026-10-04
163,shard_0009.parquet,143458,Căn hộ dịch vụ TN 430tr/tháng - MT Đường Trần Tấn - DT 523m2 - 1 hầm 6 lầu - Giá 75 tỷ TL,RENT_HIGH_CONFIDENCE,SALE_HIGH_CONFIDENCE,Nội dung rao bán/nhận quyền sở hữu; đề cập thuê là khai thác tài sản hoặc thanh toán. Chỉ xác minh ý định trong text.,assistant_text_review,title_and_full_description,2026-10-04
164,shard_0004.parquet,19334,"Bán CCMN gần BV Phương Đông 50m2, 5 tầng thang máy, ngõ nông rộng ô tô đỗ cách 20m, DT 50tr/tháng",RENT_HIGH_CONFIDENCE,SALE_HIGH_CONFIDENCE,"Title Bán CCMN; DT 50 triệu/tháng là doanh thu, không phải chào thuê mới.",assistant_text_review,title_and_full_description,2026-10-04
165,shard_0000.parquet,301088,Sẵn hđt 27tr/tháng ! chdv hẻm xe tải đường số 30 p6 q.gv - 5 tầng 48m2 - sẵn 9 phòng cho thuê full,RENT_HIGH_CONFIDENCE,SALE_HIGH_CONFIDENCE,Nội dung rao bán/nhận quyền sở hữu; đề cập thuê là khai thác tài sản hoặc thanh toán. Chỉ xác minh ý định trong text.,assistant_text_review,title_and_full_description,2026-10-04
166,shard_0008.parquet,110684,Mua đất trả góp chỉ từ 1.9 triệu/tháng,RENT_HIGH_CONFIDENCE,SALE_HIGH_CONFIDENCE,"Mua đất trả góp 1,9 triệu/tháng; target 0 không dùng được nhưng ý định bán rõ.",assistant_text_review,title_and_full_description,2026-10-04
167,shard_0002.parquet,248450,"HĐT 75 triệu/tháng! Hẻm 6m Hồ Biểu Chánh, P11, PN - 4 tầng mới (8x22m, CN 160m2) Chỉ 26 tỷ TL",RENT_HIGH_CONFIDENCE,SALE_HIGH_CONFIDENCE,Nội dung rao bán/nhận quyền sở hữu; đề cập thuê là khai thác tài sản hoặc thanh toán. Chỉ xác minh ý định trong text.,assistant_text_review,title_and_full_description,2026-10-04
168,shard_0007.parquet,235820,Duy nhất mặt tiền Lê Văn Sỹ Quận 3 ngang 5 x 20m - HĐT: 95triệu/tháng - Gía: 36 tỷ tin thật,RENT_HIGH_CONFIDENCE,SALE_HIGH_CONFIDENCE,Nội dung rao bán/nhận quyền sở hữu; đề cập thuê là khai thác tài sản hoặc thanh toán. Chỉ xác minh ý định trong text.,assistant_text_review,title_and_full_description,2026-10-04
169,shard_0003.parquet,207344,"Chỉ 186tr sở hữu CH Ava Center full nội thất cao cấp, TToán 5 tr/tháng, Vay 0% LS, tặng 15 chỉ vàng",RENT_HIGH_CONFIDENCE,SALE_HIGH_CONFIDENCE,"186 triệu là vốn đầu, 5 triệu/tháng là thanh toán; giá tổng từ 1,164 tỷ.",assistant_text_review,title_and_full_description,2026-10-04
170,shard_0000.parquet,240718,"Chỉ 5 căn view hồ bơi cực chill - thanh toán chỉ 0,5%/ tháng - cashback đến 300 triệu",RENT_HIGH_CONFIDENCE,SALE_HIGH_CONFIDENCE,"Rao bán căn hộ nhưng text mô tả 75m²/3,9 tỷ, cấu trúc 50m²/2,7 tỷ: chưa xác nhận target.",assistant_text_review,title_and_full_description,2026-10-04
171,shard_0003.parquet,83995,Bình Tân DT khủng 10m dài 18m - hiện trạng 1 căn nhà 2 tầng và 7 phòng cho thuê - hẻm 6m,RENT_HIGH_CONFIDENCE,SALE_HIGH_CONFIDENCE,Nội dung rao bán/nhận quyền sở hữu; đề cập thuê là khai thác tài sản hoặc thanh toán. Chỉ xác minh ý định trong text.,assistant_text_review,title_and_full_description,2026-10-04
172,shard_0008.parquet,84528,"Tân Phú xe hơi vào nhà vài bước ra mặt tiền ngang lớn 5.3m, vừa ở cho thuê giữ tiền",RENT_HIGH_CONFIDENCE,AMBIGUOUS,Chỉ mô tả căn nhà và dòng tiền cho thuê; không thấy đề nghị bán hoặc thuê mới đủ rõ trong text.,assistant_text_review,title_and_full_description,2026-10-04
173,shard_0000.parquet,118668,Lô góc 2 thoáng - Đông Ngạc - 6PN - gần Học viện Tài Chính - kết hợp ở và cho thuê - giá 7.5 tỷ TL,RENT_HIGH_CONFIDENCE,SALE_HIGH_CONFIDENCE,Nội dung rao bán/nhận quyền sở hữu; đề cập thuê là khai thác tài sản hoặc thanh toán. Chỉ xác minh ý định trong text.,assistant_text_review,title_and_full_description,2026-10-04
174,shard_0008.parquet,201872,NHÀ MỚI PHÚ NHUẬN- PHÙ HỢP GIA ĐÌNH ĐÔNG THÀNH VIÊN HOẶC CHO THUÊ CỰC TÔT,RENT_HIGH_CONFIDENCE,SALE_HIGH_CONFIDENCE,Nội dung rao bán/nhận quyền sở hữu; đề cập thuê là khai thác tài sản hoặc thanh toán. Chỉ xác minh ý định trong text.,assistant_text_review,title_and_full_description,2026-10-04
175,shard_0002.parquet,177108,95m2 - mặt tiền 5.5m - 29.5tỷ - 11 căn hộ cao cấp full nội thất - 7T thang máy - ở kết hợp cho thuê,RENT_HIGH_CONFIDENCE,SALE_HIGH_CONFIDENCE,Nội dung rao bán/nhận quyền sở hữu; đề cập thuê là khai thác tài sản hoặc thanh toán. Chỉ xác minh ý định trong text.,assistant_text_review,title_and_full_description,2026-10-04
176,shard_0006.parquet,287383,"Tòa chung cư mini từ liêm 8 tầng thang máy 11P khép kín - Vinsmart City - Giá 11,8 tỷ - 50tr/tháng",RENT_HIGH_CONFIDENCE,SALE_HIGH_CONFIDENCE,Nội dung rao bán/nhận quyền sở hữu; đề cập thuê là khai thác tài sản hoặc thanh toán. Chỉ xác minh ý định trong text.,assistant_text_review,title_and_full_description,2026-10-04
177,shard_0005.parquet,141154,"Căn hộ giá tốt trả trước 20% nhận nhà, góp 9tr/tháng, 0% lãi suất",RENT_HIGH_CONFIDENCE,SALE_HIGH_CONFIDENCE,Trả góp 9 triệu/tháng để mua căn hộ; không phải thuê.,assistant_text_review,title_and_full_description,2026-10-04
178,shard_0007.parquet,235826,"Bán căn 2PN 83m2 Sora Gardens kế Aeon TP mới tầng cao, cho thuê 14 triệu/tháng",RENT_HIGH_CONFIDENCE,SALE_HIGH_CONFIDENCE,Nội dung rao bán/nhận quyền sở hữu; đề cập thuê là khai thác tài sản hoặc thanh toán. Chỉ xác minh ý định trong text.,assistant_text_review,title_and_full_description,2026-10-04
179,shard_0003.parquet,54815,"Bán căn nhà MTKD Trần Não, Q2. Nhà 4 tầng - 5x20 - HĐT 48tr/tháng. Giá chỉ 29,9 tỷ còn thương lượng",RENT_HIGH_CONFIDENCE,SALE_HIGH_CONFIDENCE,Nội dung rao bán/nhận quyền sở hữu; đề cập thuê là khai thác tài sản hoặc thanh toán. Chỉ xác minh ý định trong text.,assistant_text_review,title_and_full_description,2026-10-04
180,shard_0004.parquet,332530,"Sở hữu ngay lô đất ngay MT Bùi Công Trừng, DT 225m2 KD xây dựng trọ cho thuê 12tr/th",RENT_HIGH_CONFIDENCE,SALE_HIGH_CONFIDENCE,Nội dung rao bán/nhận quyền sở hữu; đề cập thuê là khai thác tài sản hoặc thanh toán. Chỉ xác minh ý định trong text.,assistant_text_review,title_and_full_description,2026-10-04
181,shard_0002.parquet,307744,Nhà trương định 55m 5 tầng 8pn vừa ở vừa cho thuê gần ô tô giá 8.5 tỷ,RENT_HIGH_CONFIDENCE,SALE_HIGH_CONFIDENCE,Nội dung rao bán/nhận quyền sở hữu; đề cập thuê là khai thác tài sản hoặc thanh toán. Chỉ xác minh ý định trong text.,assistant_text_review,title_and_full_description,2026-10-04
182,shard_0001.parquet,348873,"Nhà đẹp ngang 4.8m Đ. Mai Xuân Thưởng - Q6 75,8m2. Cắt đường Lê Quang Sung. Cho thuê 25tr",RENT_HIGH_CONFIDENCE,AMBIGUOUS,"Tin ghi cho thuê 25 triệu nhưng cũng hỗ trợ vay mua; ý định chính chưa chắc chắn, giá cấu trúc thiếu.",assistant_text_review,title_and_full_description,2026-10-04
183,shard_0008.parquet,150254,"Lô Góc Mặt Tiền P.10 Tân Bình Ngang 5,6m Chuẩn Xây Căn Hộ Dịch Vụ / Ở + Cho Thuê",RENT_HIGH_CONFIDENCE,SALE_HIGH_CONFIDENCE,Nội dung rao bán/nhận quyền sở hữu; đề cập thuê là khai thác tài sản hoặc thanh toán. Chỉ xác minh ý định trong text.,assistant_text_review,title_and_full_description,2026-10-04
184,shard_0000.parquet,182549,"Bán siêu lô góc 3 mặt đường lớn, có thể làm 6 kiot cho thuê, có nhà tầng xây sẵn",RENT_HIGH_CONFIDENCE,SALE_HIGH_CONFIDENCE,Nội dung rao bán/nhận quyền sở hữu; đề cập thuê là khai thác tài sản hoặc thanh toán. Chỉ xác minh ý định trong text.,assistant_text_review,title_and_full_description,2026-10-04
185,shard_0004.parquet,117682,"Chánh Phú Hòa mặt tiền nhựa to DT 535m2 có 100m TC xây xưởng cho thuê, hoặc xây trọ giá chỉ 2,xx tỷ",RENT_HIGH_CONFIDENCE,SALE_HIGH_CONFIDENCE,Nội dung rao bán/nhận quyền sở hữu; đề cập thuê là khai thác tài sản hoặc thanh toán. Chỉ xác minh ý định trong text.,assistant_text_review,title_and_full_description,2026-10-04
186,shard_0006.parquet,208345,3 suất ngoại giao giá tốt nhất biệt thự khoáng nóng Tokyu Retreat cam kết thuê lại 40 - 70tr/ tháng,RENT_HIGH_CONFIDENCE,SALE_HIGH_CONFIDENCE,Nội dung rao bán/nhận quyền sở hữu; đề cập thuê là khai thác tài sản hoặc thanh toán. Chỉ xác minh ý định trong text.,assistant_text_review,title_and_full_description,2026-10-04
187,shard_0004.parquet,272759,"Bán căn shophouse 4 tầng 1200m2, đang có HĐ thuê 1 tỷ/tháng, 450 tỷ",RENT_HIGH_CONFIDENCE,SALE_HIGH_CONFIDENCE,Bán shophouse 450 tỷ; HĐ thuê 1 tỷ/tháng là hợp đồng hiện có.,assistant_text_review,title_and_full_description,2026-10-04
188,shard_0009.parquet,117922,"SỐC CCMN 14,5 tỷ, 56m 5T, có 9p cho thuê ~60tr/ tháng chỉ 14 tỷ hơn tý , rẻ nhất CG",RENT_HIGH_CONFIDENCE,SALE_HIGH_CONFIDENCE,Nội dung rao bán/nhận quyền sở hữu; đề cập thuê là khai thác tài sản hoặc thanh toán. Chỉ xác minh ý định trong text.,assistant_text_review,title_and_full_description,2026-10-04
189,shard_0002.parquet,318982,"VỊ TRÍ VÀNG - Mặt tiền đường Song Hành - An Phú - Q2, DT: 15 x 20m, 4 tầng, Cho thuê 300tr/tháng",RENT_HIGH_CONFIDENCE,SALE_HIGH_CONFIDENCE,Nội dung rao bán/nhận quyền sở hữu; đề cập thuê là khai thác tài sản hoặc thanh toán. Chỉ xác minh ý định trong text.,assistant_text_review,title_and_full_description,2026-10-04
190,shard_0002.parquet,171277,"Hàng hiếm tiềm năng tại Bến Cát Bình Dương 200m2 sát khu công nghiệp việt hương 2, cho thuê 8tr/ th",RENT_HIGH_CONFIDENCE,SALE_HIGH_CONFIDENCE,Nội dung rao bán/nhận quyền sở hữu; đề cập thuê là khai thác tài sản hoặc thanh toán. Chỉ xác minh ý định trong text.,assistant_text_review,title_and_full_description,2026-10-04
191,shard_0003.parquet,223044,Bán căn 4 tầng x 75m2 mặt chính 254 Văn Cao. Đang sẵn HĐ thuê 28tr/tháng. Giá 11.5 tỷ,RENT_HIGH_CONFIDENCE,SALE_HIGH_CONFIDENCE,Nội dung rao bán/nhận quyền sở hữu; đề cập thuê là khai thác tài sản hoặc thanh toán. Chỉ xác minh ý định trong text.,assistant_text_review,title_and_full_description,2026-10-04
192,shard_0005.parquet,82754,Nhà 4 tầng Hiệp Bình Phước đường rộng 10m - 8.4 tỷ - cho thuê 20tr/ tháng,RENT_HIGH_CONFIDENCE,SALE_HIGH_CONFIDENCE,Nội dung rao bán/nhận quyền sở hữu; đề cập thuê là khai thác tài sản hoặc thanh toán. Chỉ xác minh ý định trong text.,assistant_text_review,title_and_full_description,2026-10-04
193,shard_0009.parquet,322384,"Khu VIP Nam Kỳ Khởi Nghĩa, Quận 3 - DT: 8x15m, vuông vức (HĐT 50 triệu/tháng) Chỉ 33 tỷ TL",RENT_HIGH_CONFIDENCE,SALE_HIGH_CONFIDENCE,Nội dung rao bán/nhận quyền sở hữu; đề cập thuê là khai thác tài sản hoặc thanh toán. Chỉ xác minh ý định trong text.,assistant_text_review,title_and_full_description,2026-10-04
194,shard_0007.parquet,67635,"Căn hộ được chuyên gia ở nhiều tại An Phú, Thuận An. Trả trước 777 triệu. Thanh toán 6 triệu/tháng",RENT_HIGH_CONFIDENCE,SALE_HIGH_CONFIDENCE,Trả trước 777 triệu và thanh toán 6 triệu/tháng theo chính sách bán.,assistant_text_review,title_and_full_description,2026-10-04
195,shard_0004.parquet,5431,"Bán & cho thuê căn hộ sky garden 1 phú mỹ hưng, quận 7. em hạnh [phone_number]",RENT_HIGH_CONFIDENCE,AMBIGUOUS,"Tiêu đề Bán & cho thuê; mô tả có cả giá bán 6,99 tỷ và thuê 37 triệu/tháng. Đề nghị kép.",assistant_text_review,title_and_full_description,2026-10-04
196,shard_0008.parquet,125896,B.A'N NH.AGÓC 2 MẶT TIỀN - 3 TẦNG BTCT - HẺM 8M THÔNG - 5X12 - 8PN CHO THUÊ- Ông Ích Khiêm 5,RENT_HIGH_CONFIDENCE,SALE_HIGH_CONFIDENCE,"Title che dấu chữ bán B.A’N; mô tả giá 9,2 tỷ và nhà 8 phòng đang cho thuê.",assistant_text_review,title_and_full_description,2026-10-04
197,shard_0009.parquet,55808,Tt 10% nhận nhà cho thuê. chiết khấu 11%. miễn lãi 12 tháng. giỏ hàng 30 căn trực tiếp cđt lê phong,RENT_HIGH_CONFIDENCE,SALE_HIGH_CONFIDENCE,"Chủ đầu tư mở bán, cam kết/khả năng cho thuê; target 0 không được coi là giá bán thật.",assistant_text_review,title_and_full_description,2026-10-04
198,shard_0000.parquet,46051,Bán MT 456 Lê Văn Sỹ Q.TB - 8x25m - 3 Tầng - HĐT 200tr/tháng !!,RENT_HIGH_CONFIDENCE,SALE_HIGH_CONFIDENCE,Nội dung rao bán/nhận quyền sở hữu; đề cập thuê là khai thác tài sản hoặc thanh toán. Chỉ xác minh ý định trong text.,assistant_text_review,title_and_full_description,2026-10-04
199,shard_0004.parquet,148166,"Chdv kết hợp ở 20m ra phố, 2 thoáng, trung kính, trần duy hưng, cầu giấy, vị trí đắc địa cho thuê",RENT_HIGH_CONFIDENCE,SALE_HIGH_CONFIDENCE,Nội dung rao bán/nhận quyền sở hữu; đề cập thuê là khai thác tài sản hoặc thanh toán. Chỉ xác minh ý định trong text.,assistant_text_review,title_and_full_description,2026-10-04
200,shard_0006.parquet,156186,"Bán CC mini, 114m2, 35,9 tỷ, ở Thụy Phương, Bắc Từ Liêm, dòng tiền 150tr/tháng",AMBIGUOUS,SALE_HIGH_CONFIDENCE,"Bán CC mini, 150 triệu/tháng là dòng tiền; rule bỏ sót do cách viết tắt.",assistant_text_review,title_and_full_description,2026-10-04
201,shard_0009.parquet,17690,"722m2 (15,5x45) đất đẹp có 500m2 thổ cư , liền kề Emeraid68 & Symlife, cách QL13 200m ~20tr/m2",AMBIGUOUS,SALE_HIGH_CONFIDENCE,"Nội dung chào bán/nhận quyền sở hữu. Chỉ xác minh ý định trong text, chưa xác minh giao dịch hoặc giá thật.",assistant_text_review,title_and_full_description,2026-10-04
202,shard_0008.parquet,241257,"Bán BT siêu hot tại Eurowindow Twin Parks, 35 tỷ, diện tích: 193m2/MT: 10,5m/ 4 tầng, Gia Lâm, HN",AMBIGUOUS,SALE_HIGH_CONFIDENCE,"Nội dung chào bán/nhận quyền sở hữu. Chỉ xác minh ý định trong text, chưa xác minh giao dịch hoặc giá thật.",assistant_text_review,title_and_full_description,2026-10-04
203,shard_0000.parquet,218189,"Chủ bán 137m2/1t450 có 60m2 thổ cư đất ngay đường lê hồng phong, cách ql13 5p, đường bê tông 5m",AMBIGUOUS,SALE_HIGH_CONFIDENCE,"Nội dung chào bán/nhận quyền sở hữu. Chỉ xác minh ý định trong text, chưa xác minh giao dịch hoặc giá thật.",assistant_text_review,title_and_full_description,2026-10-04
204,shard_0002.parquet,183712,"Láng Hạ - Ba Đình - nhà đẹp 42m - 6 tầng - MT 5m - 15m oto, 35m ra phố Láng Hạ giá có 9.55 tỷ",AMBIGUOUS,SALE_HIGH_CONFIDENCE,"Nội dung chào bán/nhận quyền sở hữu. Chỉ xác minh ý định trong text, chưa xác minh giao dịch hoặc giá thật.",assistant_text_review,title_and_full_description,2026-10-04
205,shard_0002.parquet,45744,"Benhill Thuận An - 2pn 1wc chỉ với 2 tỷ, giá siêu hời tại TP Hồ Chí Minh",AMBIGUOUS,SALE_HIGH_CONFIDENCE,"Nội dung chào bán/nhận quyền sở hữu. Chỉ xác minh ý định trong text, chưa xác minh giao dịch hoặc giá thật.",assistant_text_review,title_and_full_description,2026-10-04
206,shard_0000.parquet,42794,"Nhà phố Phước Đông New City Trảng Bàng chỉ 1,2 tỷ sổ sẵn, nhà sẵn TT 360tr nhận nhà, LH [phone_number]",AMBIGUOUS,SALE_HIGH_CONFIDENCE,"Nội dung chào bán/nhận quyền sở hữu. Chỉ xác minh ý định trong text, chưa xác minh giao dịch hoặc giá thật.",assistant_text_review,title_and_full_description,2026-10-04
207,shard_0005.parquet,139229,Chủ gấp - hẻm 688// Hương Lộ 2 - 4 tầng 52m2(4x12.5) - hẻm 6m thông - chỉ 5.8 tỉ tl,AMBIGUOUS,SALE_HIGH_CONFIDENCE,"Nội dung chào bán/nhận quyền sở hữu. Chỉ xác minh ý định trong text, chưa xác minh giao dịch hoặc giá thật.",assistant_text_review,title_and_full_description,2026-10-04
208,shard_0002.parquet,83386,"Siêu phẩm MT khu Nguyễn Thị Minh Khai, 4 tầng, DT 7.6x21m, giá 55 tỷ",AMBIGUOUS,SALE_HIGH_CONFIDENCE,"Nội dung chào bán/nhận quyền sở hữu. Chỉ xác minh ý định trong text, chưa xác minh giao dịch hoặc giá thật.",assistant_text_review,title_and_full_description,2026-10-04
209,shard_0007.parquet,153676,"Căn hộ cao cấp The Legend City view cầu Rồng, 72.5m2 giá đợt đầu từ CĐT trung tâm Sơn Trà, Đà Nẵng",AMBIGUOUS,SALE_HIGH_CONFIDENCE,"Nội dung chào bán/nhận quyền sở hữu. Chỉ xác minh ý định trong text, chưa xác minh giao dịch hoặc giá thật.",assistant_text_review,title_and_full_description,2026-10-04
210,shard_0009.parquet,324513,"Bán 60m2 Tiên Dương, Đông Anh, HN, 4 tỷ, vừa ở - KD, đường hai ô tô tránh, hàng hiếm",AMBIGUOUS,SALE_HIGH_CONFIDENCE,"Bán diện tích đất 60m², rule bỏ sót vì sau bán là số.",assistant_text_review,title_and_full_description,2026-10-04
211,shard_0000.parquet,99171,Trung tâm quận 6 tầng thang máy - ô tô - 10m ô tô tránh - full nội thất,AMBIGUOUS,SALE_HIGH_CONFIDENCE,"Nội dung chào bán/nhận quyền sở hữu. Chỉ xác minh ý định trong text, chưa xác minh giao dịch hoặc giá thật.",assistant_text_review,title_and_full_description,2026-10-04
212,shard_0004.parquet,281004,"Cơ hội vàng cho nhà đầu tư thông minh: Homestay Hội An dòng tiền ổn định, sinh lời ngay",AMBIGUOUS,SALE_HIGH_CONFIDENCE,"Nội dung chào bán/nhận quyền sở hữu. Chỉ xác minh ý định trong text, chưa xác minh giao dịch hoặc giá thật.",assistant_text_review,title_and_full_description,2026-10-04
213,shard_0005.parquet,59076,"Đất bám hồ Tân Lạc, Hòa Bình với DT 5500m2 Pháp lý đầy đủ. Giá chỉ 2x tỷ",AMBIGUOUS,SALE_HIGH_CONFIDENCE,"Nội dung chào bán/nhận quyền sở hữu. Chỉ xác minh ý định trong text, chưa xác minh giao dịch hoặc giá thật.",assistant_text_review,title_and_full_description,2026-10-04
214,shard_0006.parquet,154242,"Bán căn 2 ngủ 75m chung cư Ecolife Tố Hữu, tầng trung full nội thất đẹp sẵn sổ, có slot giá 6.85 tỷ",AMBIGUOUS,SALE_HIGH_CONFIDENCE,"Bán căn 2 ngủ, giá 6,85 tỷ; rule bỏ sót do biến thể title.",assistant_text_review,title_and_full_description,2026-10-04
215,shard_0000.parquet,211115,"Chủ cần bán gấp nhà Thành Thái, P12, Q10. DT 75m2. Giá 2ty700tr cho thuê 20tr/th. SHR",AMBIGUOUS,SALE_HIGH_CONFIDENCE,"Chủ cần bán gấp, có giá tổng 2,7 tỷ; thu nhập thuê không đổi ý định.",assistant_text_review,title_and_full_description,2026-10-04
216,shard_0005.parquet,289443,"Bán BT siêu chất tại Phúc Xuân, Thái Nguyên, 30 tỷ, 250m2",AMBIGUOUS,SALE_HIGH_CONFIDENCE,"Nội dung chào bán/nhận quyền sở hữu. Chỉ xác minh ý định trong text, chưa xác minh giao dịch hoặc giá thật.",assistant_text_review,title_and_full_description,2026-10-04
217,shard_0002.parquet,90201,1 sẹc ngắn Lê Đức Thọ - nhà chính chủ 4.8 x 17 - 4 tấm - giảm 900tr chỉ còn 9 tỷ,AMBIGUOUS,SALE_HIGH_CONFIDENCE,"Nội dung chào bán/nhận quyền sở hữu. Chỉ xác minh ý định trong text, chưa xác minh giao dịch hoặc giá thật.",assistant_text_review,title_and_full_description,2026-10-04
218,shard_0005.parquet,291621,"Hàng F0 mới ra lò 58m2 đất Yên Nghĩa, cạnh đường Vành Đai 4, gần bến xe giá đầu tư hợp lí nhất khu",AMBIGUOUS,SALE_HIGH_CONFIDENCE,"Nội dung chào bán/nhận quyền sở hữu. Chỉ xác minh ý định trong text, chưa xác minh giao dịch hoặc giá thật.",assistant_text_review,title_and_full_description,2026-10-04
219,shard_0006.parquet,91640,Giảm 500tr nhà đẹp mới tinh 5 lầu đường Số Bình Phú Q6,AMBIGUOUS,SALE_HIGH_CONFIDENCE,"500 triệu là mức giảm giá; giá bán mô tả 7,9 tỷ.",assistant_text_review,title_and_full_description,2026-10-04
220,shard_0006.parquet,287732,"Bán BT liền kề Rue De Charm 128m2 x 5 tầng thang máy, lô góc, full nội thất",AMBIGUOUS,SALE_HIGH_CONFIDENCE,"Nội dung chào bán/nhận quyền sở hữu. Chỉ xác minh ý định trong text, chưa xác minh giao dịch hoặc giá thật.",assistant_text_review,title_and_full_description,2026-10-04
221,shard_0009.parquet,166735,"520 triệu đất Phước Hòa Phước Thạnh, 5x46 full thổ cư ô tô 6m.",AMBIGUOUS,SALE_HIGH_CONFIDENCE,"Nội dung chào bán/nhận quyền sở hữu. Chỉ xác minh ý định trong text, chưa xác minh giao dịch hoặc giá thật.",assistant_text_review,title_and_full_description,2026-10-04
222,shard_0001.parquet,327143,"Mặt Tiền đường Thành Công Tân Sơn Nhì (4x18m) 3 Lầu chỉ 12,9 tỷ TL",AMBIGUOUS,SALE_HIGH_CONFIDENCE,"Nội dung chào bán/nhận quyền sở hữu. Chỉ xác minh ý định trong text, chưa xác minh giao dịch hoặc giá thật.",assistant_text_review,title_and_full_description,2026-10-04
223,shard_0005.parquet,31737,"Trung tâm Quang Trung, chỉ 500tr được AHLS 0% sở hữu ngay căn 2PN 76,8m2; CK6% + tặng 2 chỉ vàng",AMBIGUOUS,SALE_HIGH_CONFIDENCE,"Nội dung chào bán/nhận quyền sở hữu. Chỉ xác minh ý định trong text, chưa xác minh giao dịch hoặc giá thật.",assistant_text_review,title_and_full_description,2026-10-04
224,shard_0002.parquet,261280,"Nhà ngay MT La Sơn Phu Tử, góc hẻm - gần chợ 30/4 Rạch Giá, 4.4x19m full thổ, mới 100%, 2 PN, SHR",AMBIGUOUS,SALE_HIGH_CONFIDENCE,"Nội dung chào bán/nhận quyền sở hữu. Chỉ xác minh ý định trong text, chưa xác minh giao dịch hoặc giá thật.",assistant_text_review,title_and_full_description,2026-10-04
225,shard_0005.parquet,215519,"Bán 3100m2 có 250m2 đất ở, lô 2 đường Nguyễn Đình Chiểu, giá chỉ 11 tỷ. Lh",AMBIGUOUS,SALE_HIGH_CONFIDENCE,Chào bán nhiều lô đất; ý định bán rõ nhưng một dòng chưa chắc đại diện một tài sản.,assistant_text_review,title_and_full_description,2026-10-04
226,shard_0006.parquet,297827,Hẻm xe hơi tới cửa - Thích Quảng Đức - Phú Nhuận - 64.6m - 4 Tầng BTCT - 9.6 Tỷ TL,AMBIGUOUS,SALE_HIGH_CONFIDENCE,"Nội dung chào bán/nhận quyền sở hữu. Chỉ xác minh ý định trong text, chưa xác minh giao dịch hoặc giá thật.",assistant_text_review,title_and_full_description,2026-10-04
227,shard_0008.parquet,216911,785 nhà góc mặt tiền 2 phút đi bộ ra biển ngang 11m cực hiếm cơ hội sở hữu căn nhà góc,AMBIGUOUS,SALE_HIGH_CONFIDENCE,"Nội dung chào bán/nhận quyền sở hữu. Chỉ xác minh ý định trong text, chưa xác minh giao dịch hoặc giá thật.",assistant_text_review,title_and_full_description,2026-10-04
228,shard_0005.parquet,145026,"Đất Tà Nung Đà Lạt 200m² view rừng thông, sổ hồng riêng, 2 tỷ",AMBIGUOUS,SALE_HIGH_CONFIDENCE,"Nội dung chào bán/nhận quyền sở hữu. Chỉ xác minh ý định trong text, chưa xác minh giao dịch hoặc giá thật.",assistant_text_review,title_and_full_description,2026-10-04
229,shard_0003.parquet,177258,"Siêu phẩm mặt tiền Lê Văn Việt, Tp. Thủ Đức - đối diện C7, C8 - 76m2 (5x15) gần nút giao Man Thiện",AMBIGUOUS,SALE_HIGH_CONFIDENCE,"Nội dung chào bán/nhận quyền sở hữu. Chỉ xác minh ý định trong text, chưa xác minh giao dịch hoặc giá thật.",assistant_text_review,title_and_full_description,2026-10-04
230,shard_0002.parquet,289076,"HXH QUAY ĐẦU - SÁT MẶT TIỀN QUANG TRUNG - THÍCH HỢP Ở, KINH DOANH,... - CHỦ THIỆN CHÍ THƯƠNG LƯỢNG",AMBIGUOUS,AMBIGUOUS,"Mô tả tính năng và vay ngân hàng, chưa xác định ý định giao dịch chỉ từ text.",assistant_text_review,title_and_full_description,2026-10-04
231,shard_0002.parquet,233090,Căn hộ chung cư chỉ với 400tr nhận nhà cuối năm 2025,AMBIGUOUS,SALE_HIGH_CONFIDENCE,"400 triệu nhận nhà là thanh toán trước, có giá/m² và chính sách mua.",assistant_text_review,title_and_full_description,2026-10-04
232,shard_0005.parquet,5393,"Tòa Nhà Văn Phòng MT đường C18 Vip nhất K300, Tân Bình - 6.5 X 22 - Hầm + 5 Tầng - HĐT: 150 Tr/th",AMBIGUOUS,SALE_HIGH_CONFIDENCE,"Nội dung chào bán/nhận quyền sở hữu. Chỉ xác minh ý định trong text, chưa xác minh giao dịch hoặc giá thật.",assistant_text_review,title_and_full_description,2026-10-04
233,shard_0007.parquet,337003,Nhà mới ở ngay Quốc lộ 13 Hiệp Bình Phước 4x15m Chỉ 5.1 tỷ,AMBIGUOUS,SALE_HIGH_CONFIDENCE,"Nội dung chào bán/nhận quyền sở hữu. Chỉ xác minh ý định trong text, chưa xác minh giao dịch hoặc giá thật.",assistant_text_review,title_and_full_description,2026-10-04
234,shard_0001.parquet,54820,Căn hộ Duplex mặt tiền Nguyễn Trãi Quận 1 gần bộ Công An. Nhà thô sẵn tiện decor theo ý thích,AMBIGUOUS,SALE_HIGH_CONFIDENCE,"Nội dung chào bán/nhận quyền sở hữu. Chỉ xác minh ý định trong text, chưa xác minh giao dịch hoặc giá thật.",assistant_text_review,title_and_full_description,2026-10-04
235,shard_0002.parquet,237648,Nhà 5 tầng kinh doanh đỉnh tại Hàng Kênh - Đầu tư sinh lời ngay!,AMBIGUOUS,SALE_HIGH_CONFIDENCE,"Nội dung chào bán/nhận quyền sở hữu. Chỉ xác minh ý định trong text, chưa xác minh giao dịch hoặc giá thật.",assistant_text_review,title_and_full_description,2026-10-04
236,shard_0008.parquet,279072,Nhà đẹp 3 tầng - ngang 8m - 102m2 - KQH - LG - nhỉnh 7 tỷ - Quận 8,AMBIGUOUS,SALE_HIGH_CONFIDENCE,"Nội dung chào bán/nhận quyền sở hữu. Chỉ xác minh ý định trong text, chưa xác minh giao dịch hoặc giá thật.",assistant_text_review,title_and_full_description,2026-10-04
237,shard_0003.parquet,268112,Bán căn 1PN sân vườn Vip dự án Sun Spana Tower Hòa Xuân- Biệt thự trên không nâng tầm chủ sở hữu,AMBIGUOUS,SALE_HIGH_CONFIDENCE,"Nội dung chào bán/nhận quyền sở hữu. Chỉ xác minh ý định trong text, chưa xác minh giao dịch hoặc giá thật.",assistant_text_review,title_and_full_description,2026-10-04
238,shard_0009.parquet,31228,"Siêu phẩm phố phúc lợi ,mặt tiền lớn, trước nhà rộng thoáng",AMBIGUOUS,SALE_HIGH_CONFIDENCE,"Nội dung chào bán/nhận quyền sở hữu. Chỉ xác minh ý định trong text, chưa xác minh giao dịch hoặc giá thật.",assistant_text_review,title_and_full_description,2026-10-04
239,shard_0003.parquet,134157,"Thạch Bích Thanh Oai, 5 tầng 46m2 ô tô cất trong nhà, 2 thoáng, hơn 6 tỷ",AMBIGUOUS,SALE_HIGH_CONFIDENCE,"Nội dung chào bán/nhận quyền sở hữu. Chỉ xác minh ý định trong text, chưa xác minh giao dịch hoặc giá thật.",assistant_text_review,title_and_full_description,2026-10-04
240,shard_0009.parquet,320291,Bán căn 125m2 sổ đỏ giá 94tr/m2. Tòa HH1. Tầng thấp.,AMBIGUOUS,SALE_HIGH_CONFIDENCE,"Nội dung chào bán/nhận quyền sở hữu. Chỉ xác minh ý định trong text, chưa xác minh giao dịch hoặc giá thật.",assistant_text_review,title_and_full_description,2026-10-04
241,shard_0003.parquet,9219,"Chính chủ cut lỗ sâu 3604m2 ngay tại KĐT Thung Lũng Xanh, An Phước, Long Thành, sát QL51",AMBIGUOUS,SALE_HIGH_CONFIDENCE,"Nội dung chào bán/nhận quyền sở hữu. Chỉ xác minh ý định trong text, chưa xác minh giao dịch hoặc giá thật.",assistant_text_review,title_and_full_description,2026-10-04
242,shard_0006.parquet,97357,Liền kề bắc linh đàm 85m- 6 tầng thang máy kinh doanh văn phòng đẹp giảm 2 tỷ,AMBIGUOUS,SALE_HIGH_CONFIDENCE,"Nội dung chào bán/nhận quyền sở hữu. Chỉ xác minh ý định trong text, chưa xác minh giao dịch hoặc giá thật.",assistant_text_review,title_and_full_description,2026-10-04
243,shard_0003.parquet,180866,Xin chào quý anh chị em ạ em xin giới thiệu tới quý anh chị em căn nhà Trịnh Đình thảo Hòa Thạnh ạ,AMBIGUOUS,SALE_HIGH_CONFIDENCE,"Nội dung chào bán/nhận quyền sở hữu. Chỉ xác minh ý định trong text, chưa xác minh giao dịch hoặc giá thật.",assistant_text_review,title_and_full_description,2026-10-04
244,shard_0009.parquet,54945,5.5 tỷ HXH 5m thông Tô Hiệu 53m2 4x13.5m phù hợp mua đầu tư hoặc xây ở,AMBIGUOUS,SALE_HIGH_CONFIDENCE,"Nội dung chào bán/nhận quyền sở hữu. Chỉ xác minh ý định trong text, chưa xác minh giao dịch hoặc giá thật.",assistant_text_review,title_and_full_description,2026-10-04
245,shard_0003.parquet,195818,"Nhà 1 lầu đúc thật Lê Văn Khương, bến xe Thới An chỉ 989 triệu",AMBIGUOUS,SALE_HIGH_CONFIDENCE,"Nội dung chào bán/nhận quyền sở hữu. Chỉ xác minh ý định trong text, chưa xác minh giao dịch hoặc giá thật.",assistant_text_review,title_and_full_description,2026-10-04
246,shard_0005.parquet,198632,Bán 322m2 đất thổ cư VIP Xã Hồng Hà - Đan Phượng - Chỉ 10 tỷ có thương lượng.,AMBIGUOUS,SALE_HIGH_CONFIDENCE,"Nội dung chào bán/nhận quyền sở hữu. Chỉ xác minh ý định trong text, chưa xác minh giao dịch hoặc giá thật.",assistant_text_review,title_and_full_description,2026-10-04
247,shard_0003.parquet,190871,"Bán 20 phòng trọ gần cao đẳng FPT, xây mới, đủ PCCC, DT 90tr/th, ngõ thông, 60m2 * 7T * MT 7m",AMBIGUOUS,SALE_HIGH_CONFIDENCE,"Nội dung chào bán/nhận quyền sở hữu. Chỉ xác minh ý định trong text, chưa xác minh giao dịch hoặc giá thật.",assistant_text_review,title_and_full_description,2026-10-04
248,shard_0005.parquet,64814,"Bán căn 2 tầng tại KĐT Oasis, 85m2 full thổ cư, cạnh sân Pickle ball và hồ bơi, Giá 1.72 tỷ",AMBIGUOUS,SALE_HIGH_CONFIDENCE,"Nội dung chào bán/nhận quyền sở hữu. Chỉ xác minh ý định trong text, chưa xác minh giao dịch hoặc giá thật.",assistant_text_review,title_and_full_description,2026-10-04
249,shard_0005.parquet,155540,"Nhà đường 12m 4 tầng 5PN ngay Tân Kỳ Tân Qúy Bình Tân giá 8,35 tỷ thường lượng",AMBIGUOUS,SALE_HIGH_CONFIDENCE,"Nội dung chào bán/nhận quyền sở hữu. Chỉ xác minh ý định trong text, chưa xác minh giao dịch hoặc giá thật.",assistant_text_review,title_and_full_description,2026-10-04
250,shard_0009.parquet,329183,Chào bán 1 em Chân Dài - Liền Kề Cienco5 - Hoài Đức - Hà Nội,AMBIGUOUS,SALE_HIGH_CONFIDENCE,"Nội dung chào bán/nhận quyền sở hữu. Chỉ xác minh ý định trong text, chưa xác minh giao dịch hoặc giá thật.",assistant_text_review,title_and_full_description,2026-10-04
251,shard_0006.parquet,107842,"Siêu kinh doanh, vỉa hè rộng, nhà mới 4 tầng, đẹp nhất TT, vừa ở vừa kinh doanh phát đạt",AMBIGUOUS,SALE_HIGH_CONFIDENCE,"Nội dung chào bán/nhận quyền sở hữu. Chỉ xác minh ý định trong text, chưa xác minh giao dịch hoặc giá thật.",assistant_text_review,title_and_full_description,2026-10-04
252,shard_0000.parquet,157890,"Nhà đẹp trương định - ngõ rộng - 26m2x5t mới - full nội thất - chỉ 15m ra phố - ở ngay - 5,95 tỷ!!!",AMBIGUOUS,SALE_HIGH_CONFIDENCE,"Nội dung chào bán/nhận quyền sở hữu. Chỉ xác minh ý định trong text, chưa xác minh giao dịch hoặc giá thật.",assistant_text_review,title_and_full_description,2026-10-04
253,shard_0007.parquet,20662,"Chung cư đường 23, Hiệp Bình Chánh. 2PN giá 1,99 tỉ sổ hồng riêng",AMBIGUOUS,SALE_HIGH_CONFIDENCE,"Nội dung chào bán/nhận quyền sở hữu. Chỉ xác minh ý định trong text, chưa xác minh giao dịch hoặc giá thật.",assistant_text_review,title_and_full_description,2026-10-04
254,shard_0003.parquet,66848,Đất Hai Bà Trưng 150m2 26 tỷ lô góc xây căn hộ dòng tiền cho thuê,AMBIGUOUS,SALE_HIGH_CONFIDENCE,"Nội dung chào bán/nhận quyền sở hữu. Chỉ xác minh ý định trong text, chưa xác minh giao dịch hoặc giá thật.",assistant_text_review,title_and_full_description,2026-10-04
255,shard_0006.parquet,224347,"Chỉ với 5 tỷ sở hữu căn villa 225m2 hàng giá gốc CĐT, giá rẻ nhất bảng hàng, cách Hồ Gươm 15km",AMBIGUOUS,SALE_HIGH_CONFIDENCE,"5 tỷ title là 30% vốn; giá bán mô tả 16,5 tỷ.",assistant_text_review,title_and_full_description,2026-10-04
256,shard_0000.parquet,260220,Nhà mới 03 phòng ngủ - rất đẹp - số 100/11 hẻm 138 Trần Hưng Đạo gần đại học CT - chợ An Nghiệp,AMBIGUOUS,SALE_HIGH_CONFIDENCE,"Nội dung chào bán/nhận quyền sở hữu. Chỉ xác minh ý định trong text, chưa xác minh giao dịch hoặc giá thật.",assistant_text_review,title_and_full_description,2026-10-04
257,shard_0003.parquet,348474,"Hot Hot .Căn 1,5 ngủ giá tốt nhất. Dành riêng cho khách đầu tư. Vị trí vàng trung tâm Hải Phòng",AMBIGUOUS,SALE_HIGH_CONFIDENCE,"Nội dung chào bán/nhận quyền sở hữu. Chỉ xác minh ý định trong text, chưa xác minh giao dịch hoặc giá thật.",assistant_text_review,title_and_full_description,2026-10-04
258,shard_0001.parquet,206777,Phân lô Tân Mai - Oto tránh - Kinh doanh - Lô góc 5 tầng 2 mặt thoáng chỉ hơn 10 tỷ,AMBIGUOUS,SALE_HIGH_CONFIDENCE,"Nội dung chào bán/nhận quyền sở hữu. Chỉ xác minh ý định trong text, chưa xác minh giao dịch hoặc giá thật.",assistant_text_review,title_and_full_description,2026-10-04
259,shard_0000.parquet,4267,"Siêu phẩm Thái Hà, 2 thoáng, ngõ thông, cách ô tô 30m, 47m2* 5T",AMBIGUOUS,SALE_HIGH_CONFIDENCE,"Nội dung chào bán/nhận quyền sở hữu. Chỉ xác minh ý định trong text, chưa xác minh giao dịch hoặc giá thật.",assistant_text_review,title_and_full_description,2026-10-04
260,shard_0000.parquet,286000,"HẢI THÀNH 2, DƯƠNG KINH ĐƯỜNG NHỰA 8m CHỈ 2,2x tỷ - Diện tích: 76,5m2 ngang 4,5m - Sổ đỏ chín",AMBIGUOUS,SALE_HIGH_CONFIDENCE,"Nội dung chào bán/nhận quyền sở hữu. Chỉ xác minh ý định trong text, chưa xác minh giao dịch hoặc giá thật.",assistant_text_review,title_and_full_description,2026-10-04
261,shard_0008.parquet,205049,"Nhà mặt tiền Bùi Quang Là, Gò Vấp, giá siêu hời 6,95 tỷ, 66m2",AMBIGUOUS,SALE_HIGH_CONFIDENCE,"Nội dung chào bán/nhận quyền sở hữu. Chỉ xác minh ý định trong text, chưa xác minh giao dịch hoặc giá thật.",assistant_text_review,title_and_full_description,2026-10-04
262,shard_0007.parquet,157652,"Căn hộ onsen 1, charmora city, tầng 18, tầm nhìn thoáng, không khí trong lành.",AMBIGUOUS,AMBIGUOUS,"Giới thiệu căn hộ nghỉ dưỡng và tư vấn, chưa có đề nghị giao dịch đủ rõ trong text.",assistant_text_review,title_and_full_description,2026-10-04
263,shard_0004.parquet,310069,"Tại Đông khê - Đan phượng - ha nội DT: 51,4m : mt : 4,8m hậu 4,8m",AMBIGUOUS,SALE_HIGH_CONFIDENCE,"Nội dung chào bán/nhận quyền sở hữu. Chỉ xác minh ý định trong text, chưa xác minh giao dịch hoặc giá thật.",assistant_text_review,title_and_full_description,2026-10-04
264,shard_0002.parquet,310621,"Mặt tiền-kd. trần thủ độ, q.tân phú. 4,1x18m. 5tầng. 11,8 tỷ",AMBIGUOUS,SALE_HIGH_CONFIDENCE,"Nội dung chào bán/nhận quyền sở hữu. Chỉ xác minh ý định trong text, chưa xác minh giao dịch hoặc giá thật.",assistant_text_review,title_and_full_description,2026-10-04
265,shard_0009.parquet,103827,"Bán căn 2PN 2WC ban công, View kênh đào | Đã có sổ hồng",AMBIGUOUS,SALE_HIGH_CONFIDENCE,"Nội dung chào bán/nhận quyền sở hữu. Chỉ xác minh ý định trong text, chưa xác minh giao dịch hoặc giá thật.",assistant_text_review,title_and_full_description,2026-10-04
266,shard_0007.parquet,147974,CCMN HOA HẬU PHƯƠNG CANH Ô TÔ VÀO NHÀ NGÕ THÔNG DÒNG TIỀN 85TR/THÁNG 65m x 8T,AMBIGUOUS,AMBIGUOUS,"Giới thiệu CCMN và dòng tiền, chưa có đề nghị bán hoặc cho thuê mới đủ rõ trong text.",assistant_text_review,title_and_full_description,2026-10-04
267,shard_0001.parquet,7498,"Villa phong cách Châu Âu, Phố Hoàng Diệu Quận PN. DT: 8x25m(200m2) - KC: 4 tầng. Giá 33.5 tỷ TL",AMBIGUOUS,AMBIGUOUS,"Mô tả đang rao thuê 100 triệu/tháng và giá rao 48 tỷ; title 33,5 tỷ. Chưa xác định một đề nghị chính.",assistant_text_review,title_and_full_description,2026-10-04
268,shard_0004.parquet,151710,"Chỉ 5,x tỷ nhận ngay căn góc 70m 3ng full nội thất tại chung cư Hateco Xuân Phương sổ đỏ lâu dài",AMBIGUOUS,SALE_HIGH_CONFIDENCE,"Nội dung chào bán/nhận quyền sở hữu. Chỉ xác minh ý định trong text, chưa xác minh giao dịch hoặc giá thật.",assistant_text_review,title_and_full_description,2026-10-04
269,shard_0000.parquet,11191,"La Ngà gọi mời mảnh vườn nghỉ dưỡng thơ mộng, gần quốc lộ 20, 1200m2, mặt tiền đường",AMBIGUOUS,SALE_HIGH_CONFIDENCE,"Chào bán theo sào; không tự đổi sào ra m² hoặc xác nhận target 8,5 tỷ.",assistant_text_review,title_and_full_description,2026-10-04
270,shard_0001.parquet,267835,"Lô góc 2 mặt tiền nhà mới full NT, ngõ rộng thông tứ tung, Dt 18m 5t mt 3m giá 4,2ty có TL",AMBIGUOUS,SALE_HIGH_CONFIDENCE,"Nội dung chào bán/nhận quyền sở hữu. Chỉ xác minh ý định trong text, chưa xác minh giao dịch hoặc giá thật.",assistant_text_review,title_and_full_description,2026-10-04
271,shard_0004.parquet,169193,"CHDV Thanh Lãm, Hà Đông, 6 tầng thang máy, 23 phòng khép kín, Nhỉnh 20 tỷ. LH",AMBIGUOUS,SALE_HIGH_CONFIDENCE,"Nội dung chào bán/nhận quyền sở hữu. Chỉ xác minh ý định trong text, chưa xác minh giao dịch hoặc giá thật.",assistant_text_review,title_and_full_description,2026-10-04
272,shard_0007.parquet,328971,"Giá tốt: Chợ Tân Phú Trung, Tỉnh Lộ 2, đất thổ cư, 8x22=190m2, sổ riêng, giá 1.6 tỷ",AMBIGUOUS,SALE_HIGH_CONFIDENCE,"Nội dung chào bán/nhận quyền sở hữu. Chỉ xác minh ý định trong text, chưa xác minh giao dịch hoặc giá thật.",assistant_text_review,title_and_full_description,2026-10-04
273,shard_0007.parquet,123357,Bán CHDV kênh Tham Lương - 5x16m 5 tầng HXH 6m - 10P dulex có thể cải tạo thêm chỉ nhỉnh 10 tỷ,AMBIGUOUS,SALE_HIGH_CONFIDENCE,"Nội dung chào bán/nhận quyền sở hữu. Chỉ xác minh ý định trong text, chưa xác minh giao dịch hoặc giá thật.",assistant_text_review,title_and_full_description,2026-10-04
274,shard_0006.parquet,186604,"Cực hiếm Nghĩa Đô - nhà phân lô lô góc 2 thoáng, 2 vỉa hè, trước nhà sân chơi cực thoáng!!",AMBIGUOUS,SALE_HIGH_CONFIDENCE,"Nội dung chào bán/nhận quyền sở hữu. Chỉ xác minh ý định trong text, chưa xác minh giao dịch hoặc giá thật.",assistant_text_review,title_and_full_description,2026-10-04
275,shard_0001.parquet,348686,Gói 2 Mỹ Gia lô 100m2 đường 16m hướng ĐN đối diện dãy nhà biệt thự giá tốt nhất chỉ 4.35tỉ bao hết,AMBIGUOUS,SALE_HIGH_CONFIDENCE,"Nội dung chào bán/nhận quyền sở hữu. Chỉ xác minh ý định trong text, chưa xác minh giao dịch hoặc giá thật.",assistant_text_review,title_and_full_description,2026-10-04
276,shard_0003.parquet,346641,"Bán 196m2 (chia 2 được) thôn Dư Xá, Ninh Xá. Huyện Thuận Thành. Bắc Ninh. LH",AMBIGUOUS,SALE_HIGH_CONFIDENCE,"Nội dung chào bán/nhận quyền sở hữu. Chỉ xác minh ý định trong text, chưa xác minh giao dịch hoặc giá thật.",assistant_text_review,title_and_full_description,2026-10-04
277,shard_0003.parquet,263981,Còn vài căn cuối khu compound 40 căn nhà liên kế ngay ga Metro,AMBIGUOUS,SALE_HIGH_CONFIDENCE,"Nội dung chào bán/nhận quyền sở hữu. Chỉ xác minh ý định trong text, chưa xác minh giao dịch hoặc giá thật.",assistant_text_review,title_and_full_description,2026-10-04
278,shard_0009.parquet,66039,"HOT!!! GIÁ RẺ VÔ ĐỊCH: 2 TỶ SỞ HỮU NGAY CĂN HỘ HẠNG SANG 40m2 FULL NỘI THẤT CAO CẤP, HỖ TRỢ VAY 50%",AMBIGUOUS,SALE_HIGH_CONFIDENCE,"Nội dung chào bán/nhận quyền sở hữu. Chỉ xác minh ý định trong text, chưa xác minh giao dịch hoặc giá thật.",assistant_text_review,title_and_full_description,2026-10-04
279,shard_0002.parquet,32660,"Đất vuông vắn kiệt Lê Ngô Cát, Thủy Xuân, Huế, giá tốt",AMBIGUOUS,SALE_HIGH_CONFIDENCE,"Nội dung chào bán/nhận quyền sở hữu. Chỉ xác minh ý định trong text, chưa xác minh giao dịch hoặc giá thật.",assistant_text_review,title_and_full_description,2026-10-04
280,shard_0000.parquet,112216,Bán toà nhà siêu vị trí Bình Thạnh (9x20m) - hầm 7 tầng - HĐT 420 triệu/tháng. Giá 72 tỷ,AMBIGUOUS,SALE_HIGH_CONFIDENCE,"Nội dung chào bán/nhận quyền sở hữu. Chỉ xác minh ý định trong text, chưa xác minh giao dịch hoặc giá thật.",assistant_text_review,title_and_full_description,2026-10-04
281,shard_0006.parquet,274009,"Bán dãy nhà trọ tại Mã Lò, 11 tỷ, 155m2, 10PN, pháp lý đầy đủ, hot",AMBIGUOUS,SALE_HIGH_CONFIDENCE,Chào bán dãy trọ; text diện tích 200m² khác title/cấu trúc 155m².,assistant_text_review,title_and_full_description,2026-10-04
282,shard_0008.parquet,209449,"Căn 72,9m 2PN2WC hướng TN view sông view triển lãm quốc gia xem bắn pháo hoa tầng trung đã có sổ đỏ",AMBIGUOUS,AMBIGUOUS,Mô tả hạ tầng/tiện ích; không có đề nghị bán hay thuê đủ rõ trong text.,assistant_text_review,title_and_full_description,2026-10-04
283,shard_0006.parquet,318577,Mảnh đất vàng cạnh biển - tân phú 1 - 90m - 9.5 tỷ - kinh doanh mọi mô hình,AMBIGUOUS,SALE_HIGH_CONFIDENCE,"Nội dung chào bán/nhận quyền sở hữu. Chỉ xác minh ý định trong text, chưa xác minh giao dịch hoặc giá thật.",assistant_text_review,title_and_full_description,2026-10-04
284,shard_0009.parquet,112539,Siêu phẩm phân lô Nguyễn Chánh - Ngõ to như phố - gara - 100m2 - nhỉnh 30 tỷ,AMBIGUOUS,SALE_HIGH_CONFIDENCE,"Nội dung chào bán/nhận quyền sở hữu. Chỉ xác minh ý định trong text, chưa xác minh giao dịch hoặc giá thật.",assistant_text_review,title_and_full_description,2026-10-04
285,shard_0005.parquet,55748,"Siêu phẩm nhà ngõ 236 âu cơ - độc tôn tây hồ - thang máy xịn, mới tinh - chỉ 14.3 tỷ!",AMBIGUOUS,SALE_HIGH_CONFIDENCE,"Nội dung chào bán/nhận quyền sở hữu. Chỉ xác minh ý định trong text, chưa xác minh giao dịch hoặc giá thật.",assistant_text_review,title_and_full_description,2026-10-04
286,shard_0006.parquet,139994,"Đất mặt đường QL 21, KD sầm uất, giá 3,2 tỷ, 64m2. Cạnh văn phòng BDS, phòng khám",AMBIGUOUS,SALE_HIGH_CONFIDENCE,"Nội dung chào bán/nhận quyền sở hữu. Chỉ xác minh ý định trong text, chưa xác minh giao dịch hoặc giá thật.",assistant_text_review,title_and_full_description,2026-10-04
287,shard_0009.parquet,67372,"Rẻ nhất thị trường, Matrix One 2N M1 2x01 75.5m2 9 tỷ, TTTD, LH",AMBIGUOUS,SALE_HIGH_CONFIDENCE,"Nội dung chào bán/nhận quyền sở hữu. Chỉ xác minh ý định trong text, chưa xác minh giao dịch hoặc giá thật.",assistant_text_review,title_and_full_description,2026-10-04
288,shard_0004.parquet,295883,quá rẻ- nhà ngon- hẻm ô tô- diện tích rộng- hẻm ô tô- full nội thất kèm điện máy- đường Nguyễn Văn,AMBIGUOUS,AMBIGUOUS,"Giới thiệu nhà, pháp lý và hỗ trợ vay; không đủ chắc chắn về đề nghị giao dịch chỉ từ text.",assistant_text_review,title_and_full_description,2026-10-04
289,shard_0003.parquet,147142,"Bán 8000m2 đất 65m mặt tiền võ nguyên giáp, vị trí đẹp P. Phước Tân. Gần nút giao cao tốc, Tân Cảng",AMBIGUOUS,SALE_HIGH_CONFIDENCE,"Nội dung chào bán/nhận quyền sở hữu. Chỉ xác minh ý định trong text, chưa xác minh giao dịch hoặc giá thật.",assistant_text_review,title_and_full_description,2026-10-04
290,shard_0001.parquet,160681,"Khúc Thừa Dụ Cầu Giấy 15,6 tỷ, 50m2, 6PN, 5WC, hàng hót ,Ngõ thông kinh doanh",AMBIGUOUS,SALE_HIGH_CONFIDENCE,"Nội dung chào bán/nhận quyền sở hữu. Chỉ xác minh ý định trong text, chưa xác minh giao dịch hoặc giá thật.",assistant_text_review,title_and_full_description,2026-10-04
291,shard_0006.parquet,239258,Bán 2 nền liền kề ngay chợ Phú Hòa,AMBIGUOUS,SALE_HIGH_CONFIDENCE,"Nội dung chào bán/nhận quyền sở hữu. Chỉ xác minh ý định trong text, chưa xác minh giao dịch hoặc giá thật.",assistant_text_review,title_and_full_description,2026-10-04
292,shard_0000.parquet,125765,Lên sóng siêu phẩm thang máy bề ngang khủng sau căn mặt tiền vào 20m đường quang trung p.8 gò vấp,AMBIGUOUS,SALE_HIGH_CONFIDENCE,"Nội dung chào bán/nhận quyền sở hữu. Chỉ xác minh ý định trong text, chưa xác minh giao dịch hoặc giá thật.",assistant_text_review,title_and_full_description,2026-10-04
293,shard_0003.parquet,111968,"Chính chủ bác Tuấn gửi Bán 342m2+100TC, Ngang 6m, Ngay Chợ An Linh, cách DH 507 vào 150m giá: 620tr",AMBIGUOUS,SALE_HIGH_CONFIDENCE,"Nội dung chào bán/nhận quyền sở hữu. Chỉ xác minh ý định trong text, chưa xác minh giao dịch hoặc giá thật.",assistant_text_review,title_and_full_description,2026-10-04
294,shard_0009.parquet,240433,Duy nhất 1 căn ! liền kề 70 m2 tại vinhomes cần giờ phân khu ánh sáng giá chỉ 10tỷ chưa vat,AMBIGUOUS,SALE_HIGH_CONFIDENCE,"Chào bán nhà; có nhiều giá theo phương án thanh toán và VAT, không một target chắc chắn.",assistant_text_review,title_and_full_description,2026-10-04
295,shard_0004.parquet,94022,"(Hạ sốc 1 tỷ) 18.9 tỷ, Trần Quang Diệu, 55m2, oto vào nhà/đỗ cửa KD VP/Cty, MT 4.2m, 5T, gần phố",AMBIGUOUS,SALE_HIGH_CONFIDENCE,"Nội dung chào bán/nhận quyền sở hữu. Chỉ xác minh ý định trong text, chưa xác minh giao dịch hoặc giá thật.",assistant_text_review,title_and_full_description,2026-10-04
296,shard_0007.parquet,303376,Tổng Hợp đất biển Hàm Tiến Mũi Né giá tốt nhất thị trường đường Nguyễn Đình Chiểu LH,AMBIGUOUS,SALE_HIGH_CONFIDENCE,"Giỏ 10 lô bán trong một tin; giá cấu trúc ứng với lô đầu, không phải 10 tài sản độc lập.",assistant_text_review,title_and_full_description,2026-10-04
297,shard_0000.parquet,285445,Căn hộ Conic Boulevard liền kề đại lộ Võ Văn Kiệt mới bàn giao nhận nhà ở liền,AMBIGUOUS,SALE_HIGH_CONFIDENCE,"Nội dung chào bán/nhận quyền sở hữu. Chỉ xác minh ý định trong text, chưa xác minh giao dịch hoặc giá thật.",assistant_text_review,title_and_full_description,2026-10-04
298,shard_0008.parquet,256904,,AMBIGUOUS,AMBIGUOUS,Title và description đều rỗng; không suy đoán ý định từ price hay property type.,assistant_text_review,title_and_full_description,2026-10-04
299,shard_0004.parquet,305245,"Mảnh đất vàng ba đình, trung tâm nối núi trúc - hoàng hoa thám cực hiếm, tiềm năng tăng giá gấp đôi",AMBIGUOUS,SALE_HIGH_CONFIDENCE,"Nội dung chào bán/nhận quyền sở hữu. Chỉ xác minh ý định trong text, chưa xác minh giao dịch hoặc giá thật.",assistant_text_review,title_and_full_description,2026-10-04
