extreme_metric,extreme_value,_shard,_source_row,name,description_excerpt,price,area,frontage_width,road_width,province_name,property_type_name,published_at,rule_label
price,9999999999.0,shard_0007.parquet,287202,"Cần Bán Gấp căn nhà đường Thành Công, Tân Phú. Hẻm xe hơi, 56m2, Full nội thất, Sổ A4, Hoàn Công đủ","Cách 10m ra mặt tiền đường Thành Công. Vị trí: 1/ Thành Công, Phú Thọ Hòa, Tân Phú. Diện tích: 56m2 4m x 10m Công nhận đủ Kết cấu: 3 tầng đúc, gia chủ tự thiết kế. 3 PN, 3WC, Sân thượng, 1Phòng Khách, 1 Bếp, 1 Phòng Thờ... Tiện ích: Cách 50m ra Gò Dầu, Tân Sơn Nhì, Lũy Bán Bích, Âu Cơ, Vườn Lài..... Tiện di chuyển nhanh về Tân Bình, Q10, Bình Tân.... 500m ra CELADON CITY, AEON MALL TÂN PHÚ..... Sổ hồng riêng, pháp lý chuẩn. Giá: 9.999 Tỷ (TL) Liên hệ: Mr. HIỆN",9999999999,56.0,4.0,4.0,Hồ Chí Minh,Nhà,2026-01-24T17:21:53.739000,SALE_HIGH_CONFIDENCE
price,9999999999.0,shard_0009.parquet,267254,SÁT CV ĐAM SEN Q.11 NHÀ ĐẸP 5 TÂNG BTCT VỚI 5PN HẺM THÔNG THOÁNG 5' ĐẾN ĐH BÁCH KHOA,VÒNG XOAY LÊ ĐẠI HÀNH CƯ XÁ LỮ GIA NHÀ ĐẸP TẦNG BTCT PHÒNG NGỦ HẺM THÔNG XE TẢI VÀO TẬN NHÀ 3/2 Lý Thường Kiệt CV Đầm Sen,9999999999,48.0,4.0,8.0,Hồ Chí Minh,Nhà,2026-03-11T05:22:38.370000,AMBIGUOUS
price,9999999999.0,shard_0009.parquet,274446,"Bán căn hộ Hưng Phúc 3PN nhà đẹp sổ hồng 10 tỷ thương lượng , ô xe hầm LH Ngọc Lan","BÁN CĂN HỘ HƯNG PHÚC 3PN RỘNG 98M SỔ HỒNG CÓ Ô XE HẦM Vị trí: Khu căn hộ Hưng Phúc Phú Mỹ Hưng, Quận 7 Giá bán: 10 tỷ (thương lượng tốt cho khách thiện chí) Thông tin chi tiết: Diện tích: 98m Kết cấu: 3 phòng ngủ 2WC Pháp lý: Sổ hồng riêng, sang tên nhanh chóng Có ô xe hầm riêng cực kỳ tiện lợi Nhà bố trí hợp lý, không gian rộng rãi, thoáng mát Ưu điểm nổi bật: Khu dân cư cao cấp, an ninh 24/7 Môi trường sống yên tĩnh, nhiều mảng xanh Gần trường học quốc tế, trung tâm thương mại, bệnh viện Phù hợp ở gia đình hoặc đầu tư giữ tài sản lâu dài Liên hệ ngay Ngọc Lan để xem nhà thực tế & thương lượng giá tốt!",9999999999,97.0,,,Hồ Chí Minh,Căn hộ chung cư,2026-03-23T10:55:22.419000,SALE_HIGH_CONFIDENCE
price,9999999999.0,shard_0009.parquet,314694,"Bán căn hộ Hưng Phúc 3pn 97m2 sổ hồng 10 tỷ thương lượng , ô xe hầm LH Lan","BÁN CĂN HỘ HƯNG PHÚC 3PN RỘNG 98M SỔ HỒNG CÓ Ô XE HẦM Vị trí: Khu căn hộ Hưng Phúc Phú Mỹ Hưng, Quận 7 Giá bán: 10 tỷ (thương lượng tốt cho khách thiện chí) Thông tin chi tiết: Diện tích: 98m Kết cấu: 3 phòng ngủ 2WC Pháp lý: Sổ hồng riêng, sang tên nhanh chóng Có ô xe hầm riêng cực kỳ tiện lợi Nhà bố trí hợp lý, không gian rộng rãi, thoáng mát Ưu điểm nổi bật: Khu dân cư cao cấp, an ninh 24/7 Môi trường sống yên tĩnh, nhiều mảng xanh Gần trường học quốc tế, trung tâm thương mại, bệnh viện Phù hợp ở gia đình hoặc đầu tư giữ tài sản lâu dài Liên hệ ngay Ngọc Lan để xem nhà thực tế & thương lượng giá tốt!",9999999999,97.0,,,Hồ Chí Minh,Căn hộ chung cư,2026-03-23T10:43:29.697000,SALE_HIGH_CONFIDENCE
price,9999999999.0,shard_0008.parquet,321184,"Bán đất đường Cái Lân, sổ đỏ chính chủ, cách trung tâm thương mại Aeon 700m, diện tích 160m2","Bán đất thổ cư, mặt đường chính trung tâm Bãi Cháy, diện tích 160m2, mặt tiền 5m. Giá 8.386 tỷ.",9999999999,160.0,5.0,30.0,Quảng Ninh,Đất,2026-03-02T21:03:05.701000,SALE_HIGH_CONFIDENCE
area,82000000.0,shard_0007.parquet,260658,CĂN HỘ 82m2 3 ngủ 2 vs ban công Đông Nam khu vực lõi Thanh Xuân,"Chính chủ bán căn hộ Sakura 47 Vũ Trọng Phụng 82m2 3PN 2VS , ban công Đông Nam, tầng cao thoáng mát, nội thất để lại toàn bộ mới nguyên Pháp lý đầy đủ sang tên dễ dàng",6390000000,82000000.0,,,Hà Nội,Căn hộ chung cư,2026-01-05T12:07:11.248000,AMBIGUOUS
area,66879000.0,shard_0005.parquet,253579,Chuyển nhượng cổ phần công ty sở hữu olalanni resort 5 sao chuẩn mỹ tại đà nẵng,"CHUYỂN NHƯỢNG CỔ PHẦN CÔNG TY SỞ HỮU OLALANNI RESORT 5 SAO CHUẨN MỸ TẠI ĐÀ NẴNG Vị trí đắc địa khu biển trung tâm Đà Nẵng mặt biển tuyệt đẹp Tổng diện tích: 6,6 ha, bao gồm: 1,6 ha đất sở hữu lâu dài 5 ha đất thuê 50 năm (được cấp ngày 03/06/2006 còn 37 năm sử dụng, đến 21/08/2056) Quy mô xây dựng hiện tại trên 1,6 ha đất lâu dài bao gồm: 1. Resort/Khách sạn tiêu chuẩn 5 sao chuẩn Mỹ: Tổng cộng 199 phòng 167 phòng tiêu chuẩn (diện tích 55m/phòng) 32 phòng Tổng thống (diện tích 110m/phòng) 2. Khu căn hộ & dịch vụ cao cấp: 16 căn Condo Over The Spa 18 căn Căn hộ tiêu chuẩn 3. Hệ thống tiện ích dịch vụ: 01 Beach Restaurant (nhà hàng sát biển) 01 Spa chuyên nghiệp 01 Convention Center Trung tâm hội nghị lớn 01 Lobby House Nhà sảnh chính đón khách 02 Restaurant Over Lobby Nhà hàng sang trọng view trên sảnh LỢI THẾ ĐẦU TƯ NỔI BẬT: Khu nghỉ dưỡng đang vận hành ổn định, doanh thu cao Sổ pháp lý ",,66879000.0,,,Đà Nẵng,Nhà,2025-11-06T00:22:58.012000,SALE_HIGH_CONFIDENCE
area,65000000.0,shard_0006.parquet,194987,"Bán 6,5 ha đất vườn tọa lạc tại xã Phú Hòa Đông Củ Chi giá 48 tỷ","Đây là khu đất lớn khá là khó gom được nhá anh chị giá thì bèo nhèo Á. Tổng diện tích 65,0000m2 có 45,0000m2(4,5ha) là có sổ đỏ còn lại là 2ha chưa làm sổ có giấy tờ mua giấy tay từ lâu. Nay ông chủ đã lớn tuổi quá rồi nên muốn tìm chủ mới cho toàn bộ khu đất trên. Phải nói là nguyên 1 hòn đảo xung quanh là kênh ông đa rộng 20m ngang từ bờ này qua bờ kia tọa lạc tại xã Phú Hòa Đông Củ Chi. Mặt tiền kênh ông đa lớn. Thuận tiện cho a chị cô chú mua làm trang trại khu nghỉ dưỡng hoặc mô hình khu du lịch sinh thái. Quý khách có nhu cầu mua liên hệ em gặp chủ đất nhá xin cám ơn.",48000000000,65000000.0,,,Hồ Chí Minh,Đất,2025-12-19T10:09:56.115000,AMBIGUOUS
area,62000000.0,shard_0003.parquet,332895,"Bán đất tại đường Doi Lầu, Cần Giờ, 330 tỷ, 62ha (Héc ta) đẹp, nhiều tiện ích hot","Tọa lạc ở đường Doi Lầu, Xã Lý Nhơn, Cần Giờ, Hồ Chí Minh, mảnh đất này có diện tích rộng lớn lên tới 62 ha, lý tưởng cho việc đầu tư hoặc xây dựng. - Giá: 330 tỷ VND. - Diện tích: 62000000 m2. - Chiều ngang mặt tiền: 600m. - Cạnh hông 500m. - Chiều rộng ngõ trước: 10m. Điểm cộng: - Ngõ vào rộng rãi, thuận tiện cho xe ô tô di chuyển. - Mặt tiền rộng, phù hợp cho các hoạt động kinh doanh. - Pháp lý đầy đủ, đảm bảo an toàn cho giao dịch. Đừng bỏ lỡ cơ hội sở hữu mảnh đất tiềm năng này. Vui lòng liên hệ Trần Văn Mão qua số điện thoại để biết thêm thông tin chi tiết.",330000000000,62000000.0,600.0,10.0,Hồ Chí Minh,Đất,2025-10-21T20:11:50.509000,SALE_HIGH_CONFIDENCE
area,60000000.0,shard_0003.parquet,265592,"Chủ cần sang nhượng lại 6hec đất chơn thành làm của gần 2 đường cao tốc , 120m mặt tiền , bằng đẹp","Đất chơn thành , Gần 2 đường cao tốc đan khởi công Mặt tiền 120m lên được thổ cư Dân hiện hữu , Gần trường học Gàn kcn becamex chơn thành giá tốt chỉ 4tỷ 1héc Làm của hợp lý , pháp lý rõ ràng Lh Gặp Việt xem đất",24000000000,60000000.0,120.0,12.0,Bình Phước,Đất,2025-09-19T10:05:41.466000,AMBIGUOUS
price_per_m2,27045454545454.547,shard_0000.parquet,163378,"bán nhanh nhà Quang Trung, La Khê , Hà Đông, Hà Nội","Bán nhà đẹp ở số 284 Quang Trung , La khê, Hà Đông, Hà Hội Diện tích nhà 21,8 m thiết kế hiện đại 5 tầng tầng 1. khách , bếp tầng 2,3,4 , mõi tầng 1 ngủ , 1 vệ sinh tàng 5 phơi và phòng thờ để lại nội thất y ảnh sổ đỏ sẵn sàng giao dịch giá : 5,95 tỷ bao hết thuế phí có thương lượng , nhà cách mặt đường Quang Trung 10m , đối diện ga La Khê, gần nhà thi Đấu Hà Đông #nhaquangtrung#nhadep#",595000000000000,22.0,3.0,,Hà Nội,Nhà,2025-06-18T12:52:42.559000,SALE_HIGH_CONFIDENCE
price_per_m2,5912195121951.22,shard_0006.parquet,160898,"tòa nhà văn phòng mặt phố quận đống đa 410m x 10 tầng mt 13,5m hầm rộng + thang máy vị trí đắc địa!","TÒA NHÀ VĂN PHÒNG MẶT PHỐ ĐỐNG ĐA – 410M² X 10 TẦNG, MT 13.5M, HẦM + THANG MÁY, VỊ TRÍ ĐẮC ĐỊA, GIÁ 240 TỶ” MẶT PHỐ HIẾM QUẬN ĐỐNG ĐA, BA ĐÌNH , HAI BÀ TRƯNG - MẶT TIỀN QUYỀN LỰC - VỈA HÈ RỘNG - TOÀ NHÀ VĂN PHÒNG HIỆN ĐẠI. + Thiết kế: - Tầng :1 hầm ga ra xe - Tầng :2 - 9 thông sàn - Toà nhà trang bị 2 thang máy, điều hoà trung tâm, thẩm định phòng cháy chữa cháy đầy đủ, thoáng 3 mặt, hầm rộng thênh thang. Toà nhà đã hoàn công đầy đủ. - Sổ đỏ chính chủ pháp lý chuẩn chủ thiện chí bán. - Liên hệ ngay : Mr Khương sđt [phone_number] chuyên BĐS Mặt Phố & Tòa Nhà văn phòng để xem nhà và làm việc với chính Chủ . -",2424000000000000,410.0,13.5,,Hà Nội,Nhà,2025-12-09T00:17:25.566000,AMBIGUOUS
price_per_m2,3758169934640.5225,shard_0005.parquet,290179,"Đất nền ven sông Cần Thơ, view mát mẻ, liền kề Phi Yến","Khám phá hai nền đất duy nhất còn sót lại, tọa lạc tại vị trí đắc địa ven Rạch Chuối, cạnh Khu Du Lịch Phi Yến, mang đến một không gian sống trong lành với view sông thơ mộng. Chỉ cách trung tâm thành phố Cần Thơ 7km, đây là cơ hội hiếm có để sở hữu một phần đất lý tưởng. Nền đất thứ nhất sở hữu diện tích 4.25 x 23.5m, với phần nở hậu 4.35m, toàn bộ là đất thổ cư. Đặc biệt, người mua sẽ được tặng thêm phần đất đối diện, tạo nên một không gian sử dụng rộng rãi hơn. Mức giá cho nền đất này là 920 triệu đồng. Nền đất thứ hai có diện tích ấn tượng 6 x 40.8m, nở hậu 7m, với 239m2 đất thổ cư. Chủ nhân của nền đất này cũng sẽ nhận được ưu đãi tặng hơn 50m2 đất ở phía đối diện. Giá bán cho nền đất này là 2.1 tỷ đồng. Cả hai nền đất đều có pháp lý đầy đủ, sẵn sàng cho việc xây dựng và an cư lạc nghiệp. Đừng bỏ lỡ cơ hội sở hữu một trong hai mảnh đất tuyệt vời này. Liên hệ ngay với Thuý Vân qua số",920000000000000,244.8,6.0,,Cần Thơ,Đất,2025-11-17T20:01:40.573000,AMBIGUOUS
price_per_m2,3065395095367.847,shard_0004.parquet,227896,"Vị trí ""VÀNG"" - Nhà mặt phố Lý Thường Kiệt . DT 734m2, MT 30m, XD 12 tầng +4 hầm","Chính chủ đang giao bán tòa nhà mặt phố Lý Thường Kiệt - Mô tả: Mặt tiền 30m, Diện tích 734m², XD 12 tầng , 4 hầm - Thiết kế: Cửa kính, thông sàn, điều hòa âm trần. - Vị trí: Mặt tiền đắc địa, mặt đường rộng thoáng, tuyến phố 2 chiều. - Kinh doanh: Văn phòng, trung tâm, showroom, trụ sở công ty,... - Pháp lý: 1 sổ, 1 chủ có hoàn công. - Giá bán: 2250 tỷ/ tháng. - Liên hệ: 0946 698 598 em Chính - Chuyên mua bán - cho thuê toà nhà văn phòng, khách sạn, showroom...",2250000000000000,734.0,30.0,,Hà Nội,Nhà,2025-10-21T11:07:51.337000,AMBIGUOUS
price_per_m2,1040000000000.0,shard_0008.parquet,42732,Ngợp 1 lô đất ngay đường D Vsip 2. Vĩnh Tân Tân Uyên với DT 332m2 sổ hồng riêng,Tôi đang thanh lý ngợp lô đất ở ngay khu D Vsip 2 gần khu công nghiệp. DT 332m2 ngang 10 dài 33. Sổ hồng riêng. Công chứng trong ngày. Khu vực đông dân. Giáp với các khu công nghiệp lớn. Cách đường Mỹ Phước Tân Vạn 2Km. Cách TP HCM 40 phút. Cách phường Vĩnh Tân 3Km. Liên hệ tôi [phone_number] để đi xem trực tiếp.,345280000000000,332.0,10.0,,Bình Dương,Đất,2026-01-08T22:24:34.253000,AMBIGUOUS
frontage_width,9080000.0,shard_0009.parquet,37939,"BÁN nhà ĐÔI 2 CĂN, mặt tiền, TTTP Đà Nẵng !","Nhà đẹp, xây dựng kiên cố, đầy đủ tiện nghi. Nhà 2 gian, mặt tiền, gần sân bay; cầu Rồng, khu dân cư nhộn nhịp...",22500000000,123.0,9080000.0,,Đà Nẵng,Nhà,2026-03-04T18:13:34.962000,SALE_HIGH_CONFIDENCE
frontage_width,6700000.0,shard_0001.parquet,75735,"BÁN NHÀ 6 TẦNG VIỆT HƯNG GIANG BIÊN, GẦN HỒ, OTO","Căn 6 tầng x30m lô góc khu Việt Hưng - Giang Biên, khuôn tiền hơn 6tỷ là chốt ngay các bác ơi!!! +Vị trí đẹp, cách hồ điều hoà chỉ 30m, ô tô đỗ tận cửa, gần trường chợ, gần trung tâm hành chính quận, tiện ích đầy đủ, ở sướng. + Nhà xây 6 tầng thiết kế: Tầng 1 : khách, bếp, wc. Tầng 2,3,45: Mỗi phòng 1 ngủ, 1wc. Tầng 6: Phòng Thờ, Sân Phơi. Sổ đẹp, chủ thiện chí, khu vực phát triển, tương lai ok",6500000000,30.0,6700000.0,6.0,Hà Nội,Nhà,2025-07-19T06:54:29.605000,SALE_HIGH_CONFIDENCE
frontage_width,6700000.0,shard_0001.parquet,195225,"Bán nhà 6 tầng việt hưng giang biên, gần hồ, oto","Căn 6 tầng x30m lô góc khu Việt Hưng - Giang Biên, khuôn tiền hơn 6tỷ là chốt ngay các bác ơi!!! +Vị trí đẹp, cách hồ điều hoà chỉ 30m, ô tô đỗ tận cửa, gần trường chợ, gần trung tâm hành chính quận, tiện ích đầy đủ, ở sướng. + Nhà xây 6 tầng thiết kế: Tầng 1 : khách, bếp, wc. Tầng 2,3,45: Mỗi phòng 1 ngủ, 1wc. Tầng 6: Phòng Thờ, Sân Phơi. Sổ đẹp, chủ thiện chí, khu vực phát triển, tương lai ok",6500000000,30.0,6700000.0,,Hà Nội,Nhà,2025-07-05T17:12:05.839000,SALE_HIGH_CONFIDENCE
frontage_width,4450000.0,shard_0000.parquet,305389,Vị trí kim cương hội tụ tất cả mọi ưu điểm. xứng đáng là đẹp nhất dự án,"Chào bán lô Biệt Thự view kênh. Ngang 10m tổng 200m2 vị trí đắc địa kề bên sông. Cách biển 500m, hạ tầng đầy đủ xung quanh cư dân hiện hữu đông đúc phù hợp xây căn hộ. Nhà ở. Mở cửa hàng kinh doanh ...vv",44500000,200.0,4450000.0,,Quảng Nam,Đất,2025-07-22T12:44:43.815000,AMBIGUOUS
frontage_width,2424000.0,shard_0002.parquet,24026,"Bán đất Hòa Liên 5 bên vưỡng đường 5m5, khu dân cư đông đúc","Bán đất nền Hòa Liên 5, bên vưỡng hoa dân cư đông đúc thuận tiền việc đi lại. DT 100m2. LH [phone_number]",,100.0,2424000.0,,Đà Nẵng,Đất,2025-08-25T02:39:37.388000,SALE_HIGH_CONFIDENCE
road_width,103000.0,shard_0005.parquet,317726,Shophouse tại Vista Residence Da Nang,"Shophouse tại Vista Residence Da Nang có thiết kế hiện đại và tiện nghi, nằm ở Đường Xô Viết Nghệ Tĩnh, Phường Hòa Cường Nam, Hải Châu, Đà Nẵng với diện tích 76m2. Căn nhà gồm 2PN + 2WC/PT + bếp, hướng cửa chính Tây Nam và ban công Đông Bắc, mặt tiền rộng 76m, ngõ vào rộng 10m, thuận tiện cho việc kinh doanh và di chuyển. Giá bán là 5,2tỷ VND, pháp lý đang chờ sổ. Nội thất đầy đủ với điều hòa, tủ lạnh,... Địa điểm xung quanh: - Bệnh viện Đa Khoa Tâm Trí Đà Nẵng - Bệnh viện Đa Khoa Quốc Tế Vinmec Đà Nẵng - Siêu thị Winmart+ - Siêu thị Bách Hóa Xanh - Công viên Thanh Niên - Trường Đào Tạo MC - Kỹ Năng Giao Tiếp Chuyên Nghiệp Rồng Tiên Sa Liên hệ để biết thêm chi tiết: Đặng Trung Hiếu tại",,76.0,1000.0,103000.0,Đà Nẵng,Shophouse,2025-11-05T16:55:37.452000,AMBIGUOUS
road_width,18000.0,shard_0006.parquet,212459,Cơ hội vàng: Sở hữu đất nền khu dân cư đại học phòng cháy,"Cơ hội vàng: Sở hữu đất nền khu dân cư đại học PCCC. Đừng bỏ qua cơ hội có 1 - 0 - 2 tại Khu Dân Cư Đại Học PCCC. Nơi được định vị là ""Tâm điểm phát triển mới"" và ""Bảo chứng cho tương lai thịnh vượng"" của bạn! Vị trí kim cương lợi ích kép. - Tọa lạc ngay cạnh Trường Đại Học PCCC và tiếp giáp các trục đường huyết mạch, dự án sở hữu lợi thế vàng. - Đón đầu làn sóng dân cư & giáo dục, dịch vụ, KCN. - Kết nối hoàn hảo với các tiện ích vùng. - Không gian sống đẳng cấp: Khẳng định giá trị đầu tư bền vững. - Pháp lý rõ ràng minh bạch, sổ đỏ từng lô. - Tính thanh khoản cao. - Tiềm năng tăng giá x2 - x3. - Chính sách thanh toán linh hoạt (cực kỳ hấp dẫn): + Đặt cọc: Chỉ từ 300 triệu đến 500 triệu VNĐ/lô. + Thanh toán đợt 2 (trong 15 ngày): Thanh toán đợt 2 từ 500. Triệu đến 1 tỷ VNĐ/lô. + Thanh toán đợt 3: Thanh toán số tiền còn lại khi có thông. Báo về tài sản (tối đa 60 ngày). Ưu đãi đặc biệt: ",4405500000,267.0,,18000.0,Hòa Bình,Đất,2025-12-11T04:35:36.269000,AMBIGUOUS
road_width,13500.0,shard_0004.parquet,57085,"Bán BT tại TSQ Galaxy, Tố Hữu, Vạn Phúc, Hà Đông, 34,5 tỷ, 90m2, giá cực chất","Biệt thự tại TSQ Galaxy, Tố Hữu, Vạn Phúc, Hà Đông mang đến không gian sống lý tưởng cho gia đình. - Diện tích 90m2 với thiết kế hiện đại, phù hợp cho những gia đình yêu thích sự sang trọng. - Giá chỉ 34,5 tỷ VND, một cơ hội đầu tư hấp dẫn. - Mặt tiền 5m, thuận lợi cho việc kinh doanh hoặc cho thuê. - Đường vào 13,5m, dễ dàng tiếp cận cho ô tô. - Pháp lý đầy đủ, đảm bảo quyền sở hữu rõ ràng. Địa điểm tiện ích xung quanh: - Bệnh viện đa khoa Hà Đông chỉ cách đó vài phút đi bộ. - Siêu thị điện máy HC - Vạn Phúc và Co. Opmart Goldsilk gần kề, thuận tiện cho việc mua sắm. - Công viên An Hưng và công viên Hồ Trung Văn gần đó, lý tưởng cho các hoạt động ngoài trời. - Trường mầm non Tuổi Thần Tiên nằm trong khu vực, thuận lợi cho gia đình có trẻ nhỏ. Để biết thêm thông tin chi tiết, vui lòng liên hệ Nguyễn Văn Nam qua số điện thoại",34500000000,90.0,5.0,13500.0,Hà Nội,Biệt thự/Nhà liền kề,2025-10-08T23:52:15.797000,AMBIGUOUS
road_width,12498.0,shard_0007.parquet,121491,Siêu Phẩm Nguyễn Ảnh Thủ Quận 12 - Full Nội Thất Ở Ngay - Ô Tô Ngủ Trong Nhà - 4.98 Tỷ,"Vị trí trung tâm tiện ích: gần chợ, trường học các cấp, ngân hàng, siêu thị Metro. Khu dân cư đông đúc, an ninh, di chuyển thuận tiện các quận. DT : 4 X 11. Kết cấu 3 tầng + lửng, 3PN, 4WC, ô tô ngủ trong nhà. Nhà full nội thất, chỉ cần kéo vali vào ở ngay. Pháp lý: SHR, hoàn công đầy đủ. Aub496.103",4980000000,44.0,,12498.0,Hồ Chí Minh,Nhà,2025-12-03T14:49:14.257000,AMBIGUOUS
road_width,12123.0,shard_0007.parquet,181903,"BÁN BIỆT THỰ 4 TẦNG LÔ GÓC SIÊU ĐẸP KDC GIA HÒA, PHONG PHÚ, BÌNH CHÁNH 168M FULL NỘI THẤT","-168m đất (ngang 12x14 đẹp vuông vức). -4 tầng xây kiểu biệt thự phố hiện đại. -4 phòng ngủ 5WCPhòng khách trần cao, lấy ánh sáng tự nhiên cực tốt. -Bếp lớn, chuẩn gia đình đông người hoặc khách thích nấu ăn.Sân để ô tô, khoảng sân trước rộng, điểm cộng cực mạnh cho nhà lô góc. -Vi trí:thuận tiện di chuyển ra Nguyễn Văn Linh,Quận 7,Quận8 Qua cầu Chà Và Vào Trung tâm chỉ 10 phút",15600000000,168.0,,12123.0,Hồ Chí Minh,Biệt thự/Nhà liền kề,2026-01-05T20:12:50.878000,SALE_HIGH_CONFIDENCE
