source_shard,source_row,name,description_excerpt,province_name,property_type_name,price,area,parsed_total_vnd,relative_error,comparison,parsed_candidates
shard_0006.parquet,42706,Chính chủ cần tiền bán gấp Biệt thự đảo song lập ECO RETREAT LONG AN,Chính chủ ( không phải môi giới )cần tiền bán gấp Biệt thự đảo song lập ECO RETREAT LONG AN - Diện tích: 197m - Căn xẻ khe mặt sông rộng - Giá 16.5tr Liên hệ: [phone_number] Hoài,Long An,Biệt thự/Nhà liền kề,16000000000,197.0,16500000.0,968.6969696969697,mismatch,"[{""source"": ""description"", ""text"": ""16.5tr Liên hệ: [phon"", ""parsed_value_vnd"": 16500000.0, ""basis"": ""total"", ""total_equivalent_vnd"": 16500000.0}]"
shard_0004.parquet,105087,Bán Đất Tây Hồ - 720m Mặt Tiền 15m - Đầu Tư Dài Hạn - Quy Hoạch An Toàn - Đường Ô Tô Tránh - KD,"BÁN ĐẤT KHU VỰC TÂY HỒ HÀ NỘI - ĐẦU TƯ DÀI HẠN QUY HOẠCH AN TOÀN Diện tích: 720M2 Mặt tiền: 15m thửa đất vuông vắn, cực kỳ đẹp để đầu tư hoặc xây biệt thự, nhà vườn Đường trước đất: Hai ô tô tránh nhau thoải mái, khu dân cư yên tĩnh, sạch sẽ, gần Hồ Tây Pháp lý: Đất đô thị phi nông nghiệp, đóng thuế hằng năm, giao dịch chính chủ Tiện ích xung quanh: Vài phút tới Hồ Tây, cầu Nhật Tân, tuyến đường Võ Chí Công trung tâm hành chính Tây Hồ Tây Gần chợ Tứ Liên, trường học, siêu thị, nhà hàng và khu dân cư cao cấp Khu vực quy hoạch ổn định, hạ tầng đồng bộ, dân trí cao Giá trị đầu tư: Quỹ đất lớn, hiếm tại trung tâm Tây Hồ Tiềm năng sinh lời cao thích hợp xây biệt thự, nhà vườn, homestay hoặc chia lô Giá chào bán: 50 triệu/m Vị trí: Khu phố Tứ Liên quận Tây Hồ Hà Nội Liên hệ: Bảo Nam - 09/88.33.8.22;8",Hà Nội,Đất,36000000000,720.0,50000000.0,719.0,mismatch,"[{""source"": ""description"", ""text"": ""50 triệu/m Vị trí: Khu "", ""parsed_value_vnd"": 50000000.0, ""basis"": ""total"", ""total_equivalent_vnd"": 50000000.0}]"
shard_0007.parquet,303247,"ĐẦU TƯ CHIA LÔ. CẦN BÁN ĐẤT TÂN DÂN KHOÁI CHÂU HƯNG YÊN. 7 CHỖ VÀO ĐẤT. Dt: 485m2, CHỈ 17.5tr/m","- Chính chủ cần bán 484,7 m full thổ cư tại Tân Dân Khoái Châu Hưng Yên - Đường ô tô 7 chỗ vào tận đất ,cách 30m ra trục chính apphan 2tránh nhau - Nằm áp sát khu công nghiệp Tân dân , vành đai 4 , bao quanh là các dự án lớn , gần trường chợ tiện ích siêu đỉnh Giá 1x triệu/m - Lh e ngay để xem đất và chốt cọc",Hưng Yên,Đất,8487500000,485.0,17500000.0,484.0,mismatch,"[{""source"": ""title"", ""text"": ""17.5tr/m"", ""parsed_value_vnd"": 17500000.0, ""basis"": ""total"", ""total_equivalent_vnd"": 17500000.0}]"
shard_0002.parquet,167701,Bán căn hộ dịch vụ 6 tầng có thang máy - dương quảng hàm p5 - 5x28 - 135m - 8m thông - tn 100tr,"BÁN SIÊU CĂN HỘ DỊCH VỤ 6 TẦNG - DƯƠNG QUẢNG HÀM P5 GV - 5x28 - 135m2 - HẺM 8M THÔNG - TN 100Tr - CHỈ 26 TỶ 5 - Diện tích: 5x28 cn 137m2, sổ vuông vức - Trệt lửng 3 lầu sân thượng, hiện tại đang cho thuê Full phòng. Tn 100 tr/ tháng. CÓ THANG MÁY. Có đầy đủ hệ thống PCCC - Đường nhựa 8m thông, sát mặt tiền đường Dương Quảng Hàm. Khu dân cư VIP hàng xóm toàn nhà cao tầng - Ngay trung tâm GV thuận tiện di chuyển sang các quận trung tâm. Khu vực lúc nào cũng kín phòng",Hồ Chí Minh,Nhà,26500000000,138.0,100000000.0,264.0,mismatch,"[{""source"": ""title"", ""text"": ""100tr"", ""parsed_value_vnd"": 100000000.0, ""basis"": ""total"", ""total_equivalent_vnd"": 100000000.0}, {""source"": ""description"", ""text"": ""100Tr - CHỈ 26 TỶ 5 "", ""parsed_value_vnd"": 100000000.0, ""basis"": ""total"", ""total_equivalent_vnd"": 100000000.0}, {""source"": ""description"", ""text"": ""26 TỶ 5 - Diện tích:"", ""parsed_value_vnd"": 26000000000.0, ""basis"": ""total"", ""total_equivalent_vnd"": 26000000000.0}]"
shard_0009.parquet,259505,"Mở bán căn hộ 3PN Mizuki Park, ck 13.5%, tặng 2 chỉ vàng. Tặng 2 năm PQL. Hỗ trợ vay ngân hàng","* Mở bán căn hộ trong Mizuki Park, Nguyễn Văn Linh, Bình Chánh. - Tổng quy mô: 26ha. - Mật độ xây dựng: 29%. - Chủ đầu tư: Nam Long Group và Nishi Nippon Railroad (NNR) và Hankyu Hanshin Propertiies Corp. - Vị trí: Thuộc trục đại lộ Nguyễn Văn Linh giao QL50. Cách Phú Mỹ Hưng chỉ 5km. Di chuyển thuận tiện về quận 1, quận 4,5,6,7,8... - Tiện ích toàn khu đã chỉnh chu: Kênh đào 17.000m2, đảo Nhật, quảng trường sự kiện và quảng trường bến du thuyền, trường học, shophouse, siêu thị, quán ăn, cafe... - Pháp lý chuẩn chỉnh: Sổ hồng sở hữu lâu dài. ---------------------------------------------- * Phân khu Trellia Cove - phân khu compound cuối cùng của KDT Mizuki Park, tọa lạc như ốc đảo khi tiếp giáp trực tiếp với kênh đào và rạch Ba Lào. - Tổng quy mô 3 tháp cao 20 tầng với 817 căn hộ. - Đa dạng diện tích 2PN - 3PN: 59m2 - 97m2. - Tiện ích đa dạng và hấp dẫn: Hồ bơi, gym, công viên kênh đào, c",Hồ Chí Minh,Căn hộ chung cư,6984000000,97.0,34000000.0,204.41176470588235,mismatch,"[{""source"": ""description"", ""text"": ""34 Triệu trừ vào giá bá"", ""parsed_value_vnd"": 34000000.0, ""basis"": ""total"", ""total_equivalent_vnd"": 34000000.0}]"
shard_0008.parquet,126655,Chính chủ cần bán trước Tết lô đất mặt QL21 phố Sơn Đông Cổ Đông 185.2m2 giá 57.2tr 3 xe tải tránh,"Chính chủ cần bán lô đất mặt tiền QL21 phố Sơn Đông, Cổ Đông 185.2m2 giá 57.2tr/m2 Vị trí đẹp hiếm tại mặt phố QL21, 2 mặt tiền đường thông, chạy vòng quanh, đường 4 xe container tránh nhau. Diện tích: 185.2m2, giá: 1[phone_number] VNĐ Pháp lý: Sẵn sổ, công chứng trong ngày. Vị trí vô cùng đắc địa tại Cổ Đông, Sơn Tây, Hà Nội, khu vực tiềm năng phát triển mạnh. Bán kính loanh quanh 1km là Ngã Tư Lục Quân, Trường Sĩ quan Lục quân 1, Quốc lộ 21A, trục Hồ Tây Ba Vì, thuận tiện di chuyển về TT Hà Nội và đi các tỉnh. Cách 2 phút là làng Đại học Quốc gia Hà Nội, Khu Công Nghệ Cao, Ngã Tư Hòa Lạc: trung tâm giáo dục & công nghệ tiên phong bậc nhất của Việt Nam. Khoảng 4-5 phút di chuyển đến Khu công nghiệp Sơn Đông 72A, Trung tâm thị xã Sơn Tây. Sát ngay KĐT Thiên Mã & Sân gôn Đồng Mô, không gian sống xanh, trong lành. Tiện ích xung quanh thì không thiếu gì cả: Khu dân cư văn minh, hệ thống gia",Hà Nội,Đất,10640000000,185.2,57200000.0,185.01398601398603,mismatch,"[{""source"": ""title"", ""text"": ""57.2tr 3 xe tải tránh"", ""parsed_value_vnd"": 57200000.0, ""basis"": ""total"", ""total_equivalent_vnd"": 57200000.0}, {""source"": ""description"", ""text"": ""57.2tr/m2 Vị trí đẹp "", ""parsed_value_vnd"": 57200000.0, ""basis"": ""per_m2"", ""total_equivalent_vnd"": 10593440000.0}]"
shard_0006.parquet,306463,Bán đất khu bàn cờ Cam Hiệp Nam - đất ở trung tâm đô thị mới Vinhomes giá đầu tư 9 triệu,"Bán đất trong khu bàn cờ Cam Hiệp Nam, cách biển Bãi Dài 15 - 20 phút di chuyển. Ngay trung tâm đô thị mới Cam Lâm. - Đường 8m hiện trạng quy hoạch mở rộng 13m kết nối Lập Định Suối Môn, gần ngã tư giao với Đồng Bà Thìn Suối Cát. - Diện tích: 109m2 ngang hơn 5m vuông vức. - Đất bằng phẳng sạch đẹp. Ngay khu dân cư. Gần trường học các cấp hiện hữu. Thích hợp đầu tư đón đầu dự án đô thị mới Cam Lâm Vinhomes. Giá bán chỉ: Dưới 1 tỷ. Liên hệ: em Phúc làm việc và xem đất thực tế ạ.",Khánh Hòa,Đất,998000000,109.8,9000000.0,109.88888888888889,mismatch,"[{""source"": ""title"", ""text"": ""9 triệu"", ""parsed_value_vnd"": 9000000.0, ""basis"": ""total"", ""total_equivalent_vnd"": 9000000.0}, {""source"": ""description"", ""text"": ""1 tỷ. Liên hệ: em P"", ""parsed_value_vnd"": 1000000000.0, ""basis"": ""total"", ""total_equivalent_vnd"": 1000000000.0}]"
shard_0009.parquet,316832,"Bán nhanh nhà phố đẳng cấp 4 tầng mặt tiền 5m, sát trục Hoàng Quốc Việt kéo dài","Cơ hội hiếm để sở hữu căn nhà phố thương mại đẳng cấp tại Noble Palace Tây Thăng Long dòng sản phẩm vừa ở sang, vừa khai thác kinh doanh cực tốt. (*) Thông tin căn L7-03 phân khu Legacy Loại hình: Nhà phố 4 tầng - hoàn thiện mặt ngoài Diện tích đất: 67,5m² Tổng diện tích xây dựng: 212,8m² Mặt tiền: 5m Hướng: Đông Bắc (*) Điểm cộng nổi bật: - Gần trục đường chính 50m tuyến giao thông huyết mạch - Đối diện công viên, không gian sống thoáng đãng, view cực đắt - Kết nối nhanh ra trục Hoàng Quốc Việt kéo dài di chuyển thuận tiện vào trung tâm và các khu đô thị lớn (*) Hệ tiện ích cao cấp nội khu - Trung tâm sinh hoạt cộng đồng Regency Clubhouse - Bể bơi, bãi đỗ xe thông minh - Chuỗi tiện ích chuẩn sống thượng lưu: Infinity Oasis, Imperial Garden, dãy shophouse thương mại sầm uất - Bao quanh bởi các công viên quy mô lớn 90ha & 100ha chuẩn sống xanh hiếm có khu Tây (*) Chính sách bán hàng hấp d",Hà Nội,Shophouse,17500000000,67.5,280000000.0,61.5,mismatch,"[{""source"": ""description"", ""text"": ""280 triệu (ưu đãi giới h"", ""parsed_value_vnd"": 280000000.0, ""basis"": ""total"", ""total_equivalent_vnd"": 280000000.0}]"
shard_0005.parquet,54499,"Bán gấp đất tại Nam Hồng, Đông Anh, Hà Nội, 72 triệu, 40.7 m2","Đất nền siêu hot ngay Nam Hồng, Đông Anh, Hà Nội đang chờ đón chủ mới! Với diện tích 40.7m2, giá chỉ 72 triệu, đây là cơ hội không thể bỏ qua. Mặt tiền rộng 3.7m, ngõ vào 2.5m, phù hợp cho việc xây dựng nhà ở hoặc kinh doanh nhỏ. Pháp lý đầy đủ, giúp đảm bảo an toàn cho mọi giao dịch. Khu vực này cực kỳ tiềm năng, thích hợp cho việc đầu tư dài hạn. Nhanh tay liên hệ để không bỏ lỡ cơ hội này! Liên hệ ngay với Nguyễn Thị Toan qua số",Hà Nội,Đất,2930400000,40.7,72000000.0,39.7,mismatch,"[{""source"": ""title"", ""text"": ""72 triệu, 40.7 m2"", ""parsed_value_vnd"": 72000000.0, ""basis"": ""total"", ""total_equivalent_vnd"": 72000000.0}, {""source"": ""description"", ""text"": ""72 triệu, đây là cơ hội"", ""parsed_value_vnd"": 72000000.0, ""basis"": ""total"", ""total_equivalent_vnd"": 72000000.0}]"
shard_0006.parquet,334933,Siêu phẩm: Căn hộ cao trần CitiGrand Quận 2 - Mua ngay chiết khấu 150 triệu vào giá bán,"Căn hộ Citi Grand ở Nguyễn Thị Định, Cát Lái, Quận 2, TP. HCM đang chờ đón chủ mới. Nội thất cơ bản, hoàn hảo cho những ai thích không gian thoải mái mà vẫn đầy đủ tiện nghi. Toạ lạc ngay Q2 đắt đỏ mà chỉ có 4,1 tỷ/căn - đây là cơ hội không thể bỏ lỡ cho các bạn trẻ đang tìm kiếm một nơi an cư lý tưởng. Căn hộ này có thiết kế hiện đại, không gian sống thoáng đãng, đáp ứng nhu cầu sống hiện đại và tiện nghi. Dự án là tổ hợp căn hộ - căn hộ thương mại - shophouse, đáp ứng mọi nhu cầu an cư và đầu tư của khách hàng, đa dạng tiện ích. Thiết kế thông thoáng tối ưu: 8 giếng trời thông gió đối lưu phân bố đều trong tòa nhà, phòng khách, phòng ngủ đều có cửa sổ hướng ra mặt ngoài đón ánh sáng và gió tươi, cửa sổ kịt trần. Tiện ích xung quanh. - Cách Thủ Thiêm chỉ 5km. - Bệnh viện Lê Văn Thịnh gần đó giúp bạn yên tâm hơn về sức khỏe. - Siêu thị Bách Hóa Xanh tại 60 Đường 39 và 419 Nguyễn Thị Định",Hồ Chí Minh,Căn hộ chung cư,5000000000,80.0,150000000.0,32.333333333333336,mismatch,"[{""source"": ""title"", ""text"": ""150 triệu vào giá bán"", ""parsed_value_vnd"": 150000000.0, ""basis"": ""total"", ""total_equivalent_vnd"": 150000000.0}, {""source"": ""description"", ""text"": ""4,1 tỷ/căn - đây là c"", ""parsed_value_vnd"": 4099999999.9999995, ""basis"": ""total"", ""total_equivalent_vnd"": 4099999999.9999995}]"
shard_0005.parquet,141706,"79M2 RẺ HƠN LÔ KẾ BÊN 100TR, LIỀN KỀ DÃY NHÀ ĐANG XÂY BÁN, CHỦ CẦN BÁN GẤP","- Chủ cần bán gấp lô đất để xử lý công việc, nên chấp nhân giảm 100 triệu, rẻ hơn lô kế bên để bán nhanh trong tháng lô đất đường Nguyễn Văn Thành phường Định Hòa, Thủ Dầu Một Cũ, nay là P. Chánh Hiệp, TP. Hồ Chí Minh mới. ngay trung tâm ngã tư Sở Sao, cách trung tâm hành chính TP. Mới, siêu thị AEON, Cappital land chỉ 2km... - Diện tích: Ngang 5,8m Dài 14m (79m2) Thổ cư 60m2 xây dựng - Pháp lý đầy đủ, Sổ Hồng Riêng đảm bảo an toàn cho giao dịch - Gía bán 1,690 tỷ còn thương lượng Điểm nổi bật: + Nằm ở vị trí thuận lợi, dễ dàng di chuyển + Mặt tiền rộng, lý tưởng cho các hoạt động thương mại + Gần trường cấp 1,2,3 thuận lợi cho các chau đi học + Gần Bệnh Viện Đa Khoa Phương Chi, Đa Khoa 1500 giường + Siêu thị, bách hóa xanh chỉ 100m là tới Liên hệ Thanh để xem đất và thêm nhiều sản phẩm tại Định Hòa",Bình Dương,Đất,1690000000,79.0,100000000.0,15.9,mismatch,"[{""source"": ""title"", ""text"": ""100TR, LIỀN KỀ DÃY N"", ""parsed_value_vnd"": 100000000.0, ""basis"": ""total"", ""total_equivalent_vnd"": 100000000.0}, {""source"": ""description"", ""text"": ""100 triệu, rẻ hơn lô kế "", ""parsed_value_vnd"": 100000000.0, ""basis"": ""total"", ""total_equivalent_vnd"": 100000000.0}, {""source"": ""description"", ""text"": ""1,690 tỷ còn thương lượ"", ""parsed_value_vnd"": 1690000000000.0, ""basis"": ""total"", ""total_equivalent_vnd"": 1690000000000.0}]"
shard_0002.parquet,172117,"Bán nhà chính chủ Hoàng Hoa Thám, Ba Đình - phân lô ô tô - 50m2 - hạ chào 1,2 tỷ","- Ngõ rộng, thông tứ tung, vừa ở vừa kinh doanh. - Gần Vườn Bách Thảo, Lăng Bác, VP Chính Phủ, Hồ Tây, hồ Gươm, - Hàng xóm toàn quan tướng lớn, dân trí văn minh. - Mặt tiền gần 5m, thoáng sáng. - Sổ đẹp sẵn sàng giao dịch. - Liên hệ ngay em Thao: [phone_number] để xem nhà miễn phí.",Hà Nội,Nhà,19000000000,50.0,1200000000.0,14.833333333333334,mismatch,"[{""source"": ""title"", ""text"": ""1,2 tỷ"", ""parsed_value_vnd"": 1200000000.0, ""basis"": ""total"", ""total_equivalent_vnd"": 1200000000.0}]"
shard_0003.parquet,307159,"Siêu hot chính chủ cần bán gấp căn hộ tầng 20 ban công Đông Nam cực mát, full đồ cao cấp ở đc ngay","Chính chủ gửi bán căn hộ 90m2 tầng 20 tòa V1 siêu đẹp. - Căn hộ thiết kế tối ưu không gian: 3 ngủ 2 vệ sinh. - Ban công thông phòng khách, logia cùng hướng Đông Nam cực hút gió, cửa chính Tây bắc (căn hộ hợp cả 2 mệnh). - Đồ nội thất bàn giao lại toàn bộ cho khách, bao gồm cả đồ điện tử. (Tone trẻ trung, thiết kế hơn 600tr). - Tầng trung di chyển cực dễ, để lại 2 slot oto cho chủ mới. - Pháp lý rõ ràng, sổ không vay bank, giao dịch trong ngày được luôn. Chủ nhà trẻ tuổi, làm việc dễ, có hỗ trợ vay bank cho khách thiện chí. Liên hệ xem nhà qua sđt/Zalo đã ghim trên bài đăng. Em Giang hỗ trợ 24/7 nhiệt tình, chu đáo.",Hà Nội,Căn hộ chung cư,7480000000,90.0,600000000.0,11.466666666666667,mismatch,"[{""source"": ""description"", ""text"": ""600tr). - Tầng trung"", ""parsed_value_vnd"": 600000000.0, ""basis"": ""total"", ""total_equivalent_vnd"": 600000000.0}]"
shard_0009.parquet,33869,Mở bán căn hộ 2PN sân vườn 80.3m2 siêu đẹp,"Lần đầu tiên CĐT mở bán 2 căn hộ sân vườn 2PN 2WC 80,3m², dòng sản phẩm cực hiếm trong toàn khu, dành cho khách thích không gian sống riêng tư thư giãn đẳng cấp. Căn hộ sở hữu sân vườn rộng riêng biệt, có thể thiết kế khu trà đạo, thiền, đọc sách, tiếp khách ngoài trời hoặc trồng cây, cảm giác như ở villa nhưng vẫn đầy đủ tiện ích căn hộ cao cấp. Đặc biệt CĐT tặng gói nội thất 500.000.000đ trừ thẳng vào giá bán. Giá hiện tại đang là mức tốt nhất, chỉ có 2 căn duy nhất, sau đợt này gần như không còn quỹ hàng. Anh/chị quan tâm dòng căn hiếm này liên hệ em Hằng để nhận. Giá chi tiết từng căn. Chính sách mới nhất. Chọn vị trí đẹp trước khi hết hàng. Chiết khấu hấp dẫn lên đến 15%. Tặng gói nội thất 500 triệu. Tặng gói dịch vụ quản lý 24 tháng. Cam kết thuê lại 20 triệu/ tháng. Thanh toán 20% cho đến khi nhận nhà. Hỗ trợ vay 70%, lãi suất 0% lên đến 24 tháng. Ân hạn nợ gốc lên đến 36 tháng. T",Hồ Chí Minh,Căn hộ chung cư,5900000000,80.3,500000000.0,10.8,mismatch,"[{""source"": ""description"", ""text"": ""500 triệu. Tặng gói dịch"", ""parsed_value_vnd"": 500000000.0, ""basis"": ""total"", ""total_equivalent_vnd"": 500000000.0}]"
shard_0006.parquet,241966,"Chính chủ bán gấp căn hộ Sài Gòn 2PN 2WC - 60m², nhận nhà ngay tết chỉ với 300 triệu","1. Chính sách siêu hấp dẫn: - Chỉ cần vào 15% nhận nhà. - Nhận chiết khấu lên tới 8.5%. - Hỗ trợ vay lên tới 70%. Miễn lãi và gốc 0% trong vòng 18 tháng. - Cam kết hỗ trợ thuê 2 năm đầu lên tới 10% giá trị căn hộ. - Cam kết mua lại sau 2 năm. 2. Quà tặng hấp dẫn: - Tặng gói nội thất tủ bếp 20 triệu đồng. - Tặng xe vision (38 triệu) cho căn 2PN, sh mode (65 triệu) cho căn 3pn. - Miễn phí 1 năm phí quản lý vận hành. - Cơ hội trúng lớn: Xe Vinfast VF3, xe máy điện Evo, tủ lạnh LG. - Giá gốc chủ đầu tư ký trực tiếp không qua trung gian. 3: Vị trí vàng trung tâm phường Thuận Giao, TP. Hồ Chí Minh: - Chung cư Benhill tọa lạc tại đường Thuận Giao 25, phường Thuận Giao, TP. Hồ Chí Minh vị trí chiến lược kết nối trực tiếp với Bình Dương, Thủ Dầu Một, Dĩ An qua Quốc Lộ 13 và Đại lộ Mỹ Phước Tân Vạn. - Thuận tiện đầu tư cho thuê hoặc an cư lâu dài, sinh lời bền vững theo đà phát triển đô thị mở rộn",Bình Dương,Căn hộ chung cư,2200000000,60.0,300000000.0,6.333333333333333,mismatch,"[{""source"": ""title"", ""text"": ""300 triệu"", ""parsed_value_vnd"": 300000000.0, ""basis"": ""total"", ""total_equivalent_vnd"": 300000000.0}, {""source"": ""description"", ""text"": ""20 triệu đồng. - Tặng x"", ""parsed_value_vnd"": 20000000.0, ""basis"": ""total"", ""total_equivalent_vnd"": 20000000.0}, {""source"": ""description"", ""text"": ""38 triệu) cho căn 2PN, "", ""parsed_value_vnd"": 38000000.0, ""basis"": ""total"", ""total_equivalent_vnd"": 38000000.0}, {""source"": ""description"", ""text"": ""65 triệu) cho căn 3pn. "", ""parsed_value_vnd"": 65000000.0, ""basis"": ""total"", ""total_equivalent_vnd"": 65000000.0}]"
shard_0000.parquet,33478,Bán nhanh căn hoa hậu 3PN(Góc) - 110m2 - Tặng kèm nội thất 1 tỷ. Tại Ecolake View 32 Đại Từ,"Cần bán nhanh căn hoa hậu của dự án Eco Lake View 32 Đại Từ. - Căn 3PN - 110m². - Nhà hướng Đông, 2 ban công thoáng mát, gió mát lộng cả ngày. - Căn hộ view vô cùng thoáng. Tầng trung đẹp. - Có sổ đỏ. Sẵn sàng giao dịch. Chỉ 7 tỷ (có thương lượng). Liên hệ:",Hà Nội,Căn hộ chung cư,7000000000,110.0,1000000000.0,6.0,mismatch,"[{""source"": ""title"", ""text"": ""1 tỷ. Tại Ecolake V"", ""parsed_value_vnd"": 1000000000.0, ""basis"": ""total"", ""total_equivalent_vnd"": 1000000000.0}, {""source"": ""description"", ""text"": ""7 tỷ (có thương lượ"", ""parsed_value_vnd"": 7000000000.0, ""basis"": ""total"", ""total_equivalent_vnd"": 7000000000.0}]"
shard_0000.parquet,233549,"Hạ gấp 8 tỷ bán nhanh căn liền kề mặt phố lớn Hoàng Liệt,6 tầng thang máy,vỉa hè 10m,kinh doanh","Cần bán nhanh căn liền kề tuyệt đẹp,Hoàng liệt hoàng mai,trần thủ độ,nhà nằm vị trí đắc địa,tuyệt đẹp,giao thông,giao thương thuận tiện Giáp vành đai,3 ,cao tốc pháp vân,vành đai 2.5,QL1A.. Đi lại các quận trung tâm và các tỉnh vô cùng thuận tiện..khu vực cơ sở hạ tầng đồng bộ,trường,chợ,bệnh viện nội tiết trung ương,vài phút ra KĐT Linh Đàm.. Nhà thiết kế 6 tầng thang máy,thoáng trước sau Mỗi tầng 2 phòng lớn,khép kín Rất phù hợp ở,hoặc kinh doanh đa dạng mặt hàng Sổ đỏ đẹp chuẩn chính chủ giao dịch ngay cho khách thiện trí Lh:e Đức Anh,hỗ trợ xem nhà trực tiếp",Hà Nội,Biệt thự/Nhà liền kề,42000000000,143.0,8000000000.0,4.25,mismatch,"[{""source"": ""title"", ""text"": ""8 tỷ bán nhanh căn "", ""parsed_value_vnd"": 8000000000.0, ""basis"": ""total"", ""total_equivalent_vnd"": 8000000000.0}]"
shard_0000.parquet,304438,"Ngộp bank giảm sâu 40 tỷ bán biệt thự khu Compound Thảo Điền, Quận 2","Ngộp bank giảm sâu 40 tỷ bán biệt thự khu Compound Thảo Điền, Quận 2 Vị trí: Biệt thự nằm khu Compound bảo vệ 24/24. khu an ninh với đầy đủ tiện ích hồ bơi riêng, chung, sân Tenis, gần các trường Quốc tế, cộng đồng người nước ngoài thuê chung. Diện tích: 1053 m2 full thổ cư sân vườn rộng, cây xanh cổ thụ mát mẻ. Nhà thiết kế mở, không gian thoáng mát với nội thất cao cấp. Sổ hồng cá nhân, hoàn công đầy đủ, pháp lý rõ ràng Giá bán : 200 tỷ ( có thương lượng ) Vui lòng liên hệ : [phone_number] ( Đức Long ) để biết thêm chi tiết và xem nhà thực tế. Ngoài ra bên em còn rất nhiều sản phẩm đất nền, biệt thự, villa, nhà phố, mặt bằng kinh doanh bán và cho thuê. Hotline : [phone_number]",Hồ Chí Minh,Biệt thự/Nhà liền kề,200000000000,1053.0,40000000000.0,4.0,mismatch,"[{""source"": ""title"", ""text"": ""40 tỷ bán biệt thự k"", ""parsed_value_vnd"": 40000000000.0, ""basis"": ""total"", ""total_equivalent_vnd"": 40000000000.0}, {""source"": ""description"", ""text"": ""40 tỷ bán biệt thự k"", ""parsed_value_vnd"": 40000000000.0, ""basis"": ""total"", ""total_equivalent_vnd"": 40000000000.0}, {""source"": ""description"", ""text"": ""200 tỷ ( có thương lư"", ""parsed_value_vnd"": 200000000000.0, ""basis"": ""total"", ""total_equivalent_vnd"": 200000000000.0}]"
shard_0001.parquet,73795,"Bán căn hộ Jade Square Phạm Văn Đồng, CH 2 - 3pn, trả trước 20% kí HĐMB, 2027 bàn giao","Trả trước chỉ từ 1 tỷ/ căn sở hữu ngay căn hộ cao cấp đối diện KĐT Ciputra. Tên dự án: Jade Square Phạm Văn Đồng, KĐT Bắc cổ nhuế, cách đường Vành Đai 3 chỉ 200m. Thời gian bàn giao nhà: Quý 3/2027. Pháp lý sở hữu lâu dài. Diện tích căn hộ: - Căn hộ 2PN 72,1 79,2m2. - Căn hộ 2PN 1 đa năng 80,6m2 87,6m2. - Căn hộ 3PN 1 đa năng 125,1m2 125,8m2. - Căn hộ 4PN: 152,7m2 tỷ lệ 2%. + Vị trí dự án: + Chủ đầu tư CTCP BĐS JS - phát triển bởi Infinity Group. + Giai đoạn 1: 6,8ha mật độ xây dừng 39% gồm 5 toà chung cư căn hộ S1 - 2 - 3. Và CT1 - 2 tổng 1275 căn hộ, 104 căn liền kề và 20 căn biệt thự. + Quy mô 3 toà cao 26 tầng, Mỗi sàn căn hộ có 3 thang máy, Số lượng sản phẩm căn hộ 3 toà. - 249 căn / 1 toà. - Tổng 747 căn. + Cơ cấu tầng: 2 tầng Shophouse thông tầng 1,2 tầng kỹ thuật. 21 tầng căn hộ thường, 3 tầng hầm. + Tầng 3: Văn phòng cho thuê, phòng sinh hoạt cộng đồng 200m2, góc vui chơi trẻ em",Hà Nội,Căn hộ chung cư,6448000000,80.6,2000000000.0,2.224,mismatch,"[{""source"": ""description"", ""text"": ""2 tỷ lệ 2%. + Vị tr"", ""parsed_value_vnd"": 2000000000.0, ""basis"": ""total"", ""total_equivalent_vnd"": 2000000000.0}]"
shard_0000.parquet,202286,"Bán gấp suất đầu tư căn hộ tại Origami 2PN, View Vườn Nhật, Hồ Cá Koi - Giá sau chiết khấu cực tốt!","Cơ hội sở hữu căn hộ 2PN đẳng cấp tại phân khu The Origami, dự án Vinhomes Grand Park với mức giá không thể tốt hơn. Căn hộ S6.0627.04 tọa lạc tại vị trí đắc địa, tầng cao thoáng mát, sở hữu tầm view nội khu tuyệt đẹp. Thông tin chi tiết căn hộ: Tòa S6.06, tầng 27, căn số 04 - 2 Phòng ngủ. Phân khu: The Origami. Diện tích tim tường: 59.2m. Hướng view: Ban công nhìn trực diện Vườn Nhật nội khu và Hồ bơi S7 Tầm view triệu đô, yên tĩnh và thư thái. Tình trạng bàn giao: Theo tiêu chuẩn của Chủ đầu tư. Pháp lý: Sở hữu lâu dài. ---------------- Chính sách ưu đãi (đã bao gồm VAT & KPBT): Ưu đãi voucher nội thất (1%): 42,164,544 VNĐ. Chiết khấu lên đến hơn 1 Tỷ. GIÁ BÁN: 3,172,460,325 VNĐ. Tiến độ thanh toán linh hoạt: Đặt cọc (TTĐC): 50,000,000 VNĐ (Ngày 23/05/2025). Đợt 1 (Ký HĐMB - 15 ngày sau TTĐC): 07/06/2025 - 10% giá bán (Đã trừ tiền cọc). Các đợt tiếp theo: Thanh toán giãn 5% giá bán mỗi",Hồ Chí Minh,Căn hộ chung cư,3170000000,59.2,1000000000.0,2.17,mismatch,"[{""source"": ""description"", ""text"": ""1 Tỷ. GIÁ BÁN: 3,17"", ""parsed_value_vnd"": 1000000000.0, ""basis"": ""total"", ""total_equivalent_vnd"": 1000000000.0}]"
shard_0009.parquet,193557,Bán căn hộ Tòa B Sông Nhuệ 78m² 3PN 2WC View bể bơi Sổ đỏ,"Bán căn hộ Tòa B Sông Nhuệ, diện tích 78m², đã sửa thành 3 phòng ngủ 2 vệ sinh, tối ưu công năng cho gia đình đông người. Cửa Tây Bắc, ban công Đông Nam, nhà mát mẻ quanh năm. View trực diện bể bơi, thoáng và rất dễ chịu khi ở. Nội thất để lại như hình thực tế, khách có thể vào ở ngay hoặc chỉnh sửa theo nhu cầu. Pháp lý: Sổ đỏ chính chủ Giá 4.95 tỷ (không bao sang tên có thương lượng) Phân khúc 78m² sửa 3PN tại Sông Nhuệ không nhiều căn bán. Căn này view đẹp, giá tốt Liên hệ xem nhà: Nhung [phone_number]",Hà Nội,Căn hộ chung cư,0,78.0,4950000000.0,1.0,mismatch,"[{""source"": ""description"", ""text"": ""4.95 tỷ (không bao san"", ""parsed_value_vnd"": 4950000000.0, ""basis"": ""total"", ""total_equivalent_vnd"": 4950000000.0}]"
shard_0008.parquet,338745,GẤP BÁN NHÀ 100m2 - 4 TẦNG 5PN - HXH NHỈNH 9 TỶ CÒN TL,"BÁN NHÀ AN NHƠN GÒ VẤP HẺM XE HƠI GIÁ TỐT Địa chỉ: P. An Nhơn, Gò Vấp Giá bán: 9.7tỷ (thương lượng) Kết cấu: 1 trệt 1 lửng 3 lầu + sân thượng 5 phòng ngủ 6 WC sân đậu ô tô 5m Hẻm lớn hơn đường chính, thông thoáng, vị trí cực đẹp Ưu điểm nổi bật: Gần chợ An Nhơn, ngã 4 Nguyễn Oanh Lê Đức Thọ Khu dân cư đông, tiện kinh doanh ở ngay Sổ hồng riêng, pháp lý chuẩn, công chứng nhanh Liên hệ ngay: Hải Châu",Hồ Chí Minh,Nhà,0,100.0,9000000000.0,1.0,mismatch,"[{""source"": ""title"", ""text"": ""9 TỶ CÒN TL"", ""parsed_value_vnd"": 9000000000.0, ""basis"": ""total"", ""total_equivalent_vnd"": 9000000000.0}, {""source"": ""description"", ""text"": ""9.7tỷ (thương lượng)"", ""parsed_value_vnd"": 9700000000.0, ""basis"": ""total"", ""total_equivalent_vnd"": 9700000000.0}]"
shard_0007.parquet,284087,"Bán gấp nhà ngay Trần Phú, ngay KĐT Mỗ Lao - 51m2x4T full nội thất mặt ngõ thông 10m ôtô đỗ gần","Bán gấp nhà ngay Trần Phú, ngay KĐT Mỗ Lao - 51m2 x 4 tầng full nội thất mặt ngõ thông 10m. Ôtô đỗ gần. Diện tích: 51m2. Nhà xây: 4 tầng kiên cố. Giá nhỉnh 7 tỷ (thương lượng thêm). + Vị trí: Nằm ngay khu Văn Quán, Mỗ Lao, trung tâm quận Hà Đông. Mặt ngõ thông ra thẳng đường Trần Phú, ga Văn Quán, Hồ Gươm Plaza. Cách mặt phố ~40m. Gần ga Văn Quán, Trần Phú, di chuyển Nguyễn Trãi, nội đô cực thuận tiện. + Thiết kế: Tầng 1: Phòng khách + bếp, nhà để xe, sân. Tầng 2, 3: Mỗi tầng 2PN, vệ sinh giữa. Tầng 4: Phòng thờ + sân phơi. Tiện ích xung quanh đầy đủ: Chợ Văn Quán, trường cấp 12, trung tâm thương mại, khu dân cư đông đúc. Pháp lý: Sổ đỏ chính chủ. Liên hệ xem nhà: [phone_number]Zalo).",Hà Nội,Nhà,0,51.0,7000000000.0,1.0,mismatch,"[{""source"": ""description"", ""text"": ""7 tỷ (thương lượng "", ""parsed_value_vnd"": 7000000000.0, ""basis"": ""total"", ""total_equivalent_vnd"": 7000000000.0}]"
shard_0008.parquet,29397,"Alluvia bán nhanh căn 3n góc - 115m2 - tầng trung - hướng mát - Giá chỉ từ 8,2 tỷ full VAT","Chính thức mở bán căn hộ cao cấp Alumi - tại Aluvia City. * Mặt bằng tầng điển hình: - 17 căn/sàn - bố trí thoáng và rộng rãi. - Cơ cấu căn linh hoạt: + 3PN: 115m2 - 125 m². + Căn Duplex: 93,8 m² - 225,9 m². --------------------------------------------------- Điểm nhấn nổi bật của. Tầng 1, 2: Shophouse & TMDV tâm điểm giao thương ngay dưới nhà. Tầng 3: Phòng SHCĐ Yoga Bể bơi hệ tiện ích giúp tái tạo năng lượng từng ngày. Tầng 4 - 19 & 22 - 37: Mỗi tầng 23 căn tối ưu gió trời & ánh sáng tự nhiên. Tầng 20 - 21: Duplex thông tầng riêng tư, đẳng cấp, giới hạn chủ nhân. Penthouse: Chỉ 11 căn/tầng (2 tầng) biểu tượng sống khác biệt, dành cho số ít. -------------------------------------------- * Các điểm nhấn nổi bật. - Cầu Ngọc Hồi đang được thi công và dự kiến bàn giao vào 2027. - Vành đai 3.5 - trí kết nối Hà Nội nhanh chóng qua các trục huyết mạch. - Con đường di sản ven Sông Hồng. - Bến du",Hưng Yên,Căn hộ chung cư,0,115.0,8199999999.999999,1.0,mismatch,"[{""source"": ""title"", ""text"": ""8,2 tỷ full VAT"", ""parsed_value_vnd"": 8199999999.999999, ""basis"": ""total"", ""total_equivalent_vnd"": 8199999999.999999}]"
shard_0009.parquet,341900,"Bán nhanh lô 150m2 Kỳ Liên, ngay gần nhà máy Vinfast nhỉnh 1 tỷ, Liên hệ Em Anh: [phone_number]","Bán nhanh lô 150m2 Kỳ Liên ngay gần nhà máy nhỉnh 1 tỷ, Liên hệ Em Anh: [phone_number]: - Cách QL1A chỉ 200m, cổng chào Kỳ liên đi vào khoảng 200m - Ngay khu nhà ở Hàn Quốc Dream city - Cách nhà máy Vinfast, Formosa, Khu công nghiệp Vũng Áng chỉ 3p di chuyển - Đất ở đô thị, dân cư hiện hữu xunh quanh - Đường nhựa 6m, vỉa hè mỗi bên 3m, tổng đường 12m - Sẵn sổ sang tên chuyển nhượng - Call Em Anh: [phone_number]",Hà Tĩnh,Đất,0,150.0,1000000000.0,1.0,mismatch,"[{""source"": ""title"", ""text"": ""1 tỷ, Liên hệ Em An"", ""parsed_value_vnd"": 1000000000.0, ""basis"": ""total"", ""total_equivalent_vnd"": 1000000000.0}, {""source"": ""description"", ""text"": ""1 tỷ, Liên hệ Em An"", ""parsed_value_vnd"": 1000000000.0, ""basis"": ""total"", ""total_equivalent_vnd"": 1000000000.0}]"
shard_0008.parquet,183548,"Chính chủ bán căn OT 38m2 1,363 tỷ ban công Đông Nam view trực diện Công Viên giá tốt","Chính chủ bán căn OT 38m2 1,363 tỷ ban công Đông Nam view trực diện Công Viên giá tốt. Hỗ trợ đổi tên ngay trực tiếp CĐT. Vị trí đắc giá. Mặt tiền Lái Thiêu 14. Liền kề Metro số 2. Gần Aeon Mall Lotte VSIP Sóng Thần Việt Hương. Trường học, bệnh viện, TTHC chỉ 25 phút di chuyển. Quy mô & tiện ích. 2 block 33 tầng hơn 1.400 căn. Hồ bơi tràn gia nhiệt, công viên xanh, khu trẻ em. Gym Yoga Spa TTTM An ninh 24/7. Thiết kế thông minh, đón gió & ánh sáng tự nhiên. Liên hệ em Trí [phone_number] làm việc trực tiếp.",Bình Dương,Căn hộ chung cư,1360000000,38.0,1363000000000.0,0.999002201027146,mismatch,"[{""source"": ""title"", ""text"": ""1,363 tỷ ban công Đông "", ""parsed_value_vnd"": 1363000000000.0, ""basis"": ""total"", ""total_equivalent_vnd"": 1363000000000.0}, {""source"": ""description"", ""text"": ""1,363 tỷ ban công Đông "", ""parsed_value_vnd"": 1363000000000.0, ""basis"": ""total"", ""total_equivalent_vnd"": 1363000000000.0}]"
shard_0000.parquet,93225,"Bán đất TĐC Kiến Thiết, Sở Dầu, Hồng Bàng, Hải Phòng. 54m-ngang 4,5m-66,5tr/m2. Lh [phone_number]","Bán đất TĐC Kiến Thiết, Sở Dầu, Hồng Bàng, Hải Phòng. 54m-ngang 4,5m-66,5tr/m2 DT :54m2- Hướng: TB- Đường: 10m. Cách vườn hoa 2 nhà.đẹp không tỳ vết. Giá bán :66,5 triệu/m2. Vị trí tây tứ mệnh SIÊU ĐẸP được bán ra, xung quanh đang xây dựng khá kín, đường xá đồng bộ.. Gần các cơ quan Hành Chính. Full tiện ích Sổ đỏ chính chủ LH e Dũng (sđt/zalo): [phone_number] để xem đất biết thêm thông tin bđs.",Hải Phòng,Đất,3590000,54.0,3591000000.0,0.9990002784739627,mismatch,"[{""source"": ""title"", ""text"": ""66,5tr/m2. Lh [phone_"", ""parsed_value_vnd"": 66500000.0, ""basis"": ""per_m2"", ""total_equivalent_vnd"": 3591000000.0}, {""source"": ""description"", ""text"": ""66,5tr/m2 DT :54m2- H"", ""parsed_value_vnd"": 66500000.0, ""basis"": ""per_m2"", ""total_equivalent_vnd"": 3591000000.0}, {""source"": ""description"", ""text"": ""66,5 triệu/m2. Vị trí tây"", ""parsed_value_vnd"": 66500000.0, ""basis"": ""per_m2"", ""total_equivalent_vnd"": 3591000000.0}]"
shard_0009.parquet,165232,"Bán lô đất (DT: 78m2) đường F9 sau lưng trường học Nguyễn Bỉnh Khiêm Bửu Long 3. Giá chỉ 3,450 tỷ","Bán lô đất (DT: 78m2) đường F9 sau lưng trường học Nguyễn Bỉnh Khiêm Bửu Long 3. Giá chỉ 3,450 tỷ. Nay sát nhập là - phường Trấn Biên. - Diện tích: 78m2= (ngang 4.2m x 18,6m). - Sổ hồng riêng, thổ cư 100%. Xây dựng tự do. - Đường rộng 8m + vỉa hè 3m và lối thoát hiểm 2m. Khu dân cư cơ sở hạ tầng chuẩn, điện âm, nước máy, và cây xanh đầy đủ. - Giá bán: 3 tỷ 450 triệu (bank hỗ trợ 70%). Alo em: [phone_number] xem đất LVCC. Em nhận mua bán ký gởi nhà đất.",Đồng Nai,Đất,3450000000,78.0,3450000000000.0,0.999,mismatch,"[{""source"": ""title"", ""text"": ""3,450 tỷ"", ""parsed_value_vnd"": 3450000000000.0, ""basis"": ""total"", ""total_equivalent_vnd"": 3450000000000.0}, {""source"": ""description"", ""text"": ""3,450 tỷ. Nay sát nhập "", ""parsed_value_vnd"": 3450000000000.0, ""basis"": ""total"", ""total_equivalent_vnd"": 3450000000000.0}, {""source"": ""description"", ""text"": ""3 tỷ 450 triệu (ban"", ""parsed_value_vnd"": 3450000000.0, ""basis"": ""total"", ""total_equivalent_vnd"": 3450000000.0}]"
shard_0009.parquet,145707,Chính chủ bán nhà 75m2 Centa Diamond vị trí đẹp giá tốt nhất,"Cần tiền bán căn nhà 4 tầng 75m2 ngay cạnh chung cư, gần trường học và công viên trung tâm. Đường rộng thông thoáng. Sẵn sổ hồng sang tên luôn. Giá chỉ 6,150 tỷ bao phí Liên hệ gặp chính chủ",Bắc Ninh,Biệt thự/Nhà liền kề,6150000000,75.0,6150000000000.0,0.999,mismatch,"[{""source"": ""description"", ""text"": ""6,150 tỷ bao phí Liên h"", ""parsed_value_vnd"": 6150000000000.0, ""basis"": ""total"", ""total_equivalent_vnd"": 6150000000000.0}]"
shard_0001.parquet,301786,"Bán gấp TT Avio 2PN, 1WC ban công giá tốt nhất dự án 2,150tỷ. Thanh toán 20% đến khi nhận nhà","TT Avio 2PN, 1WC ban công giá tốt nhất dự án 2,150tỷ. Thanh toán 20% đến khi nhận nhà. TT Avio Sống chất không phải là khẩu hiệu mà là một không gian sống đỉnh cao giữa siêu đô thịhot nhất khu Đông TP. HCM. 1/Thông tin dự án: Tên dự án: TT Avio. Vị trí dự án: DT743C, Phường Tân Đông Hiệp, TP. Dĩ An, Tỉnh Bình Dương. Tổng thầu xây dựng: Ricons. Giám sát thi công: Core Asia. 2/ Tổng diện tích: 1,6 ha. Khởi công xây dựng: Quí 3/2024. Dự kiến bàn giao: Quý 4/ 2027. Quy mô dự án: Tổng quy mô 2000 căn hộ & Shophouse. + Tầng hầm: 3 hầm Với 2 Tháp Căn hộ Avis và Orion. + Chiều cao: 30 - 37 tầng. 3/ Vị trí trung tâm kết nối vô cùng thuận lợi: Bán kính 3 - 5 km đầy đủ tất cả tiện ích ngoại khu sầm uất hiện hữu, từ vui chơi giải trí, mua sắm, y tế, giáo dục. KCN Sóng Thần 1,2. KCN Tân Đông Hiệp... Cách Vincom Plaza chỉ 1Km. Aeon chỉ 5p đi xe. Hệ thống trường học. Bệnh viện quốc tế chỉ trong bán kín",Bình Dương,Căn hộ chung cư,2150000000,56.0,2150000000000.0,0.999,mismatch,"[{""source"": ""title"", ""text"": ""2,150tỷ. Thanh toán 20"", ""parsed_value_vnd"": 2150000000000.0, ""basis"": ""total"", ""total_equivalent_vnd"": 2150000000000.0}, {""source"": ""description"", ""text"": ""2,150tỷ. Thanh toán 20"", ""parsed_value_vnd"": 2150000000000.0, ""basis"": ""total"", ""total_equivalent_vnd"": 2150000000000.0}, {""source"": ""description"", ""text"": ""440 triệu) đến khi nhận "", ""parsed_value_vnd"": 440000000.0, ""basis"": ""total"", ""total_equivalent_vnd"": 440000000.0}]"
